Product,Region,Year,Sales
Roomba i7+,Europe - Eastern,2021,1706.2
Samsung QLED TV,Oceania - Australia,2019,4881.05
Pottery Barn Dining Table,Africa - Southern,2023,6608.52
Microsoft Surface Pro,Europe - Northern,2024,15022.46
Nike Air Force 1,Latin America - Southern,2020,108.36
AirPods Pro,Africa - Eastern,2021,1040.31
Sony WH-1000XM5,Latin America - Northern,2023,1840.88
Dell XPS 13,Latin America - Central,2022,4729.9
Ray-Ban Aviators,Middle East - Gulf,2022,681.27
LG OLED TV,Africa - Western,2023,6230.47
Xbox Series X,Latin America - Southern,2019,983.13
Apple Watch Series 8,Oceania - Australia,2020,1218.62
Pottery Barn Dining Table,Africa - Western,2024,3086.83
KitchenAid Mixer,Middle East - Gulf,2024,4089.63
Levi's 501 Jeans,Latin America - Northern,2022,207.46
Dell XPS 13,Europe - Southern,2023,1281.34
Xbox Series X,Europe - Eastern,2020,915.12
Microsoft Surface Pro,Middle East - Gulf,2021,1205.46
Lululemon Align Leggings,Europe - Western,2024,434.32
MacBook Air M2,North America - East,2019,8801.12
Rolex Submariner,North America - East,2019,5220.72
MacBook Air M2,Latin America - Southern,2019,2503.97
KitchenAid Mixer,North America - Central,2023,3919.72
Ninja Air Fryer,Latin America - Northern,2019,121.74
iPad Pro,Middle East - Gulf,2019,4836.43
Rolex Submariner,Middle East - Gulf,2022,12891.42
Xbox Series X,Asia - Eastern,2021,3860.24
GoPro Hero 11,Africa - Western,2023,2111.29
Pottery Barn Dining Table,Oceania - New Zealand,2022,9999.74
Lululemon Align Leggings,Oceania - Australia,2023,159.39
West Elm Sofa,North America - East,2024,19730.06
Pottery Barn Dining Table,North America - Central,2019,3356.98
iPhone 14 Pro,Africa - Southern,2024,2903.39
Instant Pot Pro,Asia - Southern,2020,198.48
West Elm Sofa,Europe - Southern,2019,7442.03
Tempur-Pedic Mattress,Asia - Southeastern,2020,4118.67
Instant Pot Pro,Europe - Northern,2020,850.64
Xbox Series X,Latin America - Southern,2024,3262.94
AirPods Pro,North America - West,2022,2547.81
Apple Watch Series 8,Europe - Western,2024,300.81
Adidas Ultraboost,Africa - Eastern,2024,134.59
Canon EOS R6,Europe - Southern,2019,12435.51
Instant Pot Pro,Middle East - Gulf,2021,728.53
KitchenAid Mixer,Latin America - Central,2019,349.91
Apple Watch Series 8,Oceania - New Zealand,2021,239.91
Apple Watch Series 8,North America - Central,2021,1594.27
Google Pixel 7,North America - East,2024,4206.18
LG OLED TV,Europe - Southern,2021,1782.96
Nespresso Vertuo,Africa - Western,2022,117.48
Herman Miller Chair,Asia - Southern,2020,3277.11
Levi's 501 Jeans,Latin America - Northern,2023,152.46
Nike Air Force 1,Middle East - Levant,2020,234.07
Nintendo Switch OLED,Oceania - Australia,2021,410.41
Herman Miller Chair,Asia - Eastern,2022,3744.74
Nintendo Switch OLED,Europe - Southern,2021,1623.97
Nespresso Vertuo,Africa - Eastern,2019,488.02
KitchenAid Mixer,Asia - Eastern,2024,2841.08
Instant Pot Pro,Africa - Southern,2020,427.19
Roomba i7+,Latin America - Southern,2024,3150.95
GoPro Hero 11,North America - West,2019,2590.12
Pottery Barn Dining Table,Latin America - Southern,2021,3371.39
Ray-Ban Aviators,Europe - Southern,2023,461.05
Rolex Submariner,Latin America - Southern,2023,25840.26
MacBook Air M2,Asia - Southern,2023,10835.22
iPad Pro,Middle East - Gulf,2023,4696.2
Samsung QLED TV,Europe - Eastern,2023,9187.86
iPhone 14 Pro,Europe - Northern,2022,7545.63
Google Pixel 7,Europe - Southern,2022,3447.78
Lululemon Align Leggings,Oceania - Australia,2022,146.71
Nespresso Vertuo,Europe - Southern,2022,638.72
Ray-Ban Aviators,Africa - Western,2020,178.19
Ninja Air Fryer,Middle East - Gulf,2020,725.33
Ninja Air Fryer,Europe - Western,2023,1253.41
AirPods Pro,Asia - Southern,2019,380.81
Google Pixel 7,Asia - Southeastern,2022,4187.5
Xbox Series X,Asia - Eastern,2022,463.01
Roomba i7+,Europe - Northern,2019,3440.94
LG OLED TV,Europe - Northern,2023,7058.14
Microsoft Surface Pro,Europe - Southern,2019,923.95
Lululemon Align Leggings,North America - Central,2024,563.53
GoPro Hero 11,Europe - Southern,2021,1011.77
Adidas Ultraboost,Latin America - Southern,2019,346.01
Levi's 501 Jeans,North America - East,2022,558.27
Microsoft Surface Pro,Oceania - Australia,2020,10759.97
Levi's 501 Jeans,North America - West,2021,81.55
Samsung Galaxy S23,Africa - Southern,2022,702.33
Dell XPS 13,Europe - Eastern,2019,2891.61
Nike Air Force 1,Oceania - Australia,2022,70.74
Apple Watch Series 8,Latin America - Northern,2023,645.59
Sony WH-1000XM5,Africa - Southern,2023,2708.31
Samsung Galaxy S23,Latin America - Southern,2020,1829.47
West Elm Sofa,North America - West,2020,6633.13
Canon EOS R6,North America - West,2020,11157.9
Samsung Galaxy S23,Middle East - Levant,2019,3402.95
Ninja Air Fryer,Middle East - Gulf,2022,1026.48
Levi's 501 Jeans,Asia - Eastern,2022,57.94
Nespresso Vertuo,Europe - Southern,2024,356.26
Ninja Air Fryer,Europe - Southern,2022,882.98
Samsung QLED TV,Middle East - Levant,2020,3700.66
AirPods Pro,Africa - Western,2020,1308.41
Levi's 501 Jeans,Oceania - Australia,2022,278.75
Dyson V11 Vacuum,Africa - Western,2019,1131.66
Xbox Series X,Africa - Eastern,2019,869.78
Canon EOS R6,Asia - Eastern,2020,10365.3
iPad Pro,Asia - Southern,2024,2671.5
Instant Pot Pro,Middle East - Levant,2021,717.65
Lululemon Align Leggings,Europe - Western,2022,72.63
iPad Pro,Europe - Western,2023,6997.0
West Elm Sofa,Africa - Western,2024,8208.34
GoPro Hero 11,Africa - Eastern,2024,2729.07
Google Pixel 7,Europe - Eastern,2020,3711.63
Samsung Galaxy S23,Africa - Eastern,2023,1883.54
Dyson V11 Vacuum,North America - Central,2021,3151.99
Breville Coffee Maker,Africa - Southern,2019,1028.34
iPhone 14 Pro,Africa - Western,2020,3904.7
Instant Pot Pro,Middle East - Gulf,2021,728.53
Pottery Barn Dining Table,Latin America - Southern,2021,3371.39
Lululemon Align Leggings,Oceania - New Zealand,2020,286.63
Nespresso Vertuo,Latin America - Southern,2021,644.04
Adidas Ultraboost,Europe - Northern,2022,486.7
Dyson V11 Vacuum,Latin America - Southern,2022,2444.2
Xbox Series X,Oceania - Australia,2021,2198.06
AirPods Pro,Latin America - Northern,2022,189.71
iPad Pro,Europe - Eastern,2020,4680.08
Vitamix Blender,Middle East - Levant,2020,1041.11
Breville Coffee Maker,North America - East,2023,1688.78
Google Pixel 7,Africa - Western,2022,2427.74
iPad Pro,Oceania - New Zealand,2022,2095.0
AirPods Pro,Asia - Southeastern,2022,670.65
Levi's 501 Jeans,North America - Central,2024,660.0
Microsoft Surface Pro,Latin America - Central,2023,1578.78
Apple Watch Series 8,Middle East - Gulf,2020,1021.25
Microsoft Surface Pro,Europe - Southern,2019,923.95
Ninja Air Fryer,Africa - Western,2023,518.53
GoPro Hero 11,Middle East - Levant,2020,2128.38
Lululemon Align Leggings,Latin America - Northern,2021,230.99
Lululemon Align Leggings,Middle East - Levant,2021,319.89
Microsoft Surface Pro,Europe - Western,2020,8689.08
Dyson V11 Vacuum,Middle East - Gulf,2020,4224.79
AirPods Pro,Africa - Southern,2022,477.6
Vitamix Blender,Europe - Southern,2024,1447.19
MacBook Air M2,Latin America - Southern,2021,806.78
Nespresso Vertuo,Africa - Western,2022,117.48
Nespresso Vertuo,North America - Central,2021,305.58
Tempur-Pedic Mattress,Oceania - Australia,2019,10357.13
AirPods Pro,Africa - Eastern,2020,154.21
Xbox Series X,Middle East - Levant,2019,1533.78
Ray-Ban Aviators,Europe - Southern,2021,139.4
Microsoft Surface Pro,Latin America - Northern,2021,1876.89
Nike Air Force 1,Oceania - New Zealand,2023,549.84
Microsoft Surface Pro,Oceania - New Zealand,2020,4532.34
IKEA Billy Bookcase,Latin America - Southern,2021,309.31
AirPods Pro,Latin America - Northern,2024,893.3
Ninja Air Fryer,Africa - Southern,2022,421.29
Canon EOS R6,Latin America - Central,2024,13282.82
Microsoft Surface Pro,North America - Central,2020,9493.98
Pottery Barn Dining Table,Europe - Southern,2022,10691.74
Dyson V11 Vacuum,Europe - Western,2020,934.4
Samsung Galaxy S23,Europe - Northern,2021,6560.98
iPad Pro,Europe - Southern,2024,8833.07
iPhone 14 Pro,Europe - Southern,2023,6409.06
Dell XPS 13,Europe - Western,2022,7743.34
iPad Pro,Asia - Eastern,2022,8080.28
Xbox Series X,Africa - Southern,2022,1884.93
Instant Pot Pro,Europe - Western,2022,164.29
Ninja Air Fryer,Oceania - Australia,2024,1161.72
Nike Air Force 1,Asia - Eastern,2019,49.03
West Elm Sofa,Latin America - Northern,2022,1718.99
Nike Air Force 1,Asia - Eastern,2024,169.16
Breville Coffee Maker,Latin America - Southern,2022,1813.38
MacBook Air M2,Europe - Western,2023,6436.99
KitchenAid Mixer,Asia - Southeastern,2020,1545.63
Levi's 501 Jeans,Latin America - Central,2022,135.3
IKEA Billy Bookcase,Oceania - Australia,2022,607.73
Breville Coffee Maker,North America - East,2020,1982.83
Nintendo Switch OLED,Africa - Eastern,2020,866.26
Dyson V11 Vacuum,Latin America - Central,2019,1980.2
PlayStation 5,Europe - Eastern,2023,3145.34
Instant Pot Pro,Africa - Southern,2023,108.36
PlayStation 5,Oceania - New Zealand,2021,1454.93
iPad Pro,Africa - Southern,2023,1982.47
Sony WH-1000XM5,Latin America - Northern,2023,1840.88
Microsoft Surface Pro,Africa - Western,2022,763.46
Instant Pot Pro,Middle East - Levant,2023,116.76
Breville Coffee Maker,North America - West,2019,1982.61
KitchenAid Mixer,Latin America - Northern,2021,1045.49
AirPods Pro,Europe - Southern,2024,1196.76
Samsung QLED TV,Europe - Eastern,2023,9187.86
Samsung QLED TV,Africa - Southern,2020,7006.87
Tempur-Pedic Mattress,Latin America - Northern,2024,8974.62
Nike Air Force 1,Middle East - Levant,2019,329.95
GoPro Hero 11,Europe - Northern,2023,2801.56
Canon EOS R6,Oceania - New Zealand,2024,11627.74
Lululemon Align Leggings,Asia - Southeastern,2020,99.41
Tempur-Pedic Mattress,North America - Central,2023,1939.18
Microsoft Surface Pro,Asia - Southeastern,2024,7113.0
Samsung Galaxy S23,North America - West,2021,5246.16
Samsung QLED TV,Africa - Southern,2022,2142.47
Rolex Submariner,Middle East - Levant,2019,3063.23
Microsoft Surface Pro,Latin America - Southern,2022,8920.6
Vitamix Blender,Latin America - Northern,2020,1554.66
iPhone 14 Pro,Africa - Eastern,2022,3786.53
IKEA Billy Bookcase,Asia - Eastern,2021,173.66
KitchenAid Mixer,Latin America - Central,2024,1385.23
West Elm Sofa,Middle East - Levant,2022,7825.05
AirPods Pro,Europe - Western,2019,758.98
Pottery Barn Dining Table,Africa - Eastern,2019,3533.25
Sony WH-1000XM5,Latin America - Central,2024,380.6
Google Pixel 7,Latin America - Southern,2022,3459.1
Instant Pot Pro,Africa - Southern,2021,582.55
Xbox Series X,Africa - Eastern,2022,904.16
Vitamix Blender,Latin America - Southern,2023,280.26
Canon EOS R6,Europe - Eastern,2023,19307.71
Ninja Air Fryer,Europe - Eastern,2021,541.51
iPad Pro,Latin America - Central,2022,3480.04
MacBook Air M2,Europe - Eastern,2022,7570.39
Xbox Series X,Asia - Eastern,2020,4101.6
Ninja Air Fryer,Oceania - Australia,2020,327.19
Breville Coffee Maker,North America - Central,2022,788.62
PlayStation 5,Africa - Eastern,2021,1204.23
Apple Watch Series 8,Europe - Southern,2019,813.83
Apple Watch Series 8,Asia - Southeastern,2022,977.83
Levi's 501 Jeans,North America - West,2021,81.55
Microsoft Surface Pro,Europe - Eastern,2022,9806.56
Xbox Series X,Oceania - New Zealand,2020,3440.43
KitchenAid Mixer,Europe - Western,2021,2547.17
Tempur-Pedic Mattress,Asia - Southeastern,2022,10178.54
Ninja Air Fryer,Latin America - Central,2024,281.24
Nespresso Vertuo,Latin America - Central,2020,364.61
GoPro Hero 11,North America - Central,2020,1224.84
Dell XPS 13,Asia - Eastern,2023,4379.77
Sony WH-1000XM5,Asia - Eastern,2019,293.29
Samsung Galaxy S23,Latin America - Northern,2023,3652.24
Dyson V11 Vacuum,Africa - Southern,2020,2471.26
Lululemon Align Leggings,Latin America - Southern,2024,237.19
Samsung QLED TV,Latin America - Southern,2023,6533.47
KitchenAid Mixer,Middle East - Levant,2020,843.53
Ray-Ban Aviators,Asia - Eastern,2019,68.46
Nintendo Switch OLED,Africa - Eastern,2022,237.13
Herman Miller Chair,North America - Central,2023,5124.55
Canon EOS R6,Europe - Northern,2019,15491.21
KitchenAid Mixer,Latin America - Central,2020,448.22
Nike Air Force 1,Latin America - Southern,2020,108.36
Google Pixel 7,Europe - Southern,2020,1588.39
Vitamix Blender,Europe - Northern,2022,708.72
Pottery Barn Dining Table,Europe - Southern,2022,10691.74
Tempur-Pedic Mattress,Middle East - Levant,2020,6838.38
Samsung Galaxy S23,Latin America - Central,2023,2697.64
Samsung QLED TV,Europe - Southern,2021,2954.56
PlayStation 5,Asia - Eastern,2020,1392.72
Tempur-Pedic Mattress,North America - Central,2023,1939.18
Samsung Galaxy S23,Africa - Southern,2023,3859.87
Google Pixel 7,Africa - Southern,2020,344.85
KitchenAid Mixer,Europe - Western,2019,1291.33
Dyson V11 Vacuum,Europe - Southern,2019,1661.93
iPad Pro,Latin America - Southern,2021,6644.56
West Elm Sofa,Asia - Southern,2023,8055.18
Pottery Barn Dining Table,Africa - Western,2024,3086.83
KitchenAid Mixer,Europe - Northern,2021,1159.23
Dyson V11 Vacuum,Asia - Southern,2019,1107.62
Rolex Submariner,Europe - Southern,2019,23741.44
Google Pixel 7,Middle East - Levant,2024,3602.48
MacBook Air M2,Latin America - Northern,2023,7322.32
AirPods Pro,Latin America - Southern,2022,1077.37
MacBook Air M2,Latin America - Northern,2020,2511.21
Google Pixel 7,Europe - Northern,2020,2996.72
Canon EOS R6,Middle East - Gulf,2024,25207.2
Google Pixel 7,North America - East,2024,4206.18
Xbox Series X,Middle East - Levant,2021,1372.02
Pottery Barn Dining Table,Asia - Eastern,2022,1046.91
Lululemon Align Leggings,Asia - Southern,2021,254.02
Ninja Air Fryer,Asia - Southeastern,2024,861.63
Roomba i7+,Middle East - Levant,2023,2605.68
Dyson V11 Vacuum,Asia - Southern,2023,1365.64
West Elm Sofa,Africa - Eastern,2020,5328.52
iPhone 14 Pro,Oceania - Australia,2024,8164.64
iPad Pro,North America - Central,2022,6398.2
Samsung Galaxy S23,Africa - Southern,2024,3729.0
iPhone 14 Pro,Europe - Northern,2021,6412.19
Lululemon Align Leggings,North America - East,2020,291.75
Microsoft Surface Pro,Asia - Southeastern,2023,2612.38
Nintendo Switch OLED,Europe - Western,2019,1426.53
Sony WH-1000XM5,Latin America - Southern,2022,1607.25
Adidas Ultraboost,Oceania - Australia,2019,194.1
iPhone 14 Pro,Middle East - Gulf,2021,2662.01
Vitamix Blender,North America - Central,2022,439.71
Canon EOS R6,Middle East - Levant,2019,7347.45
Adidas Ultraboost,Middle East - Levant,2022,564.65
GoPro Hero 11,Asia - Eastern,2023,2708.97
Levi's 501 Jeans,Africa - Eastern,2021,150.78
Roomba i7+,Europe - Western,2020,3990.93
GoPro Hero 11,North America - East,2024,2345.03
Adidas Ultraboost,Asia - Southeastern,2022,833.03
GoPro Hero 11,Asia - Eastern,2020,1117.04
Adidas Ultraboost,Middle East - Gulf,2019,250.72
Herman Miller Chair,Middle East - Levant,2022,2573.31
Google Pixel 7,North America - West,2024,5901.37
Breville Coffee Maker,North America - East,2021,763.49
Vitamix Blender,Europe - Western,2022,2789.67
Breville Coffee Maker,Latin America - Northern,2022,364.87
Breville Coffee Maker,Asia - Southeastern,2021,166.81
Google Pixel 7,Oceania - Australia,2019,4229.16
LG OLED TV,Africa - Western,2021,777.86
Dyson V11 Vacuum,North America - Central,2019,2721.45
Ninja Air Fryer,North America - West,2024,1774.82
Samsung Galaxy S23,Europe - Southern,2020,1572.4
Lululemon Align Leggings,Oceania - New Zealand,2022,311.86
Apple Watch Series 8,Oceania - New Zealand,2020,748.15
Ninja Air Fryer,Middle East - Levant,2022,727.22
LG OLED TV,Latin America - Northern,2019,6815.66
Ninja Air Fryer,Latin America - Central,2024,281.24
Microsoft Surface Pro,Asia - Southeastern,2024,7113.0
IKEA Billy Bookcase,Africa - Eastern,2021,212.98
Nike Air Force 1,Latin America - Northern,2020,176.06
Apple Watch Series 8,North America - West,2019,1505.09
MacBook Air M2,Europe - Western,2023,6436.99
Nintendo Switch OLED,Asia - Southern,2021,967.42
Roomba i7+,Latin America - Southern,2023,2711.54
Tempur-Pedic Mattress,Latin America - Southern,2021,1134.25
Adidas Ultraboost,Europe - Eastern,2024,1071.46
KitchenAid Mixer,Africa - Western,2021,1059.2
MacBook Air M2,Africa - Southern,2019,2178.04
Instant Pot Pro,Europe - Southern,2020,202.67
Ray-Ban Aviators,Oceania - Australia,2020,386.49
Apple Watch Series 8,Africa - Southern,2019,661.71
iPhone 14 Pro,Middle East - Gulf,2020,6296.06
Samsung QLED TV,Latin America - Northern,2020,2449.1
Nike Air Force 1,Asia - Eastern,2020,167.07
IKEA Billy Bookcase,Latin America - Northern,2024,280.6
Apple Watch Series 8,Middle East - Levant,2020,545.05
Canon EOS R6,North America - West,2024,22351.89
Roomba i7+,Latin America - Northern,2023,657.55
Adidas Ultraboost,Europe - Western,2024,1089.05
Lululemon Align Leggings,Middle East - Levant,2022,99.75
Dell XPS 13,North America - Central,2019,974.93
Samsung QLED TV,Oceania - Australia,2024,13610.14
Lululemon Align Leggings,Europe - Northern,2022,191.16
Herman Miller Chair,North America - Central,2022,6521.47
Vitamix Blender,Middle East - Levant,2023,318.03
AirPods Pro,Europe - Western,2021,532.09
Nintendo Switch OLED,Africa - Eastern,2022,237.13
Pottery Barn Dining Table,Asia - Southern,2019,4007.52
Pottery Barn Dining Table,Middle East - Gulf,2020,5536.96
Vitamix Blender,Latin America - Southern,2021,726.66
PlayStation 5,Europe - Northern,2020,1629.04
Xbox Series X,Oceania - New Zealand,2022,4913.53
Nike Air Force 1,Middle East - Levant,2024,282.32
Apple Watch Series 8,Europe - Southern,2023,1657.68
Xbox Series X,Africa - Eastern,2019,869.78
Herman Miller Chair,Africa - Southern,2023,1372.28
iPhone 14 Pro,Middle East - Gulf,2020,6296.06
Lululemon Align Leggings,Latin America - Central,2021,93.63
Levi's 501 Jeans,Middle East - Levant,2019,75.17
Dyson V11 Vacuum,Asia - Eastern,2020,936.59
Ninja Air Fryer,Europe - Southern,2023,136.93
Ray-Ban Aviators,Europe - Western,2019,545.99
Levi's 501 Jeans,Middle East - Levant,2021,79.6
AirPods Pro,Asia - Southern,2022,782.36
Vitamix Blender,Africa - Southern,2019,609.43
Canon EOS R6,Africa - Western,2023,5770.59
Canon EOS R6,Africa - Eastern,2022,6095.19
Nintendo Switch OLED,North America - East,2022,544.75
KitchenAid Mixer,Europe - Northern,2022,2419.3
iPhone 14 Pro,Latin America - Northern,2022,7489.67
Roomba i7+,Latin America - Northern,2021,1470.29
KitchenAid Mixer,Africa - Western,2021,1059.2
Rolex Submariner,Africa - Southern,2024,5751.82
MacBook Air M2,Latin America - Southern,2020,5338.95
Sony WH-1000XM5,Middle East - Gulf,2023,1884.59
Nike Air Force 1,Latin America - Southern,2023,56.37
MacBook Air M2,Oceania - New Zealand,2021,7515.26
Rolex Submariner,Asia - Southeastern,2024,39587.0
IKEA Billy Bookcase,Middle East - Levant,2019,42.51
Rolex Submariner,Europe - Northern,2021,7139.59
Adidas Ultraboost,Latin America - Northern,2020,367.67
Tempur-Pedic Mattress,Middle East - Levant,2024,3112.3
iPad Pro,Europe - Eastern,2019,7632.24
Ninja Air Fryer,Latin America - Central,2019,439.08
Adidas Ultraboost,Europe - Southern,2022,214.97
Google Pixel 7,Asia - Southern,2022,490.29
Instant Pot Pro,Oceania - Australia,2019,420.64
Roomba i7+,Europe - Western,2020,3990.93
Adidas Ultraboost,Europe - Eastern,2019,825.12
GoPro Hero 11,Asia - Southern,2024,2376.58
Apple Watch Series 8,North America - Central,2021,1594.27
GoPro Hero 11,North America - Central,2022,1309.19
LG OLED TV,Africa - Eastern,2020,2340.13
West Elm Sofa,Africa - Southern,2020,2443.39
Canon EOS R6,Europe - Southern,2020,4253.35
Instant Pot Pro,Europe - Eastern,2022,503.63
PlayStation 5,Latin America - Southern,2021,2302.13
Dyson V11 Vacuum,Middle East - Gulf,2024,713.34
Roomba i7+,Asia - Southern,2022,2400.5
West Elm Sofa,Europe - Eastern,2021,4654.9
Dyson V11 Vacuum,Oceania - New Zealand,2020,1024.66
Canon EOS R6,Asia - Southern,2021,1646.78
Google Pixel 7,Oceania - New Zealand,2019,2986.07
Roomba i7+,North America - West,2023,2822.31
Herman Miller Chair,Latin America - Central,2020,622.84
Nespresso Vertuo,Asia - Eastern,2019,305.92
Breville Coffee Maker,Africa - Southern,2022,668.95
West Elm Sofa,Asia - Eastern,2023,9535.2
Tempur-Pedic Mattress,Africa - Western,2024,4872.22
Apple Watch Series 8,North America - Central,2020,461.85
Vitamix Blender,Asia - Southeastern,2021,338.69
MacBook Air M2,Africa - Southern,2021,5735.2
Sony WH-1000XM5,Middle East - Gulf,2024,2589.37
Lululemon Align Leggings,Asia - Southeastern,2024,151.53
Roomba i7+,Latin America - Northern,2021,1470.29
IKEA Billy Bookcase,North America - East,2022,569.23
Dell XPS 13,Europe - Northern,2024,1346.2
Breville Coffee Maker,Latin America - Central,2019,903.09
Xbox Series X,Middle East - Gulf,2019,1425.8
Dyson V11 Vacuum,Africa - Eastern,2023,2762.32
Nintendo Switch OLED,Latin America - Southern,2020,925.52
Xbox Series X,Europe - Western,2020,936.42
iPhone 14 Pro,Middle East - Gulf,2022,10137.2
Google Pixel 7,Oceania - New Zealand,2019,2986.07
Vitamix Blender,Africa - Western,2023,1040.26
Nespresso Vertuo,North America - Central,2021,305.58
Adidas Ultraboost,Middle East - Gulf,2024,1419.81
Breville Coffee Maker,North America - Central,2024,1187.04
PlayStation 5,North America - East,2022,1246.36
Tempur-Pedic Mattress,Oceania - Australia,2020,10454.55
GoPro Hero 11,Oceania - New Zealand,2023,507.0
Samsung Galaxy S23,North America - Central,2023,3957.73
Levi's 501 Jeans,Middle East - Gulf,2019,378.47
Levi's 501 Jeans,Latin America - Central,2020,138.65
Nespresso Vertuo,Latin America - Central,2024,566.68
Xbox Series X,Oceania - Australia,2019,1797.25
Samsung Galaxy S23,North America - Central,2020,7110.16
LG OLED TV,Asia - Southeastern,2024,13867.88
Rolex Submariner,Africa - Southern,2021,8862.34
Roomba i7+,North America - East,2019,1622.92
MacBook Air M2,Latin America - Southern,2023,2234.58
Ninja Air Fryer,Africa - Southern,2023,439.24
iPhone 14 Pro,Asia - Southeastern,2019,1701.37
Vitamix Blender,Europe - Northern,2020,564.64
Vitamix Blender,Latin America - Northern,2019,962.56
Nike Air Force 1,Europe - Western,2020,61.29
MacBook Air M2,Latin America - Central,2020,4559.71
Sony WH-1000XM5,Latin America - Southern,2019,195.96
LG OLED TV,Asia - Eastern,2020,6358.16
Herman Miller Chair,Europe - Northern,2019,6051.63
PlayStation 5,Asia - Southern,2023,4120.0
Herman Miller Chair,Africa - Eastern,2023,1816.31
Nintendo Switch OLED,Latin America - Central,2021,592.57
Breville Coffee Maker,Europe - Western,2019,492.63
Herman Miller Chair,Europe - Northern,2021,7129.02
Rolex Submariner,Africa - Southern,2019,21380.73
Nike Air Force 1,North America - Central,2019,412.88
Ninja Air Fryer,Latin America - Central,2023,292.11
PlayStation 5,Latin America - Central,2023,2100.83
Ray-Ban Aviators,Europe - Western,2020,281.13
Xbox Series X,Europe - Southern,2019,3797.41
Vitamix Blender,Africa - Western,2023,1040.26
Nintendo Switch OLED,Africa - Western,2023,300.54
Sony WH-1000XM5,Middle East - Levant,2019,1742.9
Breville Coffee Maker,Europe - Southern,2023,963.48
Samsung Galaxy S23,North America - West,2023,6569.48
Xbox Series X,Europe - Northern,2022,3857.85
Lululemon Align Leggings,Middle East - Gulf,2023,305.11
Herman Miller Chair,Oceania - New Zealand,2020,6749.89
KitchenAid Mixer,Asia - Eastern,2021,955.5
Dyson V11 Vacuum,Latin America - Northern,2023,2750.13
Levi's 501 Jeans,Europe - Western,2020,216.46
Pottery Barn Dining Table,Europe - Northern,2022,7582.31
Ray-Ban Aviators,Asia - Southern,2020,198.48
IKEA Billy Bookcase,Asia - Eastern,2020,174.34
KitchenAid Mixer,Africa - Southern,2019,1363.31
Nintendo Switch OLED,Europe - Northern,2022,1768.12
Lululemon Align Leggings,Asia - Eastern,2020,243.86
LG OLED TV,Oceania - Australia,2019,1824.96
Herman Miller Chair,Middle East - Levant,2020,2039.14
Nintendo Switch OLED,Africa - Eastern,2022,237.13
Sony WH-1000XM5,Oceania - Australia,2024,3861.44
Ray-Ban Aviators,Oceania - Australia,2020,386.49
Roomba i7+,Oceania - New Zealand,2022,1436.63
Google Pixel 7,Oceania - Australia,2024,3038.85
Ninja Air Fryer,Latin America - Southern,2019,148.45
Rolex Submariner,Asia - Southern,2019,16308.79
Canon EOS R6,Oceania - Australia,2023,13155.4
Sony WH-1000XM5,Africa - Southern,2019,1597.08
Roomba i7+,Europe - Northern,2024,2283.68
Breville Coffee Maker,North America - West,2024,2643.7
Samsung Galaxy S23,Africa - Eastern,2024,4554.6
Nintendo Switch OLED,Asia - Southern,2024,633.17
Breville Coffee Maker,Latin America - Central,2019,903.09
PlayStation 5,Africa - Western,2020,255.81
Canon EOS R6,Europe - Western,2023,33924.1
Dell XPS 13,Oceania - New Zealand,2023,14337.75
Xbox Series X,Europe - Southern,2024,1153.46
iPhone 14 Pro,Africa - Western,2020,3904.7
Apple Watch Series 8,Africa - Western,2021,395.66
West Elm Sofa,North America - Central,2024,10853.72
Breville Coffee Maker,Middle East - Levant,2019,477.82
Nespresso Vertuo,Latin America - Southern,2023,634.14
AirPods Pro,North America - Central,2022,1964.8
Breville Coffee Maker,Latin America - Southern,2022,1813.38
Ray-Ban Aviators,Latin America - Central,2019,328.05
Levi's 501 Jeans,Europe - Southern,2019,202.4
Nintendo Switch OLED,Europe - Western,2021,3170.45
Breville Coffee Maker,Africa - Southern,2020,412.56
Dyson V11 Vacuum,Latin America - Northern,2023,2750.13
Breville Coffee Maker,Europe - Western,2020,781.33
Apple Watch Series 8,Africa - Eastern,2020,781.04
PlayStation 5,Latin America - Northern,2019,800.16
Samsung Galaxy S23,North America - East,2024,2470.58
Samsung QLED TV,Europe - Western,2024,17975.03
Dyson V11 Vacuum,Europe - Northern,2021,4478.46
Apple Watch Series 8,Middle East - Gulf,2023,1593.81
iPad Pro,Europe - Eastern,2023,4448.31
Breville Coffee Maker,North America - East,2019,290.71
MacBook Air M2,Asia - Southeastern,2019,7120.66
PlayStation 5,Europe - Eastern,2022,2856.45
Nespresso Vertuo,Africa - Western,2023,477.53
Dyson V11 Vacuum,Asia - Eastern,2024,610.07
GoPro Hero 11,Asia - Southern,2024,2376.58
PlayStation 5,Latin America - Central,2023,2100.83
Xbox Series X,Middle East - Gulf,2020,1018.5
Ray-Ban Aviators,Middle East - Levant,2023,409.26
Microsoft Surface Pro,Middle East - Levant,2023,3364.49
iPad Pro,Europe - Western,2024,5164.24
iPhone 14 Pro,Europe - Southern,2019,6549.12
Microsoft Surface Pro,Latin America - Central,2019,2019.48
Microsoft Surface Pro,Middle East - Levant,2023,3364.49
Xbox Series X,Europe - Northern,2020,3121.5
Nespresso Vertuo,Europe - Western,2019,1040.15
Dell XPS 13,Asia - Southeastern,2020,1964.95
LG OLED TV,Asia - Eastern,2020,6358.16
Levi's 501 Jeans,Asia - Southeastern,2024,549.77
Canon EOS R6,Asia - Southern,2022,4697.27
Rolex Submariner,Asia - Southern,2023,43952.86
KitchenAid Mixer,Africa - Western,2019,1208.22
Breville Coffee Maker,Oceania - Australia,2019,1361.11
Canon EOS R6,Latin America - Northern,2019,9968.79
Levi's 501 Jeans,Middle East - Levant,2021,79.6
Dyson V11 Vacuum,Africa - Southern,2023,1592.6
Sony WH-1000XM5,Oceania - Australia,2021,2329.24
Google Pixel 7,Latin America - Northern,2022,2463.42
Microsoft Surface Pro,North America - East,2019,7891.31
PlayStation 5,Latin America - Southern,2020,1949.93
Apple Watch Series 8,Latin America - Northern,2024,1403.36
Nike Air Force 1,Latin America - Southern,2023,56.37
Nike Air Force 1,Europe - Northern,2024,560.13
Samsung QLED TV,Europe - Northern,2024,10676.87
Breville Coffee Maker,Europe - Southern,2023,963.48
GoPro Hero 11,Middle East - Levant,2022,2867.74
Levi's 501 Jeans,North America - East,2024,545.36
Canon EOS R6,Europe - Western,2019,3089.39
iPhone 14 Pro,North America - Central,2022,4288.23
Levi's 501 Jeans,Africa - Eastern,2023,281.12
Roomba i7+,Asia - Southern,2021,3662.94
Samsung Galaxy S23,North America - Central,2020,7110.16
Instant Pot Pro,North America - West,2023,1381.54
Pottery Barn Dining Table,Latin America - Southern,2024,3463.25
LG OLED TV,Europe - Southern,2024,1987.35
GoPro Hero 11,Asia - Eastern,2020,1117.04
Ninja Air Fryer,North America - West,2020,584.63
IKEA Billy Bookcase,Latin America - Northern,2023,90.78
Xbox Series X,Europe - Northern,2021,1484.95
Canon EOS R6,Europe - Southern,2022,16608.75
Nike Air Force 1,Africa - Eastern,2023,145.34
Herman Miller Chair,Oceania - Australia,2024,11836.24
Samsung QLED TV,Oceania - New Zealand,2022,14220.7
LG OLED TV,Oceania - Australia,2022,5255.95
Ray-Ban Aviators,Latin America - Central,2023,448.25
Roomba i7+,Africa - Southern,2020,944.51
Samsung Galaxy S23,Asia - Eastern,2020,1518.8
Lululemon Align Leggings,Oceania - Australia,2019,402.39
Nintendo Switch OLED,Middle East - Levant,2024,669.7
Nespresso Vertuo,Europe - Eastern,2023,498.9
Tempur-Pedic Mattress,Oceania - New Zealand,2023,19204.78
Herman Miller Chair,North America - East,2024,5591.6
Nespresso Vertuo,Asia - Southern,2022,315.11
Instant Pot Pro,North America - Central,2022,758.89
iPhone 14 Pro,North America - East,2024,5440.03
Sony WH-1000XM5,Oceania - Australia,2023,3717.42
Dyson V11 Vacuum,Latin America - Northern,2021,1012.33
iPad Pro,Europe - Northern,2019,4386.98
Breville Coffee Maker,Middle East - Levant,2021,835.53
Adidas Ultraboost,Latin America - Northern,2022,229.97
Ray-Ban Aviators,North America - Central,2024,352.34
Rolex Submariner,Africa - Western,2020,13915.4
iPad Pro,Latin America - Central,2024,5322.61
Ray-Ban Aviators,Middle East - Gulf,2021,280.34
Samsung Galaxy S23,Europe - Southern,2024,928.74
Ray-Ban Aviators,North America - Central,2024,352.34
GoPro Hero 11,Latin America - Northern,2022,234.6
Samsung QLED TV,Europe - Western,2023,16922.05
Lululemon Align Leggings,Africa - Western,2019,155.05
Sony WH-1000XM5,Latin America - Southern,2024,2650.15
Nike Air Force 1,Europe - Western,2021,348.35
Instant Pot Pro,Africa - Western,2021,368.56
Nespresso Vertuo,Europe - Eastern,2024,598.42
GoPro Hero 11,Africa - Western,2020,721.69
Nike Air Force 1,Asia - Southern,2022,276.76
Samsung QLED TV,Middle East - Levant,2024,8125.17
Instant Pot Pro,North America - West,2020,619.6
Nespresso Vertuo,Europe - Eastern,2021,1035.98
Rolex Submariner,North America - West,2022,27772.11
Roomba i7+,Asia - Eastern,2021,2490.0
Pottery Barn Dining Table,Middle East - Levant,2024,6095.54
LG OLED TV,Africa - Western,2019,2436.34
Tempur-Pedic Mattress,Europe - Southern,2024,6964.09
Microsoft Surface Pro,Latin America - Central,2023,1578.78
Herman Miller Chair,Latin America - Southern,2024,1093.6
Sony WH-1000XM5,Middle East - Levant,2020,1397.01
Instant Pot Pro,North America - East,2024,1025.92
Ninja Air Fryer,Latin America - Northern,2021,84.27
Sony WH-1000XM5,Middle East - Levant,2023,357.96
Microsoft Surface Pro,Asia - Eastern,2024,4225.53
Sony WH-1000XM5,Middle East - Levant,2023,357.96
Lululemon Align Leggings,Africa - Southern,2021,158.88
Pottery Barn Dining Table,Asia - Eastern,2019,7211.75
Samsung QLED TV,Latin America - Central,2019,4968.52
Lululemon Align Leggings,Middle East - Levant,2019,68.98
Roomba i7+,Oceania - Australia,2022,6005.45
Ray-Ban Aviators,Africa - Western,2019,314.38
Samsung QLED TV,Europe - Northern,2019,2409.16
Nespresso Vertuo,Latin America - Northern,2019,316.44
Vitamix Blender,North America - West,2023,4102.55
Tempur-Pedic Mattress,Oceania - New Zealand,2019,10397.23
Samsung QLED TV,Middle East - Levant,2024,8125.17
Lululemon Align Leggings,Europe - Southern,2020,57.01
Roomba i7+,Middle East - Gulf,2021,604.86
LG OLED TV,Europe - Western,2020,4742.67
Nintendo Switch OLED,Europe - Southern,2022,2525.58
AirPods Pro,North America - West,2021,1878.95
Samsung QLED TV,Africa - Eastern,2024,4013.68
West Elm Sofa,Africa - Western,2020,4848.38
Dyson V11 Vacuum,Europe - Southern,2022,4068.21
Xbox Series X,North America - Central,2021,2442.33
Canon EOS R6,Africa - Eastern,2021,7321.36
KitchenAid Mixer,Latin America - Northern,2024,884.35
KitchenAid Mixer,Latin America - Central,2022,1476.67
Levi's 501 Jeans,Africa - Western,2019,25.37
Instant Pot Pro,North America - Central,2020,549.56
Levi's 501 Jeans,Africa - Southern,2021,159.19
Apple Watch Series 8,Middle East - Levant,2023,1479.79
Canon EOS R6,North America - Central,2023,3306.32
Dell XPS 13,North America - East,2021,5860.04
Rolex Submariner,Africa - Eastern,2024,25225.08
Pottery Barn Dining Table,Middle East - Gulf,2021,1090.37
MacBook Air M2,Middle East - Gulf,2023,6763.08
Microsoft Surface Pro,Latin America - Northern,2024,5214.36
Roomba i7+,Oceania - Australia,2024,6234.49
Nintendo Switch OLED,Asia - Southern,2024,633.17
Ray-Ban Aviators,Middle East - Levant,2022,75.82
LG OLED TV,Africa - Western,2019,2436.34
Herman Miller Chair,Oceania - New Zealand,2021,993.91
Vitamix Blender,Asia - Southeastern,2024,2673.52
KitchenAid Mixer,Africa - Southern,2019,1363.31
MacBook Air M2,Latin America - Southern,2023,2234.58
West Elm Sofa,North America - East,2022,9785.12
iPad Pro,Asia - Southern,2019,3523.66
Pottery Barn Dining Table,Oceania - Australia,2022,6315.66
Rolex Submariner,Oceania - New Zealand,2024,79414.17
AirPods Pro,Middle East - Levant,2020,1116.56
LG OLED TV,Middle East - Levant,2022,11854.47
KitchenAid Mixer,Latin America - Southern,2021,1063.98
Xbox Series X,Latin America - Northern,2019,2106.01
Ninja Air Fryer,Africa - Southern,2023,439.24
iPhone 14 Pro,Africa - Eastern,2023,3921.04
Xbox Series X,Africa - Eastern,2021,524.32
Lululemon Align Leggings,Europe - Eastern,2022,229.2
Tempur-Pedic Mattress,Oceania - Australia,2024,24506.92
GoPro Hero 11,Africa - Southern,2019,1299.1
MacBook Air M2,Europe - Northern,2023,14813.31
LG OLED TV,Africa - Western,2021,777.86
Dyson V11 Vacuum,Oceania - Australia,2023,622.86
Apple Watch Series 8,Middle East - Levant,2022,484.89
iPhone 14 Pro,Africa - Western,2023,3744.53
Samsung QLED TV,Europe - Western,2020,7634.0
MacBook Air M2,Asia - Eastern,2020,2744.99
Lululemon Align Leggings,Oceania - New Zealand,2022,311.86
Pottery Barn Dining Table,Latin America - Central,2021,558.95
Levi's 501 Jeans,Asia - Southeastern,2022,385.64
Vitamix Blender,North America - West,2024,796.22
Roomba i7+,Asia - Southern,2021,3662.94
Pottery Barn Dining Table,Africa - Western,2021,3407.91
Tempur-Pedic Mattress,North America - West,2019,15870.06
Microsoft Surface Pro,Oceania - New Zealand,2020,4532.34
Lululemon Align Leggings,Africa - Eastern,2020,158.63
Rolex Submariner,Asia - Southeastern,2021,5367.77
Google Pixel 7,Oceania - New Zealand,2024,5428.2
Adidas Ultraboost,Asia - Eastern,2021,727.75
Sony WH-1000XM5,Europe - Northern,2022,2761.08
Nike Air Force 1,Oceania - New Zealand,2020,284.99
MacBook Air M2,Africa - Southern,2023,1825.13
Herman Miller Chair,Africa - Western,2022,2487.99
Instant Pot Pro,Asia - Southern,2019,561.77
Xbox Series X,Asia - Eastern,2024,3889.0
Ray-Ban Aviators,North America - West,2019,380.71
Dell XPS 13,Oceania - Australia,2019,4534.27
Instant Pot Pro,Asia - Southern,2023,290.0
Vitamix Blender,Asia - Eastern,2020,626.85
LG OLED TV,Asia - Southern,2020,9849.73
Canon EOS R6,Asia - Southern,2024,2748.5
Nespresso Vertuo,Latin America - Southern,2022,462.67
Google Pixel 7,Asia - Southern,2024,1456.45
Vitamix Blender,Asia - Southeastern,2023,1323.41
iPad Pro,Middle East - Levant,2023,2484.44
Ninja Air Fryer,Latin America - Central,2020,517.89
Apple Watch Series 8,Latin America - Central,2023,1124.64
Herman Miller Chair,Europe - Northern,2022,2594.72
Samsung Galaxy S23,Latin America - Northern,2021,1161.9
Canon EOS R6,Middle East - Levant,2023,9191.58
Levi's 501 Jeans,Europe - Western,2020,216.46
iPhone 14 Pro,Asia - Eastern,2021,1064.4
Microsoft Surface Pro,Asia - Southeastern,2021,1355.16
Adidas Ultraboost,Latin America - Northern,2019,197.85
LG OLED TV,Europe - Southern,2024,1987.35
Adidas Ultraboost,Africa - Western,2020,184.03
Ray-Ban Aviators,Latin America - Northern,2024,198.38
Ninja Air Fryer,North America - East,2021,339.86
Lululemon Align Leggings,Asia - Eastern,2022,336.92
Nespresso Vertuo,Asia - Eastern,2024,645.07
Sony WH-1000XM5,North America - West,2023,2851.94
Apple Watch Series 8,North America - Central,2019,881.39
Microsoft Surface Pro,Oceania - New Zealand,2019,9248.48
KitchenAid Mixer,Africa - Western,2019,1208.22
MacBook Air M2,Africa - Western,2019,2035.36
Tempur-Pedic Mattress,Africa - Southern,2023,8536.32
IKEA Billy Bookcase,Europe - Eastern,2019,218.34
West Elm Sofa,Latin America - Southern,2021,4544.93
Microsoft Surface Pro,Europe - Northern,2019,2418.1
Nike Air Force 1,Europe - Eastern,2020,162.54
Breville Coffee Maker,Latin America - Southern,2023,509.6
Dyson V11 Vacuum,Asia - Eastern,2023,4190.42
Microsoft Surface Pro,Europe - Northern,2023,3874.56
Instant Pot Pro,Africa - Western,2021,368.56
Adidas Ultraboost,Africa - Eastern,2024,134.59
KitchenAid Mixer,Oceania - New Zealand,2021,1183.31
Xbox Series X,Oceania - Australia,2022,1513.08
Adidas Ultraboost,Europe - Northern,2022,486.7
KitchenAid Mixer,North America - East,2024,2639.2
Levi's 501 Jeans,Europe - Western,2022,402.61
Nike Air Force 1,Oceania - Australia,2023,323.18
Sony WH-1000XM5,Africa - Southern,2020,1196.94
Pottery Barn Dining Table,Latin America - Central,2020,1854.42
Nintendo Switch OLED,Middle East - Levant,2024,669.7
Lululemon Align Leggings,Middle East - Levant,2019,68.98
Xbox Series X,Africa - Western,2024,1680.59
Sony WH-1000XM5,Asia - Southeastern,2022,565.18
Lululemon Align Leggings,Africa - Western,2024,330.76
AirPods Pro,North America - Central,2019,991.82
Samsung Galaxy S23,Latin America - Southern,2020,1829.47
Breville Coffee Maker,Oceania - New Zealand,2022,1872.4
GoPro Hero 11,Europe - Southern,2019,2274.88
Canon EOS R6,Oceania - Australia,2021,3393.06
Samsung QLED TV,Africa - Southern,2020,7006.87
Adidas Ultraboost,Africa - Eastern,2022,66.2
Rolex Submariner,Middle East - Levant,2020,8075.65
Sony WH-1000XM5,Oceania - Australia,2023,3717.42
Google Pixel 7,Europe - Western,2019,1339.81
Nespresso Vertuo,Europe - Western,2022,1406.87
Canon EOS R6,Asia - Southern,2020,7925.66
Apple Watch Series 8,Asia - Southeastern,2021,346.02
AirPods Pro,Latin America - Southern,2021,536.4
Tempur-Pedic Mattress,Asia - Southeastern,2020,4118.67
Vitamix Blender,Latin America - Central,2021,1314.24
iPad Pro,Oceania - New Zealand,2024,11565.52
Dell XPS 13,Oceania - Australia,2022,3175.17
Instant Pot Pro,Europe - Eastern,2023,433.31
Samsung QLED TV,North America - West,2019,10382.64
Nike Air Force 1,Latin America - Northern,2022,382.28
Adidas Ultraboost,Europe - Western,2020,618.81
IKEA Billy Bookcase,Latin America - Central,2022,284.91
Tempur-Pedic Mattress,Middle East - Gulf,2019,11445.42
MacBook Air M2,Africa - Western,2020,4168.23
MacBook Air M2,Europe - Southern,2021,10157.85
Roomba i7+,Africa - Western,2022,2667.13
LG OLED TV,North America - West,2019,3944.99
Herman Miller Chair,Africa - Eastern,2019,2911.92
Nintendo Switch OLED,Europe - Eastern,2021,2233.96
Ninja Air Fryer,Asia - Eastern,2022,259.6
GoPro Hero 11,Asia - Southeastern,2021,1852.35
Canon EOS R6,Oceania - New Zealand,2023,6661.99
Levi's 501 Jeans,Asia - Southeastern,2020,37.09
Pottery Barn Dining Table,Latin America - Southern,2023,8220.13
AirPods Pro,Africa - Eastern,2023,1231.12
Samsung Galaxy S23,Europe - Northern,2021,6560.98
LG OLED TV,Europe - Northern,2020,3854.34
Apple Watch Series 8,Latin America - Central,2024,1888.96
Canon EOS R6,North America - West,2022,26688.83
Ray-Ban Aviators,Africa - Eastern,2021,127.25
Adidas Ultraboost,Latin America - Northern,2023,154.25
Vitamix Blender,North America - East,2023,2242.32
Microsoft Surface Pro,Africa - Southern,2020,7841.88
Instant Pot Pro,Oceania - Australia,2020,114.17
Instant Pot Pro,Africa - Eastern,2024,481.59
Dell XPS 13,Middle East - Gulf,2021,1179.85
Roomba i7+,Latin America - Southern,2020,1214.9
Breville Coffee Maker,Asia - Eastern,2020,267.34
Roomba i7+,Europe - Southern,2023,3385.36
Nike Air Force 1,North America - East,2021,734.47
iPhone 14 Pro,Europe - Southern,2020,1941.92
Vitamix Blender,Oceania - New Zealand,2020,806.9
Instant Pot Pro,Europe - Southern,2023,295.21
Dell XPS 13,Oceania - Australia,2023,6223.15
Samsung Galaxy S23,Latin America - Southern,2019,1004.62
Dyson V11 Vacuum,Europe - Western,2023,2617.44
PlayStation 5,Latin America - Central,2023,2100.83
Dyson V11 Vacuum,Europe - Western,2023,2617.44
Xbox Series X,Europe - Northern,2019,3543.81
Ray-Ban Aviators,Europe - Northern,2024,256.05
Herman Miller Chair,Europe - Northern,2020,6990.67
Sony WH-1000XM5,Europe - Northern,2019,1303.95
Vitamix Blender,Europe - Northern,2021,2190.05
Roomba i7+,Latin America - Southern,2019,2176.43
Herman Miller Chair,Asia - Southern,2020,3277.11
Ninja Air Fryer,Asia - Southern,2024,1037.29
Canon EOS R6,Middle East - Levant,2024,5314.8
PlayStation 5,Europe - Western,2021,3322.62
Samsung Galaxy S23,Europe - Southern,2023,1997.57
Instant Pot Pro,Europe - Northern,2021,782.34
Sony WH-1000XM5,Latin America - Northern,2023,1840.88
Instant Pot Pro,Africa - Eastern,2024,481.59
GoPro Hero 11,Oceania - Australia,2019,3573.67
Instant Pot Pro,Asia - Southern,2022,174.34
Lululemon Align Leggings,Africa - Southern,2024,89.27
Nike Air Force 1,Latin America - Central,2024,254.48
Dyson V11 Vacuum,Asia - Southern,2022,2960.72
Dyson V11 Vacuum,Europe - Northern,2020,1850.6
Xbox Series X,Oceania - New Zealand,2022,4913.53
Sony WH-1000XM5,Asia - Southern,2021,2354.06
Rolex Submariner,Middle East - Gulf,2022,12891.42
Nespresso Vertuo,Latin America - Central,2022,118.84
Samsung Galaxy S23,Latin America - Central,2019,3628.17
KitchenAid Mixer,Latin America - Northern,2020,364.74
Canon EOS R6,Latin America - Northern,2023,7376.91
Roomba i7+,Europe - Eastern,2019,3473.48
IKEA Billy Bookcase,Europe - Western,2019,422.99
Dell XPS 13,Europe - Northern,2022,11799.8
KitchenAid Mixer,Middle East - Levant,2022,1413.68
Dyson V11 Vacuum,Latin America - Northern,2022,1157.89
GoPro Hero 11,Latin America - Northern,2022,234.6
Samsung Galaxy S23,Africa - Western,2022,596.83
Samsung QLED TV,Oceania - New Zealand,2019,1351.06
Microsoft Surface Pro,Europe - Southern,2021,10309.03
GoPro Hero 11,Asia - Eastern,2020,1117.04
LG OLED TV,Latin America - Central,2020,7148.59
iPad Pro,Europe - Southern,2021,1182.94
Google Pixel 7,Latin America - Northern,2021,381.41
Rolex Submariner,Africa - Eastern,2022,11329.34
Instant Pot Pro,Africa - Eastern,2022,61.9
Lululemon Align Leggings,Middle East - Gulf,2021,139.69
Rolex Submariner,North America - Central,2021,12563.16
Ray-Ban Aviators,Europe - Eastern,2021,504.39
Tempur-Pedic Mattress,Middle East - Levant,2019,910.49
Ninja Air Fryer,Africa - Western,2019,519.72
Tempur-Pedic Mattress,Africa - Western,2023,1389.55
Instant Pot Pro,North America - East,2019,423.16
Canon EOS R6,Oceania - Australia,2023,13155.4
Adidas Ultraboost,Oceania - Australia,2023,903.63
Nespresso Vertuo,North America - Central,2024,250.96
Levi's 501 Jeans,Oceania - New Zealand,2024,546.4
Sony WH-1000XM5,Europe - Southern,2023,4102.33
IKEA Billy Bookcase,Asia - Southern,2021,115.68
Instant Pot Pro,North America - East,2021,521.63
Tempur-Pedic Mattress,Europe - Western,2020,8596.89
Levi's 501 Jeans,Europe - Southern,2020,358.32
Google Pixel 7,North America - West,2024,5901.37
Breville Coffee Maker,Africa - Eastern,2023,751.61
GoPro Hero 11,North America - Central,2022,1309.19
iPad Pro,Europe - Northern,2019,4386.98
AirPods Pro,Africa - Southern,2020,1260.72
Nespresso Vertuo,Latin America - Central,2022,118.84
Xbox Series X,Europe - Eastern,2020,915.12
West Elm Sofa,Africa - Southern,2020,2443.39
Breville Coffee Maker,Latin America - Southern,2024,511.24
Xbox Series X,Oceania - New Zealand,2020,3440.43
Ninja Air Fryer,Africa - Western,2019,519.72
Samsung QLED TV,North America - East,2024,2285.95
West Elm Sofa,Latin America - Central,2024,5322.59
Lululemon Align Leggings,North America - West,2022,917.75
PlayStation 5,Latin America - Southern,2020,1949.93
Nespresso Vertuo,Oceania - Australia,2023,756.44
Dyson V11 Vacuum,Africa - Eastern,2024,2052.63
KitchenAid Mixer,Middle East - Levant,2020,843.53
Google Pixel 7,Africa - Eastern,2019,1776.26
KitchenAid Mixer,North America - Central,2020,2053.69
Nespresso Vertuo,Europe - Western,2024,431.69
Vitamix Blender,Asia - Southeastern,2020,786.09
IKEA Billy Bookcase,Middle East - Levant,2024,374.8
Microsoft Surface Pro,North America - Central,2021,13665.78
Herman Miller Chair,Middle East - Gulf,2022,2132.37
Instant Pot Pro,Africa - Eastern,2022,61.9
Samsung QLED TV,Latin America - Central,2021,2758.55
Pottery Barn Dining Table,North America - East,2020,10138.45
iPhone 14 Pro,North America - West,2019,2243.94
Google Pixel 7,Latin America - Southern,2020,507.69
Rolex Submariner,Africa - Western,2020,13915.4
Ray-Ban Aviators,Europe - Eastern,2019,310.7
PlayStation 5,Europe - Northern,2022,602.6
Breville Coffee Maker,Africa - Western,2022,151.25
IKEA Billy Bookcase,Asia - Eastern,2024,467.35
Google Pixel 7,Asia - Southern,2023,3174.1
Levi's 501 Jeans,Latin America - Central,2019,123.08
Breville Coffee Maker,Africa - Southern,2020,412.56
Instant Pot Pro,Africa - Southern,2020,427.19
MacBook Air M2,North America - West,2019,10412.85
LG OLED TV,North America - Central,2021,5135.5
Google Pixel 7,Middle East - Levant,2024,3602.48
PlayStation 5,Africa - Southern,2023,2403.38
Nintendo Switch OLED,North America - Central,2019,1530.26
Apple Watch Series 8,Latin America - Central,2023,1124.64
Levi's 501 Jeans,North America - Central,2022,367.08
Nespresso Vertuo,Asia - Eastern,2020,260.27
AirPods Pro,Asia - Eastern,2020,246.4
IKEA Billy Bookcase,North America - West,2020,202.31
Samsung Galaxy S23,Europe - Eastern,2021,5781.5
iPad Pro,Europe - Southern,2020,788.07
Nintendo Switch OLED,Africa - Western,2024,989.97
AirPods Pro,Asia - Southeastern,2024,702.38
AirPods Pro,Oceania - Australia,2020,1152.91
Pottery Barn Dining Table,Latin America - Central,2023,4880.72
IKEA Billy Bookcase,Latin America - Northern,2023,90.78
Breville Coffee Maker,Africa - Eastern,2020,580.14
Adidas Ultraboost,Asia - Southeastern,2021,506.78
Samsung QLED TV,North America - West,2021,11713.41
Samsung Galaxy S23,Africa - Southern,2024,3729.0
West Elm Sofa,North America - East,2020,12791.28
Microsoft Surface Pro,Asia - Eastern,2021,1399.31
Tempur-Pedic Mattress,North America - East,2020,9558.08
Apple Watch Series 8,Europe - Southern,2022,2148.45
Apple Watch Series 8,North America - West,2019,1505.09
Herman Miller Chair,Africa - Eastern,2019,2911.92
Lululemon Align Leggings,Asia - Southeastern,2024,151.53
Dell XPS 13,North America - East,2024,2048.23
Rolex Submariner,Middle East - Levant,2019,3063.23
Instant Pot Pro,Africa - Eastern,2021,110.13
GoPro Hero 11,Europe - Western,2024,3017.34
Dell XPS 13,Europe - Northern,2020,6375.63
Nintendo Switch OLED,Asia - Eastern,2020,255.64
Sony WH-1000XM5,Europe - Western,2023,2460.9
iPad Pro,Latin America - Northern,2024,7698.76
AirPods Pro,North America - East,2019,458.19
Dyson V11 Vacuum,Europe - Eastern,2022,4486.37
LG OLED TV,Oceania - Australia,2020,3504.26
Samsung QLED TV,Asia - Southeastern,2020,6249.53
Xbox Series X,North America - Central,2024,2234.78
Pottery Barn Dining Table,Latin America - Northern,2024,5837.39
iPhone 14 Pro,Latin America - Central,2023,4324.95
PlayStation 5,Latin America - Central,2019,574.33
iPad Pro,Middle East - Gulf,2021,7506.5
Nintendo Switch OLED,Asia - Eastern,2019,1873.83
IKEA Billy Bookcase,Latin America - Northern,2022,170.99
MacBook Air M2,North America - Central,2019,7383.64
Dyson V11 Vacuum,Asia - Southern,2023,1365.64
Xbox Series X,Oceania - New Zealand,2019,465.28
Nespresso Vertuo,Latin America - Central,2023,766.13
Nike Air Force 1,Oceania - Australia,2022,70.74
Sony WH-1000XM5,Africa - Eastern,2024,997.97
Levi's 501 Jeans,Middle East - Gulf,2019,378.47
Xbox Series X,Middle East - Levant,2021,1372.02
Herman Miller Chair,Europe - Western,2022,10946.52
MacBook Air M2,North America - East,2022,7115.82
AirPods Pro,Africa - Western,2024,1520.91
West Elm Sofa,Europe - Northern,2023,7595.93
Samsung QLED TV,Asia - Eastern,2021,4239.11
PlayStation 5,Middle East - Levant,2019,281.68
PlayStation 5,Asia - Eastern,2023,2101.81
iPhone 14 Pro,Latin America - Central,2024,3322.36
Sony WH-1000XM5,Africa - Western,2020,1665.13
Lululemon Align Leggings,Europe - Eastern,2020,237.78
IKEA Billy Bookcase,Latin America - Central,2021,202.47
Nintendo Switch OLED,Europe - Eastern,2021,2233.96
Samsung QLED TV,Asia - Southern,2022,6704.53
Sony WH-1000XM5,Africa - Eastern,2022,707.08
Tempur-Pedic Mattress,Europe - Eastern,2024,11603.56
Google Pixel 7,Europe - Western,2020,2442.76
Apple Watch Series 8,Latin America - Northern,2019,304.74
Nike Air Force 1,Europe - Southern,2019,200.45
Ninja Air Fryer,Europe - Eastern,2024,153.17
Samsung QLED TV,Europe - Eastern,2020,3420.78
Instant Pot Pro,Middle East - Gulf,2019,177.91
West Elm Sofa,Europe - Western,2023,11263.42
MacBook Air M2,Asia - Southern,2023,10835.22
Nike Air Force 1,Oceania - Australia,2022,70.74
Samsung QLED TV,North America - Central,2024,9348.05
Samsung Galaxy S23,Europe - Western,2021,6766.26
iPhone 14 Pro,Oceania - New Zealand,2021,5815.14
Vitamix Blender,Europe - Eastern,2024,2554.15
iPhone 14 Pro,Latin America - Southern,2023,884.73
Xbox Series X,Europe - Northern,2021,1484.95
Canon EOS R6,Oceania - Australia,2020,11283.78
Microsoft Surface Pro,North America - Central,2021,13665.78
iPad Pro,North America - West,2019,8182.04
Roomba i7+,Africa - Western,2019,1001.21
Google Pixel 7,Asia - Southern,2024,1456.45
Herman Miller Chair,North America - East,2022,11617.62
LG OLED TV,North America - East,2024,21246.02
GoPro Hero 11,Asia - Eastern,2021,2060.07
Samsung Galaxy S23,Asia - Eastern,2021,2827.29
Dell XPS 13,Europe - Southern,2024,4995.67
Nike Air Force 1,Europe - Western,2021,348.35
GoPro Hero 11,Asia - Southeastern,2023,1310.41
IKEA Billy Bookcase,Middle East - Levant,2021,348.64
Breville Coffee Maker,Europe - Western,2019,492.63
Microsoft Surface Pro,Africa - Southern,2023,3932.91
Sony WH-1000XM5,Europe - Northern,2019,1303.95
Lululemon Align Leggings,Latin America - Southern,2024,237.19
IKEA Billy Bookcase,North America - West,2022,163.72
Tempur-Pedic Mattress,North America - Central,2022,3808.36
LG OLED TV,Europe - Southern,2022,1380.07
MacBook Air M2,Oceania - Australia,2024,16097.22
Levi's 501 Jeans,Latin America - Southern,2024,127.11
Ray-Ban Aviators,North America - Central,2019,265.17
Adidas Ultraboost,Africa - Eastern,2022,66.2
Breville Coffee Maker,Middle East - Gulf,2021,227.35
West Elm Sofa,Europe - Northern,2021,6094.67
Canon EOS R6,Latin America - Southern,2020,10776.1
Nike Air Force 1,Oceania - Australia,2020,538.13
Ray-Ban Aviators,Latin America - Central,2019,328.05
Nintendo Switch OLED,North America - East,2019,934.96
IKEA Billy Bookcase,Europe - Eastern,2023,210.46
Samsung Galaxy S23,Europe - Eastern,2021,5781.5
AirPods Pro,North America - East,2022,2517.15
Sony WH-1000XM5,North America - East,2023,4218.0
AirPods Pro,Oceania - New Zealand,2020,433.4
Dell XPS 13,Europe - Western,2019,7549.14
Tempur-Pedic Mattress,Asia - Southeastern,2021,9525.58
Adidas Ultraboost,Europe - Western,2021,449.33
Lululemon Align Leggings,Africa - Eastern,2024,286.06
Nespresso Vertuo,Latin America - Southern,2020,838.32
Vitamix Blender,Europe - Western,2019,1243.32
Instant Pot Pro,Europe - Eastern,2023,433.31
Tempur-Pedic Mattress,Latin America - Southern,2024,12904.75
Microsoft Surface Pro,Africa - Southern,2019,4427.4
LG OLED TV,Asia - Eastern,2019,7487.76
KitchenAid Mixer,Latin America - Northern,2020,364.74
Samsung QLED TV,North America - East,2024,2285.95
Dell XPS 13,Europe - Western,2023,11366.12
Nike Air Force 1,Latin America - Central,2023,141.56
Sony WH-1000XM5,Oceania - Australia,2023,3717.42
LG OLED TV,Middle East - Levant,2020,1152.93
Xbox Series X,Africa - Western,2019,470.29
Canon EOS R6,Latin America - Southern,2019,15816.82
GoPro Hero 11,Europe - Eastern,2019,746.65
Tempur-Pedic Mattress,Latin America - Southern,2022,4402.17
Rolex Submariner,North America - East,2021,11954.31
AirPods Pro,Africa - Southern,2022,477.6
Nike Air Force 1,North America - West,2024,375.29
Canon EOS R6,Oceania - New Zealand,2024,11627.74
Sony WH-1000XM5,Oceania - Australia,2022,2255.82
Ninja Air Fryer,Latin America - Central,2021,349.39
Microsoft Surface Pro,Middle East - Levant,2020,2935.63
Samsung Galaxy S23,Europe - Northern,2022,901.25
Tempur-Pedic Mattress,Middle East - Levant,2024,3112.3
Apple Watch Series 8,Africa - Western,2023,1176.33
Apple Watch Series 8,Asia - Eastern,2019,421.51
LG OLED TV,Latin America - Southern,2020,5873.25
PlayStation 5,Europe - Southern,2020,2287.03
Nespresso Vertuo,Asia - Eastern,2022,1069.43
Levi's 501 Jeans,Oceania - New Zealand,2024,546.4
Nespresso Vertuo,Africa - Western,2022,117.48
Ray-Ban Aviators,North America - East,2019,512.96
iPad Pro,Europe - Northern,2023,1356.39
Google Pixel 7,Africa - Western,2022,2427.74
Instant Pot Pro,Oceania - New Zealand,2021,252.47
IKEA Billy Bookcase,Asia - Southeastern,2019,259.47
Nespresso Vertuo,Europe - Southern,2022,638.72
PlayStation 5,Europe - Eastern,2023,3145.34
Samsung QLED TV,Europe - Southern,2022,8731.9
MacBook Air M2,North America - East,2023,7610.97
Herman Miller Chair,Europe - Eastern,2022,5007.36
AirPods Pro,North America - West,2024,1037.59
West Elm Sofa,Africa - Western,2024,8208.34
GoPro Hero 11,Europe - Northern,2020,1463.01
AirPods Pro,Asia - Southeastern,2020,918.3
Lululemon Align Leggings,North America - West,2021,543.39
Vitamix Blender,Africa - Southern,2020,191.6
Microsoft Surface Pro,Europe - Eastern,2020,7571.31
Nike Air Force 1,North America - Central,2024,575.9
Breville Coffee Maker,Europe - Western,2022,2193.89
Instant Pot Pro,Africa - Southern,2020,427.19
Vitamix Blender,Europe - Northern,2020,564.64
West Elm Sofa,Asia - Southern,2020,9211.15
IKEA Billy Bookcase,Africa - Western,2023,323.31
Sony WH-1000XM5,Middle East - Gulf,2021,3586.6
Dell XPS 13,Latin America - Southern,2020,1110.9
GoPro Hero 11,Europe - Southern,2021,1011.77
AirPods Pro,Asia - Southeastern,2023,1008.41
Xbox Series X,Asia - Southeastern,2020,1607.04
Lululemon Align Leggings,Middle East - Gulf,2024,574.31
Sony WH-1000XM5,Asia - Southern,2023,3661.72
Dell XPS 13,Latin America - Central,2022,4729.9
Nike Air Force 1,Africa - Southern,2021,215.01
Nespresso Vertuo,Africa - Southern,2021,269.63
Dyson V11 Vacuum,Middle East - Levant,2020,2393.14
Ninja Air Fryer,Europe - Northern,2020,590.09
Rolex Submariner,Europe - Eastern,2022,19279.01
Herman Miller Chair,Latin America - Northern,2021,2279.55
Ray-Ban Aviators,Africa - Southern,2022,374.95
Breville Coffee Maker,Oceania - Australia,2020,1842.8
Ninja Air Fryer,Middle East - Gulf,2020,725.33
iPad Pro,North America - East,2023,7849.2
GoPro Hero 11,Africa - Southern,2022,307.46
Dyson V11 Vacuum,Latin America - Southern,2024,393.09
Nespresso Vertuo,Middle East - Levant,2024,881.03
Google Pixel 7,Africa - Western,2020,880.16
Microsoft Surface Pro,Africa - Eastern,2024,6157.19
Breville Coffee Maker,Middle East - Gulf,2019,1827.3
KitchenAid Mixer,Europe - Western,2020,1833.55
Pottery Barn Dining Table,North America - East,2020,10138.45
Adidas Ultraboost,North America - Central,2024,709.78
IKEA Billy Bookcase,Asia - Southern,2022,66.74
Levi's 501 Jeans,Latin America - Southern,2024,127.11
Instant Pot Pro,Europe - Northern,2022,552.31
Google Pixel 7,Asia - Southeastern,2021,3578.59
iPhone 14 Pro,Europe - Western,2024,9070.75
Levi's 501 Jeans,Europe - Eastern,2024,241.45
Google Pixel 7,Europe - Southern,2019,1001.25
Samsung Galaxy S23,Europe - Northern,2024,3753.27
Levi's 501 Jeans,Africa - Southern,2024,298.52
Herman Miller Chair,Latin America - Northern,2021,2279.55
Tempur-Pedic Mattress,Europe - Eastern,2024,11603.56
Instant Pot Pro,Asia - Eastern,2024,172.77
MacBook Air M2,Europe - Southern,2019,8100.38
Dell XPS 13,North America - East,2019,8428.26
Tempur-Pedic Mattress,Europe - Western,2024,6357.09
Samsung Galaxy S23,Middle East - Gulf,2024,4224.82
Sony WH-1000XM5,Asia - Southeastern,2022,565.18
Rolex Submariner,Asia - Eastern,2023,13072.79
Nintendo Switch OLED,Europe - Eastern,2019,1281.99
Dell XPS 13,Oceania - New Zealand,2021,9338.33
IKEA Billy Bookcase,Latin America - Central,2024,174.45
West Elm Sofa,North America - East,2023,3783.93
Nike Air Force 1,Europe - Northern,2022,494.27
Nintendo Switch OLED,North America - West,2020,3582.4
Apple Watch Series 8,Europe - Western,2024,300.81
Ray-Ban Aviators,Latin America - Northern,2024,198.38
AirPods Pro,Europe - Southern,2021,427.29
Ray-Ban Aviators,North America - East,2022,955.08
LG OLED TV,Asia - Eastern,2019,7487.76
Nike Air Force 1,Asia - Southeastern,2021,414.46
Nintendo Switch OLED,Oceania - Australia,2022,3111.48
Rolex Submariner,Asia - Southeastern,2022,23523.6
PlayStation 5,Africa - Western,2022,2175.55
LG OLED TV,Asia - Southeastern,2019,1773.52
Levi's 501 Jeans,Oceania - New Zealand,2022,247.22
Nike Air Force 1,Asia - Southern,2021,95.83
LG OLED TV,Asia - Southern,2021,4159.44
Nike Air Force 1,North America - East,2024,339.92
Tempur-Pedic Mattress,Europe - Northern,2024,13792.71
Xbox Series X,Oceania - New Zealand,2022,4913.53
Microsoft Surface Pro,Middle East - Gulf,2020,8734.02
Roomba i7+,Europe - Western,2022,4684.23
Rolex Submariner,North America - East,2022,43688.68
Dell XPS 13,North America - Central,2023,9128.08
Instant Pot Pro,Asia - Southern,2021,346.16
Nespresso Vertuo,Latin America - Central,2021,512.22
Apple Watch Series 8,Africa - Eastern,2019,890.53
Google Pixel 7,North America - East,2023,5888.14
Tempur-Pedic Mattress,North America - Central,2023,1939.18
Instant Pot Pro,Latin America - Southern,2023,186.74
AirPods Pro,Latin America - Central,2024,1559.61
West Elm Sofa,North America - West,2022,11477.38
Pottery Barn Dining Table,Asia - Southeastern,2019,1503.06
Google Pixel 7,Latin America - Central,2024,1369.73
Roomba i7+,Latin America - Central,2023,2613.82
LG OLED TV,North America - Central,2024,2245.5
Ninja Air Fryer,North America - Central,2022,904.6
AirPods Pro,Asia - Southeastern,2021,749.38
iPhone 14 Pro,North America - Central,2023,9941.02
West Elm Sofa,Africa - Southern,2024,5563.42
Samsung QLED TV,North America - East,2021,7260.85
Instant Pot Pro,Oceania - Australia,2022,888.82
Microsoft Surface Pro,Europe - Northern,2023,3874.56
Samsung QLED TV,Asia - Southern,2021,6422.16
Vitamix Blender,Asia - Southern,2019,232.33
Samsung Galaxy S23,Middle East - Gulf,2019,5141.72
Levi's 501 Jeans,Latin America - Southern,2021,47.48
Rolex Submariner,Oceania - Australia,2019,35212.25
iPhone 14 Pro,Asia - Southern,2024,6747.83
Canon EOS R6,Middle East - Gulf,2022,21810.93
Apple Watch Series 8,Asia - Southeastern,2022,977.83
Apple Watch Series 8,North America - West,2021,397.98
Rolex Submariner,Middle East - Gulf,2024,59697.01
Pottery Barn Dining Table,Asia - Southeastern,2020,1595.73
Samsung QLED TV,Middle East - Gulf,2021,10489.55
Ray-Ban Aviators,Africa - Western,2022,70.08
Xbox Series X,Oceania - New Zealand,2020,3440.43
Breville Coffee Maker,Latin America - Central,2020,330.21
MacBook Air M2,Oceania - New Zealand,2023,9519.34
Instant Pot Pro,North America - West,2022,981.51
Ninja Air Fryer,Africa - Western,2022,286.44
iPhone 14 Pro,Asia - Southeastern,2023,4726.78
Google Pixel 7,Latin America - Central,2022,3102.92
Lululemon Align Leggings,North America - Central,2022,62.69
KitchenAid Mixer,Middle East - Gulf,2022,1760.95
Sony WH-1000XM5,North America - West,2021,1727.35
Rolex Submariner,Europe - Western,2019,12091.57
Canon EOS R6,Africa - Western,2019,5576.26
Breville Coffee Maker,Asia - Eastern,2019,1342.74
Xbox Series X,Europe - Northern,2022,3857.85
Samsung QLED TV,Europe - Southern,2019,6462.93
iPhone 14 Pro,North America - Central,2020,3739.59
Canon EOS R6,North America - East,2020,13748.81
Xbox Series X,Middle East - Gulf,2020,1018.5
Dell XPS 13,Middle East - Levant,2023,5338.5
Breville Coffee Maker,Asia - Eastern,2019,1342.74
Lululemon Align Leggings,Latin America - Central,2022,199.03
Sony WH-1000XM5,Africa - Southern,2019,1597.08
Vitamix Blender,North America - West,2024,796.22
Sony WH-1000XM5,Africa - Western,2024,505.7
Canon EOS R6,North America - East,2024,20688.3
Google Pixel 7,Latin America - Southern,2019,978.34
GoPro Hero 11,Europe - Eastern,2023,3351.45
Vitamix Blender,North America - West,2020,815.25
Nintendo Switch OLED,Middle East - Levant,2022,1703.1
Dyson V11 Vacuum,Asia - Southern,2022,2960.72
Dell XPS 13,Latin America - Central,2023,5976.53
Roomba i7+,Oceania - Australia,2020,4791.62
Nike Air Force 1,North America - West,2021,295.75
Tempur-Pedic Mattress,Africa - Southern,2020,882.49
Google Pixel 7,Europe - Northern,2022,2144.01
IKEA Billy Bookcase,Europe - Eastern,2024,366.71
Roomba i7+,Asia - Southern,2022,2400.5
Herman Miller Chair,Latin America - Central,2020,622.84
Samsung Galaxy S23,Europe - Eastern,2020,2867.37
Instant Pot Pro,North America - West,2021,651.59
Samsung Galaxy S23,Europe - Western,2024,6294.9
Nike Air Force 1,Africa - Eastern,2023,145.34
iPhone 14 Pro,Europe - Northern,2024,1324.82
Nike Air Force 1,Latin America - Northern,2019,211.75
Rolex Submariner,Latin America - Northern,2021,7172.74
Breville Coffee Maker,Middle East - Gulf,2022,456.0
PlayStation 5,Oceania - Australia,2019,3820.74
Roomba i7+,Europe - Southern,2022,1467.56
Adidas Ultraboost,Middle East - Levant,2019,79.5
Xbox Series X,Latin America - Northern,2020,569.41
Levi's 501 Jeans,Latin America - Northern,2024,234.72
Tempur-Pedic Mattress,Oceania - New Zealand,2019,10397.23
Tempur-Pedic Mattress,Asia - Southern,2024,1726.83
West Elm Sofa,Europe - Northern,2021,6094.67
Ninja Air Fryer,Europe - Northern,2022,557.63
Roomba i7+,Middle East - Gulf,2019,4904.73
Nintendo Switch OLED,Africa - Southern,2019,1406.28
Dell XPS 13,Europe - Southern,2020,3373.06
Samsung QLED TV,Latin America - Northern,2022,3481.73
Xbox Series X,North America - Central,2019,1036.83
PlayStation 5,Africa - Southern,2020,542.49
Tempur-Pedic Mattress,Asia - Eastern,2020,5978.04
Pottery Barn Dining Table,North America - East,2019,2718.71
Nike Air Force 1,Asia - Eastern,2021,173.94
Nike Air Force 1,North America - East,2019,409.75
Vitamix Blender,Europe - Eastern,2019,817.81
Microsoft Surface Pro,Asia - Eastern,2024,4225.53
GoPro Hero 11,Middle East - Levant,2019,613.61
Ninja Air Fryer,Oceania - Australia,2023,641.99
Ray-Ban Aviators,Asia - Southern,2023,175.68
Google Pixel 7,Asia - Southeastern,2024,1014.17
Google Pixel 7,Latin America - Southern,2023,446.36
Ray-Ban Aviators,Middle East - Levant,2024,423.87
Rolex Submariner,Middle East - Levant,2019,3063.23
Samsung QLED TV,North America - East,2020,5926.79
iPhone 14 Pro,Asia - Southern,2023,7465.6
Levi's 501 Jeans,Asia - Eastern,2020,50.48
Breville Coffee Maker,Europe - Western,2023,1817.89
Adidas Ultraboost,North America - Central,2020,587.24
Nespresso Vertuo,North America - West,2021,1002.24
Microsoft Surface Pro,Latin America - Southern,2024,10310.3
Herman Miller Chair,Europe - Eastern,2024,3155.16
PlayStation 5,Africa - Western,2024,331.64
Levi's 501 Jeans,North America - West,2021,81.55
Herman Miller Chair,Asia - Southeastern,2021,6511.96
Nespresso Vertuo,Oceania - New Zealand,2022,713.67
GoPro Hero 11,North America - West,2022,566.25
Apple Watch Series 8,Middle East - Levant,2021,981.46
Herman Miller Chair,Oceania - Australia,2021,9063.31
iPad Pro,Europe - Northern,2020,6167.97
Vitamix Blender,Middle East - Levant,2023,318.03
Ninja Air Fryer,Africa - Eastern,2022,241.12
Dyson V11 Vacuum,Middle East - Levant,2020,2393.14
Rolex Submariner,Latin America - Southern,2023,25840.26
PlayStation 5,Asia - Southern,2019,662.06
MacBook Air M2,Asia - Eastern,2022,8214.59
Instant Pot Pro,Oceania - Australia,2020,114.17
Samsung QLED TV,Asia - Southern,2019,758.87
IKEA Billy Bookcase,Latin America - Northern,2023,90.78
Pottery Barn Dining Table,Europe - Northern,2019,3731.72
Nespresso Vertuo,Middle East - Levant,2023,926.63
KitchenAid Mixer,Europe - Eastern,2023,764.65
Lululemon Align Leggings,Africa - Western,2024,330.76
Pottery Barn Dining Table,Europe - Eastern,2023,2221.18
Adidas Ultraboost,Europe - Eastern,2019,825.12
Adidas Ultraboost,Europe - Northern,2020,549.27
Levi's 501 Jeans,Europe - Eastern,2024,241.45
Ninja Air Fryer,Europe - Eastern,2022,727.07
Nespresso Vertuo,Europe - Southern,2020,1096.66
Nike Air Force 1,Europe - Western,2022,255.41
Nike Air Force 1,Oceania - New Zealand,2024,230.68
Microsoft Surface Pro,Asia - Southeastern,2024,7113.0
Adidas Ultraboost,Asia - Southern,2021,547.92
Samsung Galaxy S23,North America - East,2023,1554.34
Google Pixel 7,Oceania - New Zealand,2022,6027.59
Sony WH-1000XM5,Latin America - Northern,2020,1120.67
PlayStation 5,Asia - Southern,2024,3427.87
Pottery Barn Dining Table,Africa - Western,2019,4057.05
Samsung Galaxy S23,Africa - Western,2022,596.83
Xbox Series X,Africa - Southern,2021,746.07
Google Pixel 7,Africa - Western,2023,460.73
AirPods Pro,Latin America - Central,2020,247.48
Samsung Galaxy S23,North America - West,2021,5246.16
Herman Miller Chair,Africa - Southern,2019,2493.96
GoPro Hero 11,Latin America - Northern,2019,1303.73
Samsung Galaxy S23,Latin America - Central,2019,3628.17
Ray-Ban Aviators,Africa - Western,2024,358.27
Breville Coffee Maker,Oceania - New Zealand,2023,1317.02
Roomba i7+,Latin America - Southern,2021,3197.84
Roomba i7+,North America - West,2019,2069.49
PlayStation 5,Africa - Eastern,2019,786.48
Tempur-Pedic Mattress,Europe - Southern,2020,6278.59
Dyson V11 Vacuum,Africa - Southern,2020,2471.26
Levi's 501 Jeans,Middle East - Gulf,2024,324.24
Dell XPS 13,Middle East - Gulf,2023,7176.55
Dyson V11 Vacuum,Africa - Western,2022,2293.32
Google Pixel 7,Africa - Southern,2019,2894.57
Instant Pot Pro,Europe - Western,2021,359.79
Herman Miller Chair,North America - West,2019,3686.38
IKEA Billy Bookcase,Latin America - Southern,2023,444.36
Herman Miller Chair,North America - Central,2021,6589.23
Xbox Series X,North America - West,2019,3361.4
Nintendo Switch OLED,Africa - Southern,2023,469.11
Sony WH-1000XM5,North America - East,2021,3301.01
Samsung QLED TV,Europe - Eastern,2023,9187.86
Roomba i7+,Latin America - Southern,2023,2711.54
Apple Watch Series 8,Oceania - Australia,2020,1218.62
Nike Air Force 1,Middle East - Gulf,2021,421.01
Canon EOS R6,Europe - Southern,2021,16326.12
Roomba i7+,Middle East - Levant,2021,1861.91
PlayStation 5,Middle East - Levant,2019,281.68
Ray-Ban Aviators,North America - Central,2022,225.15
Ray-Ban Aviators,North America - West,2024,668.2
Samsung Galaxy S23,Latin America - Southern,2021,2073.72
PlayStation 5,Middle East - Gulf,2024,4763.41
LG OLED TV,Asia - Southern,2021,4159.44
MacBook Air M2,Europe - Eastern,2024,7736.26
Xbox Series X,Africa - Western,2022,1739.58
LG OLED TV,Europe - Western,2023,5879.85
Google Pixel 7,Oceania - New Zealand,2019,2986.07
Rolex Submariner,Latin America - Southern,2021,22668.21
Tempur-Pedic Mattress,Latin America - Southern,2022,4402.17
Levi's 501 Jeans,Europe - Western,2024,522.01
Breville Coffee Maker,Middle East - Levant,2023,240.32
Sony WH-1000XM5,North America - East,2022,4309.27
IKEA Billy Bookcase,Latin America - Central,2022,284.91
Dyson V11 Vacuum,Asia - Southeastern,2023,3080.52
Pottery Barn Dining Table,North America - West,2020,6022.03
iPhone 14 Pro,Africa - Western,2022,2059.91
Tempur-Pedic Mattress,Oceania - New Zealand,2019,10397.23
Roomba i7+,Latin America - Northern,2022,1741.47
Adidas Ultraboost,Oceania - New Zealand,2021,873.58
KitchenAid Mixer,Africa - Southern,2019,1363.31
Roomba i7+,Asia - Southern,2024,1282.36
iPhone 14 Pro,Oceania - Australia,2020,8865.03
Tempur-Pedic Mattress,Africa - Eastern,2019,1717.93
Nike Air Force 1,Africa - Southern,2024,43.83
Nespresso Vertuo,Oceania - Australia,2019,1059.31
Ray-Ban Aviators,Asia - Southern,2023,175.68
Breville Coffee Maker,Africa - Eastern,2022,421.5
Adidas Ultraboost,Africa - Western,2022,513.95
Samsung Galaxy S23,Europe - Eastern,2019,4244.8
Dell XPS 13,Asia - Eastern,2019,3828.37
Breville Coffee Maker,Africa - Eastern,2021,565.99
Adidas Ultraboost,Middle East - Gulf,2022,612.22
West Elm Sofa,Europe - Western,2020,3804.33
iPhone 14 Pro,Middle East - Gulf,2019,3187.74
PlayStation 5,Asia - Southern,2019,662.06
West Elm Sofa,Africa - Southern,2022,3722.56
MacBook Air M2,Latin America - Northern,2020,2511.21
Vitamix Blender,Latin America - Northern,2023,587.93
IKEA Billy Bookcase,Oceania - New Zealand,2021,155.98
Rolex Submariner,Europe - Western,2024,65856.49
Lululemon Align Leggings,Asia - Southeastern,2020,99.41
Ray-Ban Aviators,Africa - Southern,2021,76.44
Lululemon Align Leggings,North America - West,2020,71.94
Rolex Submariner,North America - West,2020,32496.54
Samsung Galaxy S23,Asia - Southern,2021,2525.43
AirPods Pro,Latin America - Northern,2021,610.52
PlayStation 5,Europe - Southern,2022,2566.72
Levi's 501 Jeans,Africa - Southern,2023,354.65
Breville Coffee Maker,Africa - Western,2022,151.25
Instant Pot Pro,Latin America - Central,2022,392.49
Lululemon Align Leggings,Europe - Eastern,2022,229.2
Microsoft Surface Pro,Europe - Eastern,2019,6661.53
Samsung Galaxy S23,Europe - Western,2023,3806.64
Nike Air Force 1,Middle East - Gulf,2024,746.8
Breville Coffee Maker,North America - West,2022,2193.56
MacBook Air M2,Middle East - Gulf,2020,4674.89
Herman Miller Chair,Latin America - Southern,2024,1093.6
Nintendo Switch OLED,Europe - Southern,2021,1623.97
KitchenAid Mixer,Middle East - Gulf,2024,4089.63
Ray-Ban Aviators,Middle East - Levant,2024,423.87
Vitamix Blender,Oceania - Australia,2024,3126.4
Google Pixel 7,Oceania - Australia,2024,3038.85
Breville Coffee Maker,North America - East,2022,1170.81
IKEA Billy Bookcase,Latin America - Southern,2024,278.25
Sony WH-1000XM5,Europe - Western,2019,399.93
iPad Pro,Latin America - Southern,2020,6027.77
Nespresso Vertuo,Europe - Western,2019,1040.15
Samsung QLED TV,Middle East - Gulf,2021,10489.55
Nintendo Switch OLED,Middle East - Levant,2021,533.56
Breville Coffee Maker,Africa - Eastern,2021,565.99
Sony WH-1000XM5,Africa - Southern,2022,1208.66
Microsoft Surface Pro,Europe - Northern,2020,6540.53
Ray-Ban Aviators,North America - Central,2021,580.32
Levi's 501 Jeans,Oceania - Australia,2023,201.47
Ray-Ban Aviators,Europe - Eastern,2022,449.16
LG OLED TV,Oceania - New Zealand,2021,1869.73
iPad Pro,North America - West,2020,10221.79
MacBook Air M2,North America - Central,2021,2993.98
Samsung QLED TV,Europe - Eastern,2022,9292.42
iPhone 14 Pro,Europe - Southern,2021,5810.46
Nespresso Vertuo,Latin America - Southern,2024,844.5
West Elm Sofa,Europe - Western,2022,11459.26
PlayStation 5,Asia - Southern,2021,3067.63
Herman Miller Chair,Europe - Eastern,2023,5406.52
Microsoft Surface Pro,Middle East - Gulf,2021,1205.46
Google Pixel 7,Latin America - Central,2019,1284.04
GoPro Hero 11,Latin America - Northern,2020,1433.47
West Elm Sofa,North America - West,2023,10948.66
Dell XPS 13,Latin America - Southern,2024,7369.42
Nintendo Switch OLED,Oceania - New Zealand,2023,849.04
Ray-Ban Aviators,Oceania - New Zealand,2021,621.11
Ninja Air Fryer,Latin America - Northern,2023,120.24
Samsung Galaxy S23,Oceania - New Zealand,2022,8517.19
MacBook Air M2,Europe - Eastern,2022,7570.39
iPad Pro,Europe - Northern,2021,2712.8
Dell XPS 13,North America - West,2023,14388.19
Microsoft Surface Pro,Middle East - Levant,2023,3364.49
Herman Miller Chair,Europe - Western,2022,10946.52
Adidas Ultraboost,Europe - Northern,2020,549.27
GoPro Hero 11,Europe - Western,2023,520.96
Apple Watch Series 8,Europe - Southern,2024,2094.14
Rolex Submariner,Europe - Western,2021,26746.46
Vitamix Blender,North America - Central,2019,1680.26
GoPro Hero 11,Africa - Eastern,2024,2729.07
Pottery Barn Dining Table,North America - East,2019,2718.71
Ninja Air Fryer,Middle East - Levant,2024,678.24
Samsung QLED TV,Europe - Southern,2024,9242.48
iPhone 14 Pro,Africa - Western,2019,4657.46
Breville Coffee Maker,Asia - Eastern,2023,822.84
Sony WH-1000XM5,North America - East,2020,1083.81
Google Pixel 7,North America - East,2020,1459.78
Nike Air Force 1,North America - Central,2021,192.64
Vitamix Blender,Latin America - Northern,2024,1850.5
Roomba i7+,Europe - Southern,2020,4436.89
West Elm Sofa,Latin America - Central,2020,3581.32
Xbox Series X,Oceania - Australia,2022,1513.08
Nintendo Switch OLED,Latin America - Southern,2020,925.52
Nintendo Switch OLED,Asia - Southern,2022,246.99
Nintendo Switch OLED,Africa - Western,2020,361.97
Breville Coffee Maker,North America - West,2019,1982.61
West Elm Sofa,Middle East - Gulf,2021,10431.88
Apple Watch Series 8,Middle East - Levant,2023,1479.79
iPhone 14 Pro,Oceania - Australia,2020,8865.03
Google Pixel 7,Oceania - Australia,2022,1305.99
Tempur-Pedic Mattress,Latin America - Northern,2022,2279.57
Sony WH-1000XM5,Africa - Western,2021,226.94
Apple Watch Series 8,Asia - Southern,2022,242.44
Dyson V11 Vacuum,Asia - Southeastern,2022,1945.88
Nike Air Force 1,Middle East - Levant,2022,98.38
MacBook Air M2,Middle East - Gulf,2023,6763.08
Ninja Air Fryer,North America - Central,2024,177.74
Adidas Ultraboost,Latin America - Southern,2019,346.01
Nespresso Vertuo,Middle East - Levant,2023,926.63
Vitamix Blender,Africa - Eastern,2022,1604.97
Nike Air Force 1,North America - Central,2023,403.89
Pottery Barn Dining Table,Africa - Western,2020,5407.09
Xbox Series X,Oceania - Australia,2019,1797.25
Dyson V11 Vacuum,Asia - Southeastern,2019,288.51
GoPro Hero 11,Latin America - Southern,2019,1007.22
Google Pixel 7,Latin America - Central,2021,636.58
Pottery Barn Dining Table,Oceania - Australia,2021,6034.55
Sony WH-1000XM5,Oceania - Australia,2023,3717.42
Google Pixel 7,Middle East - Gulf,2023,759.4
Lululemon Align Leggings,Oceania - Australia,2021,71.31
Instant Pot Pro,North America - Central,2022,758.89
Breville Coffee Maker,Europe - Eastern,2020,1051.71
Rolex Submariner,Africa - Eastern,2023,6059.89
Pottery Barn Dining Table,Europe - Eastern,2023,2221.18
Ninja Air Fryer,Latin America - Northern,2020,375.7
Sony WH-1000XM5,Europe - Northern,2020,1004.6
MacBook Air M2,Africa - Southern,2022,5518.32
GoPro Hero 11,North America - West,2024,3151.15
Ray-Ban Aviators,Europe - Northern,2024,256.05
KitchenAid Mixer,North America - Central,2020,2053.69
Vitamix Blender,Europe - Eastern,2021,546.46
Tempur-Pedic Mattress,North America - Central,2024,19114.76
Pottery Barn Dining Table,North America - Central,2023,8685.61
Canon EOS R6,Middle East - Gulf,2023,17899.52
GoPro Hero 11,Asia - Southern,2022,1156.24
Ninja Air Fryer,Latin America - Northern,2022,136.99
iPad Pro,Middle East - Gulf,2019,4836.43
Breville Coffee Maker,Europe - Eastern,2024,2364.31
Canon EOS R6,Oceania - New Zealand,2022,26698.6
LG OLED TV,Europe - Western,2022,5705.84
Canon EOS R6,Asia - Southeastern,2023,19767.8
Samsung Galaxy S23,Middle East - Levant,2023,5269.21
Dyson V11 Vacuum,Africa - Eastern,2024,2052.63
LG OLED TV,North America - West,2022,3836.35
Nespresso Vertuo,Latin America - Northern,2023,278.68
Rolex Submariner,Europe - Western,2024,65856.49
AirPods Pro,Latin America - Central,2019,977.11
IKEA Billy Bookcase,Europe - Northern,2020,48.6
MacBook Air M2,Europe - Eastern,2022,7570.39
IKEA Billy Bookcase,Europe - Northern,2019,399.44
PlayStation 5,Asia - Eastern,2023,2101.81
Adidas Ultraboost,Europe - Eastern,2020,310.55
Microsoft Surface Pro,Africa - Eastern,2020,2200.92
MacBook Air M2,Europe - Eastern,2021,4788.36
Nike Air Force 1,Middle East - Gulf,2020,453.12
Google Pixel 7,Latin America - Southern,2021,1866.19
MacBook Air M2,Asia - Eastern,2022,8214.59
West Elm Sofa,Latin America - Southern,2019,714.17
GoPro Hero 11,Middle East - Gulf,2022,926.87
Herman Miller Chair,North America - West,2024,14770.55
Samsung QLED TV,North America - East,2019,1584.02
Ray-Ban Aviators,Europe - Western,2023,579.25
Apple Watch Series 8,Oceania - New Zealand,2024,2292.17
Google Pixel 7,North America - Central,2024,1262.28
Levi's 501 Jeans,Latin America - Northern,2020,252.07
Herman Miller Chair,Europe - Southern,2024,10978.24
Vitamix Blender,North America - East,2022,3233.9
Roomba i7+,Latin America - Northern,2024,3219.8
Pottery Barn Dining Table,Oceania - Australia,2022,6315.66
Nespresso Vertuo,North America - East,2023,241.98
Samsung Galaxy S23,North America - West,2023,6569.48
Pottery Barn Dining Table,Europe - Western,2019,6856.51
Dell XPS 13,Latin America - Central,2024,1774.78
Samsung Galaxy S23,Middle East - Levant,2021,519.53
Microsoft Surface Pro,Latin America - Northern,2024,5214.36
West Elm Sofa,Middle East - Levant,2022,7825.05
Lululemon Align Leggings,Middle East - Levant,2019,68.98
LG OLED TV,North America - East,2020,7870.47
Sony WH-1000XM5,Middle East - Gulf,2020,840.77
Rolex Submariner,Asia - Eastern,2023,13072.79
GoPro Hero 11,Europe - Northern,2021,1729.71
Breville Coffee Maker,Europe - Eastern,2019,464.72
Sony WH-1000XM5,Europe - Eastern,2020,2282.44
Samsung Galaxy S23,Africa - Western,2020,998.48
Rolex Submariner,Africa - Southern,2020,26102.06
LG OLED TV,Latin America - Central,2023,9911.14
GoPro Hero 11,Middle East - Levant,2024,2846.89
Ninja Air Fryer,Oceania - Australia,2019,202.05
Nintendo Switch OLED,Asia - Eastern,2024,3851.48
Tempur-Pedic Mattress,North America - East,2023,7489.36
AirPods Pro,Europe - Northern,2021,1267.45
PlayStation 5,Latin America - Central,2023,2100.83
Levi's 501 Jeans,Africa - Western,2019,25.37
Xbox Series X,Europe - Western,2020,936.42
Dell XPS 13,Africa - Eastern,2022,3642.22
Samsung QLED TV,North America - West,2019,10382.64
Canon EOS R6,Oceania - Australia,2023,13155.4
Dyson V11 Vacuum,North America - Central,2019,2721.45
Ray-Ban Aviators,North America - East,2024,145.63
Vitamix Blender,Oceania - Australia,2019,2150.55
IKEA Billy Bookcase,Europe - Northern,2023,98.45
Rolex Submariner,Europe - Western,2023,19124.18
Nintendo Switch OLED,Europe - Eastern,2021,2233.96
Ray-Ban Aviators,Oceania - New Zealand,2020,546.14
Google Pixel 7,North America - West,2024,5901.37
iPad Pro,Africa - Eastern,2024,792.06
West Elm Sofa,North America - East,2023,3783.93
Samsung QLED TV,North America - East,2019,1584.02
Apple Watch Series 8,Africa - Western,2019,321.1
PlayStation 5,Europe - Eastern,2023,3145.34
Rolex Submariner,Europe - Eastern,2023,35946.3
Samsung Galaxy S23,Middle East - Gulf,2019,5141.72
Roomba i7+,Latin America - Southern,2022,3121.06
Lululemon Align Leggings,Europe - Eastern,2019,377.53
Pottery Barn Dining Table,Asia - Southeastern,2022,851.91
KitchenAid Mixer,Europe - Southern,2023,2711.76
Herman Miller Chair,Oceania - Australia,2021,9063.31
Vitamix Blender,Asia - Southern,2020,983.62
Lululemon Align Leggings,Latin America - Southern,2022,304.07
Ray-Ban Aviators,Europe - Western,2020,281.13
Nespresso Vertuo,Oceania - New Zealand,2020,658.5
Sony WH-1000XM5,Asia - Eastern,2020,2980.31
Samsung Galaxy S23,Middle East - Levant,2024,764.08
GoPro Hero 11,Asia - Eastern,2021,2060.07
Nike Air Force 1,Europe - Southern,2023,346.19
MacBook Air M2,Europe - Southern,2024,7837.65
Instant Pot Pro,Oceania - New Zealand,2021,252.47
Lululemon Align Leggings,Middle East - Levant,2022,99.75
Ray-Ban Aviators,Oceania - New Zealand,2019,107.57
Tempur-Pedic Mattress,Middle East - Gulf,2019,11445.42
MacBook Air M2,North America - West,2021,7401.99
PlayStation 5,Europe - Northern,2024,613.03
iPad Pro,North America - West,2022,11105.62
LG OLED TV,Europe - Eastern,2024,8008.21
Dell XPS 13,Asia - Southeastern,2019,1282.3
LG OLED TV,Europe - Western,2022,5705.84
Dell XPS 13,North America - East,2023,12512.08
Lululemon Align Leggings,Asia - Southeastern,2021,272.25
KitchenAid Mixer,North America - Central,2022,2121.47
Levi's 501 Jeans,Asia - Southern,2019,178.19
PlayStation 5,Asia - Southeastern,2021,2244.33
Google Pixel 7,Africa - Southern,2024,4722.72
LG OLED TV,Middle East - Gulf,2022,8536.92
Canon EOS R6,Middle East - Levant,2022,10747.3
Nintendo Switch OLED,Latin America - Southern,2019,1161.68
Roomba i7+,Latin America - Central,2024,1764.04
Adidas Ultraboost,North America - East,2019,747.43
West Elm Sofa,Europe - Eastern,2024,6866.71
Lululemon Align Leggings,Middle East - Levant,2020,208.05
Dell XPS 13,Asia - Eastern,2022,4779.7
IKEA Billy Bookcase,North America - Central,2020,139.6
Xbox Series X,Latin America - Central,2023,487.21
Levi's 501 Jeans,Asia - Southeastern,2023,431.93
LG OLED TV,Europe - Northern,2022,3317.66
iPad Pro,Latin America - Northern,2024,7698.76
Roomba i7+,Europe - Northern,2020,540.05
Lululemon Align Leggings,North America - Central,2020,210.65
Apple Watch Series 8,Oceania - New Zealand,2022,327.16
Ninja Air Fryer,North America - Central,2019,274.56
Nespresso Vertuo,Oceania - New Zealand,2023,573.93
iPad Pro,Middle East - Levant,2022,768.93
Sony WH-1000XM5,Europe - Eastern,2020,2282.44
Canon EOS R6,Asia - Southern,2022,4697.27
Instant Pot Pro,North America - Central,2019,788.95
Samsung QLED TV,Oceania - Australia,2023,6934.31
GoPro Hero 11,Asia - Eastern,2020,1117.04
Breville Coffee Maker,Asia - Southeastern,2021,166.81
Samsung Galaxy S23,Europe - Eastern,2024,3195.77
Nike Air Force 1,Europe - Northern,2022,494.27
LG OLED TV,Asia - Southeastern,2021,2986.0
Instant Pot Pro,Latin America - Northern,2024,447.32
Apple Watch Series 8,Latin America - Northern,2019,304.74
Herman Miller Chair,Africa - Southern,2019,2493.96
Canon EOS R6,Middle East - Gulf,2021,15670.08
iPhone 14 Pro,Middle East - Gulf,2019,3187.74
Nespresso Vertuo,Asia - Southeastern,2019,803.84
AirPods Pro,Africa - Eastern,2020,154.21
Rolex Submariner,Middle East - Levant,2021,23683.31
Microsoft Surface Pro,Latin America - Central,2022,3462.19
LG OLED TV,Middle East - Gulf,2023,6605.54
GoPro Hero 11,Africa - Eastern,2022,1168.19
Lululemon Align Leggings,Africa - Western,2024,330.76
Samsung QLED TV,Asia - Eastern,2019,10224.55
Roomba i7+,Asia - Southern,2020,491.89
Microsoft Surface Pro,Oceania - Australia,2019,2470.12
Sony WH-1000XM5,Oceania - New Zealand,2020,1826.83
Herman Miller Chair,Africa - Eastern,2020,1611.12
Roomba i7+,Africa - Western,2024,4144.57
Nespresso Vertuo,Europe - Western,2023,431.37
LG OLED TV,Europe - Northern,2024,7206.97
Sony WH-1000XM5,Middle East - Levant,2021,798.59
iPad Pro,Middle East - Levant,2019,3819.85
LG OLED TV,Europe - Northern,2019,5916.93
Dell XPS 13,Europe - Southern,2024,4995.67
Xbox Series X,Oceania - Australia,2019,1797.25
Breville Coffee Maker,North America - Central,2022,788.62
Nintendo Switch OLED,Africa - Eastern,2022,237.13
Dell XPS 13,Africa - Southern,2023,4119.72
Ninja Air Fryer,Latin America - Southern,2022,326.53
KitchenAid Mixer,Africa - Western,2019,1208.22
Tempur-Pedic Mattress,Latin America - Central,2019,851.48
Sony WH-1000XM5,Europe - Western,2020,423.3
KitchenAid Mixer,Oceania - Australia,2022,1814.04
IKEA Billy Bookcase,Africa - Southern,2024,117.8
Nike Air Force 1,Latin America - Northern,2024,294.77
MacBook Air M2,Europe - Eastern,2021,4788.36
Dell XPS 13,North America - West,2021,8186.31
Dell XPS 13,Europe - Northern,2019,6245.68
GoPro Hero 11,Latin America - Southern,2023,2187.1
Nintendo Switch OLED,Europe - Eastern,2019,1281.99
Sony WH-1000XM5,Europe - Northern,2024,4073.13
IKEA Billy Bookcase,Europe - Southern,2021,253.67
Nintendo Switch OLED,Africa - Eastern,2019,529.76
Breville Coffee Maker,Asia - Eastern,2022,1286.55
Roomba i7+,Asia - Southern,2020,491.89
Lululemon Align Leggings,North America - West,2019,267.83
Microsoft Surface Pro,North America - East,2020,7684.59
West Elm Sofa,Europe - Western,2022,11459.26
MacBook Air M2,Africa - Eastern,2023,1757.73
Breville Coffee Maker,Europe - Northern,2020,545.2
Pottery Barn Dining Table,Asia - Southeastern,2019,1503.06
Canon EOS R6,Middle East - Gulf,2022,21810.93
Levi's 501 Jeans,Middle East - Gulf,2023,271.75
Instant Pot Pro,North America - Central,2024,986.84
Microsoft Surface Pro,Africa - Eastern,2020,2200.92
Canon EOS R6,Europe - Northern,2020,16988.74
Pottery Barn Dining Table,Asia - Southeastern,2021,7998.11
iPhone 14 Pro,Asia - Eastern,2022,4407.59
LG OLED TV,Africa - Western,2023,6230.47
MacBook Air M2,Europe - Western,2019,7614.67
PlayStation 5,Africa - Eastern,2022,797.02
Dell XPS 13,North America - West,2020,6193.44
Adidas Ultraboost,Europe - Western,2023,178.5
Dell XPS 13,Asia - Southeastern,2022,1991.12
LG OLED TV,Africa - Eastern,2021,4918.09
Nike Air Force 1,Latin America - Central,2024,254.48
Nintendo Switch OLED,Europe - Northern,2022,1768.12
Breville Coffee Maker,North America - West,2020,1656.26
LG OLED TV,Africa - Southern,2021,7450.68
Nespresso Vertuo,Latin America - Northern,2021,247.35
Google Pixel 7,Asia - Eastern,2020,2571.45
Adidas Ultraboost,Oceania - Australia,2019,194.1
AirPods Pro,Africa - Western,2019,236.02
West Elm Sofa,North America - West,2022,11477.38
MacBook Air M2,Europe - Northern,2023,14813.31
Pottery Barn Dining Table,Middle East - Levant,2020,5643.18
Vitamix Blender,Asia - Eastern,2023,473.08
KitchenAid Mixer,Europe - Western,2020,1833.55
Microsoft Surface Pro,Europe - Northern,2019,2418.1
Herman Miller Chair,Oceania - Australia,2023,1639.15
Pottery Barn Dining Table,Oceania - Australia,2019,980.38
Herman Miller Chair,Africa - Southern,2019,2493.96
AirPods Pro,Asia - Southeastern,2021,749.38
Pottery Barn Dining Table,Africa - Eastern,2021,2506.85
Apple Watch Series 8,Africa - Eastern,2024,903.03
Levi's 501 Jeans,Latin America - Northern,2023,152.46
KitchenAid Mixer,Latin America - Southern,2021,1063.98
Sony WH-1000XM5,Africa - Southern,2024,1709.57
Nespresso Vertuo,North America - West,2021,1002.24
Breville Coffee Maker,Asia - Southern,2022,494.57
Microsoft Surface Pro,North America - Central,2021,13665.78
Roomba i7+,Europe - Western,2020,3990.93
Samsung Galaxy S23,Asia - Southern,2022,5118.21
Xbox Series X,Africa - Southern,2019,2220.33
Pottery Barn Dining Table,Europe - Southern,2020,7302.04
Roomba i7+,Africa - Western,2020,1423.16
MacBook Air M2,Asia - Southern,2020,734.57
Vitamix Blender,Oceania - New Zealand,2019,2634.54
Nespresso Vertuo,Middle East - Levant,2022,162.46
West Elm Sofa,Europe - Western,2022,11459.26
Instant Pot Pro,Middle East - Gulf,2024,114.44
Herman Miller Chair,Africa - Southern,2024,3306.21
LG OLED TV,Asia - Southeastern,2019,1773.52
Roomba i7+,North America - Central,2023,5989.96
Instant Pot Pro,North America - Central,2022,758.89
Samsung QLED TV,Europe - Eastern,2023,9187.86
MacBook Air M2,Middle East - Gulf,2020,4674.89
Levi's 501 Jeans,Middle East - Gulf,2021,50.21
KitchenAid Mixer,Africa - Eastern,2021,398.02
Vitamix Blender,Latin America - Southern,2020,210.57
AirPods Pro,Asia - Eastern,2022,819.62
PlayStation 5,Europe - Northern,2020,1629.04
Nintendo Switch OLED,Europe - Eastern,2022,2282.48
KitchenAid Mixer,Africa - Western,2021,1059.2
PlayStation 5,Latin America - Central,2023,2100.83
Dell XPS 13,North America - East,2022,9591.02
Samsung QLED TV,Oceania - Australia,2024,13610.14
Samsung QLED TV,Asia - Southern,2022,6704.53
Rolex Submariner,Africa - Southern,2019,21380.73
Nike Air Force 1,Middle East - Levant,2020,234.07
Herman Miller Chair,Oceania - New Zealand,2022,7492.63
Vitamix Blender,North America - Central,2022,439.71
MacBook Air M2,North America - West,2019,10412.85
Ray-Ban Aviators,North America - Central,2019,265.17
GoPro Hero 11,North America - Central,2023,491.21
MacBook Air M2,Latin America - Central,2022,6071.52
MacBook Air M2,Africa - Southern,2019,2178.04
Breville Coffee Maker,North America - East,2019,290.71
Microsoft Surface Pro,Latin America - Southern,2024,10310.3
IKEA Billy Bookcase,Middle East - Gulf,2021,277.67
MacBook Air M2,Europe - Northern,2019,5922.26
Apple Watch Series 8,Oceania - New Zealand,2021,239.91
AirPods Pro,Middle East - Levant,2022,328.97
iPad Pro,North America - East,2020,5404.42
Vitamix Blender,Oceania - Australia,2019,2150.55
Herman Miller Chair,Europe - Southern,2022,6216.58
Samsung Galaxy S23,Asia - Southern,2022,5118.21
AirPods Pro,Africa - Southern,2019,1300.6
West Elm Sofa,Africa - Eastern,2021,4764.0
Sony WH-1000XM5,Asia - Eastern,2024,4063.73
Dyson V11 Vacuum,Middle East - Gulf,2024,713.34
IKEA Billy Bookcase,Oceania - New Zealand,2022,570.86
Samsung Galaxy S23,Latin America - Central,2022,4843.21
Herman Miller Chair,Oceania - New Zealand,2023,5078.57
Tempur-Pedic Mattress,Middle East - Gulf,2019,11445.42
LG OLED TV,North America - Central,2019,7598.58
Tempur-Pedic Mattress,Middle East - Levant,2024,3112.3
PlayStation 5,Middle East - Gulf,2023,1151.64
Google Pixel 7,Europe - Western,2023,5456.36
Nespresso Vertuo,Middle East - Levant,2021,125.0
iPad Pro,Oceania - New Zealand,2023,1577.76
Dell XPS 13,Latin America - Central,2020,3788.41
Google Pixel 7,Europe - Western,2021,3487.21
Rolex Submariner,Africa - Eastern,2024,25225.08
Dell XPS 13,Latin America - Southern,2019,3269.44
Dell XPS 13,Oceania - New Zealand,2023,14337.75
IKEA Billy Bookcase,Latin America - Central,2020,117.45
Dyson V11 Vacuum,North America - West,2024,4601.27
AirPods Pro,Africa - Western,2019,236.02
Sony WH-1000XM5,Europe - Northern,2019,1303.95
Apple Watch Series 8,Europe - Eastern,2024,598.01
Levi's 501 Jeans,Latin America - Northern,2024,234.72
Xbox Series X,Africa - Southern,2021,746.07
AirPods Pro,Europe - Northern,2024,2266.72
Vitamix Blender,Europe - Northern,2021,2190.05
iPhone 14 Pro,Europe - Eastern,2020,2947.81
Adidas Ultraboost,Middle East - Gulf,2021,896.92
Dyson V11 Vacuum,Africa - Western,2022,2293.32
IKEA Billy Bookcase,Middle East - Levant,2020,39.59
Nike Air Force 1,Europe - Eastern,2024,76.12
Adidas Ultraboost,North America - East,2021,309.92
Lululemon Align Leggings,North America - East,2019,162.14
Google Pixel 7,Africa - Eastern,2022,1520.97
Nike Air Force 1,Europe - Northern,2022,494.27
Breville Coffee Maker,Africa - Eastern,2023,751.61
Samsung QLED TV,Asia - Eastern,2021,4239.11
PlayStation 5,Latin America - Central,2022,821.6
Ray-Ban Aviators,Latin America - Northern,2023,619.34
Xbox Series X,North America - West,2022,2660.68
iPad Pro,Europe - Western,2022,5220.58
Samsung QLED TV,North America - West,2024,2056.76
AirPods Pro,Latin America - Central,2022,1509.03
West Elm Sofa,Oceania - Australia,2023,1910.93
IKEA Billy Bookcase,Africa - Western,2020,202.5
Samsung Galaxy S23,Europe - Eastern,2020,2867.37
Tempur-Pedic Mattress,Latin America - Northern,2021,6113.22
Rolex Submariner,North America - West,2022,27772.11
Pottery Barn Dining Table,Europe - Northern,2019,3731.72
KitchenAid Mixer,Latin America - Central,2021,1823.2
KitchenAid Mixer,Middle East - Gulf,2023,1863.03
Adidas Ultraboost,Africa - Eastern,2022,66.2
MacBook Air M2,Latin America - Central,2023,6489.21
Nike Air Force 1,Asia - Eastern,2022,145.73
Herman Miller Chair,Oceania - New Zealand,2019,6988.15
Lululemon Align Leggings,Europe - Northern,2021,114.17
Dell XPS 13,Africa - Southern,2023,4119.72
Dyson V11 Vacuum,Middle East - Levant,2024,1697.57
GoPro Hero 11,Europe - Western,2019,2880.41
Roomba i7+,Europe - Northern,2024,2283.68
LG OLED TV,Asia - Southeastern,2022,9802.04
Ray-Ban Aviators,Asia - Southeastern,2022,81.9
Ray-Ban Aviators,Asia - Southeastern,2020,192.18
Dell XPS 13,Europe - Western,2022,7743.34
iPhone 14 Pro,Europe - Western,2023,10207.16
PlayStation 5,Oceania - New Zealand,2020,2618.47
Levi's 501 Jeans,North America - Central,2020,291.73
Breville Coffee Maker,Asia - Southern,2024,460.39
Nike Air Force 1,Africa - Western,2023,133.71
Nike Air Force 1,North America - West,2023,99.93
Nike Air Force 1,Africa - Western,2023,133.71
Microsoft Surface Pro,Africa - Southern,2020,7841.88
West Elm Sofa,Oceania - Australia,2022,10881.04
Dyson V11 Vacuum,Latin America - Southern,2022,2444.2
Pottery Barn Dining Table,North America - Central,2021,4729.55
iPhone 14 Pro,Asia - Southeastern,2021,6214.65
Dyson V11 Vacuum,Africa - Southern,2019,753.0
Vitamix Blender,North America - West,2020,815.25
Apple Watch Series 8,Latin America - Northern,2022,1592.23
Xbox Series X,North America - West,2024,2816.63
Xbox Series X,Europe - Northern,2023,1333.48
iPhone 14 Pro,Europe - Southern,2020,1941.92
Microsoft Surface Pro,North America - Central,2019,3283.4
IKEA Billy Bookcase,Europe - Western,2023,754.17
Levi's 501 Jeans,Oceania - New Zealand,2024,546.4
Herman Miller Chair,Africa - Western,2023,6708.4
Adidas Ultraboost,Asia - Southeastern,2020,86.01
IKEA Billy Bookcase,North America - West,2024,232.6
AirPods Pro,North America - West,2022,2547.81
iPad Pro,Africa - Southern,2023,1982.47
Herman Miller Chair,Middle East - Levant,2020,2039.14
Samsung QLED TV,Latin America - Central,2019,4968.52
AirPods Pro,Asia - Eastern,2023,829.4
Ray-Ban Aviators,Asia - Southern,2024,622.37
Sony WH-1000XM5,Middle East - Gulf,2021,3586.6
Pottery Barn Dining Table,Africa - Western,2022,6585.99
Xbox Series X,Latin America - Central,2020,1801.61
Nespresso Vertuo,Africa - Southern,2021,269.63
Sony WH-1000XM5,Latin America - Central,2024,380.6
Microsoft Surface Pro,Africa - Eastern,2024,6157.19
LG OLED TV,North America - West,2021,14459.77
iPad Pro,Oceania - New Zealand,2023,1577.76
Ray-Ban Aviators,Europe - Eastern,2022,449.16
Lululemon Align Leggings,Africa - Eastern,2021,30.99
Google Pixel 7,North America - West,2022,8444.85
Nespresso Vertuo,Latin America - Northern,2021,247.35
Adidas Ultraboost,Latin America - Northern,2020,367.67
IKEA Billy Bookcase,Asia - Eastern,2022,159.8
Ray-Ban Aviators,Latin America - Northern,2021,163.99
Ray-Ban Aviators,Asia - Eastern,2019,68.46
Rolex Submariner,Middle East - Levant,2019,3063.23
Canon EOS R6,Asia - Southeastern,2024,10587.68
Nespresso Vertuo,North America - Central,2022,1280.44
Tempur-Pedic Mattress,Asia - Eastern,2020,5978.04
KitchenAid Mixer,Latin America - Northern,2019,1617.98
Dell XPS 13,Middle East - Gulf,2021,1179.85
AirPods Pro,North America - West,2022,2547.81
Nike Air Force 1,Europe - Eastern,2023,123.63
Instant Pot Pro,Asia - Eastern,2022,253.77
Ninja Air Fryer,Middle East - Gulf,2021,1051.37
Levi's 501 Jeans,Africa - Western,2024,37.24
Samsung QLED TV,Oceania - Australia,2023,6934.31
iPhone 14 Pro,Middle East - Gulf,2020,6296.06
Apple Watch Series 8,North America - Central,2021,1594.27
Nike Air Force 1,Europe - Western,2022,255.41
PlayStation 5,Latin America - Northern,2021,295.21
Samsung Galaxy S23,North America - Central,2021,1567.35
Microsoft Surface Pro,Europe - Western,2021,8436.17
Adidas Ultraboost,Middle East - Gulf,2023,712.86
PlayStation 5,Oceania - New Zealand,2020,2618.47
Xbox Series X,Latin America - Northern,2022,856.47
iPhone 14 Pro,Oceania - New Zealand,2022,5169.21
Xbox Series X,Europe - Eastern,2019,978.1
Rolex Submariner,Middle East - Gulf,2020,35602.75
Nintendo Switch OLED,North America - West,2024,2566.71
Lululemon Align Leggings,Europe - Northern,2022,191.16
LG OLED TV,Europe - Western,2021,7192.45
AirPods Pro,North America - East,2022,2517.15
Microsoft Surface Pro,Middle East - Levant,2024,8737.17
Levi's 501 Jeans,Africa - Eastern,2023,281.12
Apple Watch Series 8,Oceania - Australia,2023,762.09
Nike Air Force 1,Europe - Eastern,2023,123.63
Nike Air Force 1,Asia - Eastern,2022,145.73
Herman Miller Chair,Asia - Southeastern,2023,2009.88
IKEA Billy Bookcase,North America - East,2020,571.76
Adidas Ultraboost,Europe - Southern,2022,214.97
GoPro Hero 11,North America - Central,2020,1224.84
iPad Pro,Oceania - Australia,2019,4319.35
Dyson V11 Vacuum,Asia - Eastern,2020,936.59
iPad Pro,Africa - Western,2021,2524.69
Canon EOS R6,Asia - Eastern,2022,23315.84
Dyson V11 Vacuum,North America - Central,2022,3467.98
Instant Pot Pro,Asia - Eastern,2021,83.35
Adidas Ultraboost,Africa - Western,2020,184.03
Samsung QLED TV,Middle East - Gulf,2023,12425.45
Rolex Submariner,Europe - Western,2023,19124.18
Ninja Air Fryer,North America - West,2023,1403.79
PlayStation 5,Latin America - Central,2023,2100.83
Herman Miller Chair,Africa - Western,2020,3166.88
Instant Pot Pro,Latin America - Northern,2020,71.3
Microsoft Surface Pro,Europe - Northern,2023,3874.56
Lululemon Align Leggings,Asia - Southern,2021,254.02
Nintendo Switch OLED,Latin America - Central,2021,592.57
Nintendo Switch OLED,Europe - Southern,2024,447.54
Vitamix Blender,Africa - Western,2020,199.92
Herman Miller Chair,Oceania - New Zealand,2020,6749.89
Levi's 501 Jeans,Middle East - Levant,2024,315.82
Rolex Submariner,Oceania - Australia,2019,35212.25
Roomba i7+,Latin America - Central,2021,3511.72
Samsung Galaxy S23,North America - West,2023,6569.48
IKEA Billy Bookcase,Europe - Southern,2022,226.5
Canon EOS R6,Asia - Eastern,2019,12338.99
Roomba i7+,Europe - Northern,2024,2283.68
Nespresso Vertuo,Africa - Western,2019,280.89
iPad Pro,Latin America - Northern,2023,1903.55
Breville Coffee Maker,Europe - Western,2023,1817.89
LG OLED TV,Africa - Western,2024,8972.35
LG OLED TV,Africa - Western,2023,6230.47
iPad Pro,Europe - Northern,2023,1356.39
GoPro Hero 11,North America - East,2019,420.86
Roomba i7+,Oceania - Australia,2020,4791.62
GoPro Hero 11,Europe - Western,2024,3017.34
Dell XPS 13,North America - East,2024,2048.23
MacBook Air M2,North America - East,2023,7610.97
Xbox Series X,Asia - Eastern,2019,2509.89
Roomba i7+,Europe - Southern,2019,3471.45
Breville Coffee Maker,Asia - Southeastern,2024,587.19
Roomba i7+,Asia - Southern,2024,1282.36
Adidas Ultraboost,Asia - Southern,2023,501.61
Rolex Submariner,Europe - Northern,2023,31110.73
Breville Coffee Maker,Africa - Western,2023,1235.79
Levi's 501 Jeans,Oceania - New Zealand,2020,450.81
Ninja Air Fryer,Asia - Southern,2022,942.08
Breville Coffee Maker,Middle East - Gulf,2019,1827.3
Instant Pot Pro,Middle East - Gulf,2020,861.25
MacBook Air M2,North America - East,2023,7610.97
Nike Air Force 1,Africa - Southern,2020,236.12
Tempur-Pedic Mattress,Oceania - Australia,2019,10357.13
Roomba i7+,Oceania - New Zealand,2023,8579.42
KitchenAid Mixer,Asia - Eastern,2022,515.31
LG OLED TV,Europe - Western,2023,5879.85
Dyson V11 Vacuum,Middle East - Levant,2020,2393.14
Sony WH-1000XM5,Middle East - Levant,2024,2293.22
Nintendo Switch OLED,Europe - Western,2021,3170.45
AirPods Pro,Europe - Eastern,2022,2226.32
iPad Pro,Latin America - Northern,2023,1903.55
Instant Pot Pro,Oceania - Australia,2021,400.2
Levi's 501 Jeans,Oceania - New Zealand,2024,546.4
Samsung Galaxy S23,Latin America - Central,2023,2697.64
iPhone 14 Pro,Africa - Southern,2024,2903.39
Samsung QLED TV,Latin America - Central,2021,2758.55
AirPods Pro,Africa - Eastern,2019,117.98
West Elm Sofa,Europe - Western,2022,11459.26
PlayStation 5,North America - West,2024,758.82
Roomba i7+,North America - Central,2019,4167.55
Pottery Barn Dining Table,Europe - Western,2019,6856.51
Breville Coffee Maker,Oceania - New Zealand,2019,1378.41
Roomba i7+,Europe - Northern,2022,2582.16
Lululemon Align Leggings,Africa - Southern,2019,30.01
GoPro Hero 11,Europe - Eastern,2022,2524.82
PlayStation 5,North America - Central,2024,644.12
Nike Air Force 1,Asia - Eastern,2023,529.66
Apple Watch Series 8,Middle East - Gulf,2024,2275.13
GoPro Hero 11,North America - West,2021,3214.67
Breville Coffee Maker,Middle East - Levant,2022,843.81
Roomba i7+,Africa - Southern,2021,2724.86
Dyson V11 Vacuum,Africa - Southern,2022,1558.51
Herman Miller Chair,Middle East - Gulf,2022,2132.37
Dyson V11 Vacuum,Middle East - Gulf,2022,1233.88
GoPro Hero 11,Oceania - New Zealand,2019,1850.8
Breville Coffee Maker,North America - East,2022,1170.81
Ninja Air Fryer,Latin America - Southern,2020,274.76
Google Pixel 7,Asia - Eastern,2019,2046.8
Nike Air Force 1,Europe - Western,2023,281.67
Nintendo Switch OLED,Middle East - Levant,2023,1467.87
IKEA Billy Bookcase,Africa - Southern,2023,186.6
Sony WH-1000XM5,Africa - Eastern,2022,707.08
Apple Watch Series 8,Europe - Southern,2022,2148.45
Herman Miller Chair,Middle East - Gulf,2021,3398.84
AirPods Pro,Middle East - Levant,2019,1585.5
Instant Pot Pro,Latin America - Northern,2023,65.42
Breville Coffee Maker,North America - East,2022,1170.81
Roomba i7+,Europe - Eastern,2020,4325.67
Pottery Barn Dining Table,Africa - Western,2019,4057.05
iPad Pro,Oceania - Australia,2019,4319.35
iPhone 14 Pro,Europe - Western,2021,1106.04
Rolex Submariner,Africa - Eastern,2023,6059.89
Nike Air Force 1,Latin America - Central,2020,154.35
iPad Pro,Africa - Western,2022,2346.86
Vitamix Blender,North America - East,2023,2242.32
Apple Watch Series 8,Europe - Southern,2020,1837.49
Google Pixel 7,Oceania - Australia,2020,3585.94
iPad Pro,Oceania - New Zealand,2020,9073.6
Samsung QLED TV,Europe - Southern,2024,9242.48
AirPods Pro,Middle East - Gulf,2021,1415.56
Nintendo Switch OLED,Middle East - Gulf,2021,344.99
Nintendo Switch OLED,Europe - Southern,2019,1814.66
Nespresso Vertuo,Africa - Eastern,2019,488.02
Nintendo Switch OLED,Europe - Eastern,2022,2282.48
Nintendo Switch OLED,Asia - Eastern,2021,2304.42
Ray-Ban Aviators,Africa - Southern,2020,123.18
Microsoft Surface Pro,Asia - Southern,2021,7299.22
Levi's 501 Jeans,North America - West,2020,269.03
GoPro Hero 11,Europe - Western,2024,3017.34
Tempur-Pedic Mattress,North America - East,2024,17427.37
Levi's 501 Jeans,Europe - Eastern,2022,261.65
Nike Air Force 1,Oceania - New Zealand,2021,136.83
Herman Miller Chair,Africa - Western,2021,1242.16
iPad Pro,Oceania - New Zealand,2019,6333.3
Nintendo Switch OLED,Asia - Southeastern,2022,323.93
Nike Air Force 1,Middle East - Gulf,2020,453.12
MacBook Air M2,Europe - Western,2022,4949.2
Roomba i7+,North America - West,2020,7971.31
KitchenAid Mixer,North America - Central,2024,3836.44
Ray-Ban Aviators,Latin America - Northern,2024,198.38
Google Pixel 7,North America - East,2022,4262.84
LG OLED TV,North America - Central,2023,14002.32
iPhone 14 Pro,Asia - Southeastern,2022,4405.91
Ninja Air Fryer,Africa - Western,2024,801.8
AirPods Pro,Middle East - Levant,2021,416.39
Breville Coffee Maker,Asia - Southeastern,2024,587.19
Xbox Series X,Oceania - New Zealand,2019,465.28
IKEA Billy Bookcase,Oceania - New Zealand,2023,642.23
Rolex Submariner,Asia - Southeastern,2021,5367.77
Nike Air Force 1,North America - West,2023,99.93
Ray-Ban Aviators,North America - West,2022,1187.87
Sony WH-1000XM5,Middle East - Levant,2020,1397.01
Ninja Air Fryer,Europe - Northern,2020,590.09
Ninja Air Fryer,Asia - Eastern,2019,231.37
Nespresso Vertuo,Africa - Eastern,2022,786.8
Roomba i7+,Latin America - Southern,2024,3150.95
iPad Pro,Oceania - New Zealand,2023,1577.76
Adidas Ultraboost,Middle East - Gulf,2020,670.18
Canon EOS R6,Oceania - New Zealand,2019,3971.22
Levi's 501 Jeans,Europe - Northern,2024,149.94
Ray-Ban Aviators,Oceania - New Zealand,2021,621.11
Levi's 501 Jeans,Europe - Eastern,2019,219.05
AirPods Pro,Asia - Southeastern,2022,670.65
PlayStation 5,Africa - Southern,2019,1549.88
West Elm Sofa,Oceania - New Zealand,2022,8099.89
Apple Watch Series 8,Europe - Western,2021,1368.65
Tempur-Pedic Mattress,Middle East - Gulf,2021,7222.23
Nike Air Force 1,Europe - Western,2023,281.67
Dell XPS 13,Oceania - New Zealand,2021,9338.33
Nespresso Vertuo,Africa - Southern,2021,269.63
Canon EOS R6,North America - Central,2024,4626.24
Sony WH-1000XM5,Asia - Eastern,2023,1220.78
iPhone 14 Pro,Africa - Eastern,2023,3921.04
Nike Air Force 1,Latin America - Northern,2020,176.06
Ray-Ban Aviators,Asia - Southern,2021,558.11
West Elm Sofa,Europe - Northern,2021,6094.67
Nike Air Force 1,Latin America - Northern,2023,261.94
Canon EOS R6,Europe - Northern,2023,3662.18
Nike Air Force 1,Latin America - Northern,2023,261.94
Canon EOS R6,Latin America - Northern,2022,4600.72
Ray-Ban Aviators,Latin America - Southern,2022,578.15
LG OLED TV,Europe - Eastern,2022,2371.92
Xbox Series X,Latin America - Central,2022,1752.96
Pottery Barn Dining Table,North America - West,2020,6022.03
GoPro Hero 11,Middle East - Gulf,2022,926.87
Google Pixel 7,North America - West,2019,3576.65
Nike Air Force 1,Asia - Eastern,2024,169.16
Samsung QLED TV,Asia - Eastern,2022,9654.09
Nespresso Vertuo,Asia - Southeastern,2020,619.07
Microsoft Surface Pro,Oceania - New Zealand,2020,4532.34
Dell XPS 13,North America - East,2021,5860.04
Nintendo Switch OLED,Europe - Southern,2020,494.25
Samsung QLED TV,North America - Central,2024,9348.05
Dell XPS 13,Middle East - Gulf,2020,6688.91
Samsung Galaxy S23,Latin America - Northern,2022,780.93
Nintendo Switch OLED,Africa - Western,2023,300.54
Sony WH-1000XM5,Latin America - Southern,2024,2650.15
Dyson V11 Vacuum,North America - East,2021,617.08
Vitamix Blender,Europe - Southern,2024,1447.19
Dell XPS 13,Europe - Southern,2021,2002.5
Tempur-Pedic Mattress,Asia - Eastern,2022,6036.75
Tempur-Pedic Mattress,Asia - Southeastern,2021,9525.58
Microsoft Surface Pro,Middle East - Gulf,2022,12129.07
Adidas Ultraboost,Africa - Eastern,2020,204.52
PlayStation 5,Europe - Northern,2024,613.03
Rolex Submariner,Latin America - Central,2020,16162.09
Rolex Submariner,Latin America - Northern,2022,4002.51
Instant Pot Pro,Asia - Southeastern,2021,574.79
iPhone 14 Pro,Latin America - Central,2019,3012.45
Ray-Ban Aviators,Oceania - New Zealand,2020,546.14
Rolex Submariner,Latin America - Northern,2021,7172.74
GoPro Hero 11,North America - Central,2022,1309.19
Instant Pot Pro,Africa - Southern,2022,67.47
Apple Watch Series 8,Europe - Eastern,2024,598.01
Canon EOS R6,Africa - Western,2023,5770.59
Ninja Air Fryer,North America - West,2019,741.61
Adidas Ultraboost,North America - East,2023,934.2
Pottery Barn Dining Table,Asia - Eastern,2023,4412.33
Instant Pot Pro,Europe - Western,2019,109.79
Nike Air Force 1,Africa - Southern,2020,236.12
Ninja Air Fryer,Africa - Western,2024,801.8
Nike Air Force 1,Europe - Eastern,2020,162.54
Herman Miller Chair,North America - East,2023,5344.03
Roomba i7+,North America - West,2022,2799.5
Breville Coffee Maker,Middle East - Gulf,2019,1827.3
Vitamix Blender,Africa - Western,2023,1040.26
Nintendo Switch OLED,Africa - Eastern,2022,237.13
MacBook Air M2,Oceania - Australia,2022,1845.68
Sony WH-1000XM5,Asia - Southeastern,2023,1407.65
Rolex Submariner,Europe - Western,2023,19124.18
Sony WH-1000XM5,Europe - Northern,2020,1004.6
Dyson V11 Vacuum,Europe - Southern,2024,2267.17
Rolex Submariner,Latin America - Central,2024,33302.22
Dell XPS 13,Middle East - Gulf,2020,6688.91
Herman Miller Chair,Latin America - Southern,2022,2875.21
Instant Pot Pro,Latin America - Southern,2024,244.19
Ninja Air Fryer,Oceania - New Zealand,2024,1215.48
Nespresso Vertuo,Europe - Northern,2024,1998.0
Pottery Barn Dining Table,North America - Central,2024,11783.7
Tempur-Pedic Mattress,Europe - Northern,2019,9518.82
Instant Pot Pro,North America - East,2024,1025.92
Xbox Series X,Latin America - Central,2021,1841.45
LG OLED TV,Africa - Southern,2024,1514.18
Ninja Air Fryer,Africa - Southern,2021,389.31
MacBook Air M2,Latin America - Central,2023,6489.21
Nike Air Force 1,Latin America - Southern,2023,56.37
KitchenAid Mixer,Asia - Eastern,2021,955.5
Pottery Barn Dining Table,Latin America - Northern,2022,2666.53
Samsung QLED TV,Latin America - Central,2019,4968.52
Instant Pot Pro,Africa - Western,2024,259.49
Instant Pot Pro,Oceania - New Zealand,2021,252.47
iPad Pro,Latin America - Northern,2024,7698.76
Rolex Submariner,Latin America - Central,2020,16162.09
IKEA Billy Bookcase,Europe - Northern,2024,113.94
Sony WH-1000XM5,Latin America - Southern,2019,195.96
Ninja Air Fryer,Europe - Northern,2020,590.09
Dyson V11 Vacuum,Latin America - Northern,2020,1412.71
Nespresso Vertuo,North America - Central,2019,762.11
Nintendo Switch OLED,Latin America - Northern,2023,628.52
KitchenAid Mixer,Asia - Southeastern,2019,483.0
Roomba i7+,Middle East - Gulf,2021,604.86
Canon EOS R6,Oceania - New Zealand,2022,26698.6
iPad Pro,Latin America - Northern,2021,1575.1
iPhone 14 Pro,Africa - Western,2021,4915.46
KitchenAid Mixer,Africa - Western,2021,1059.2
Nespresso Vertuo,North America - Central,2022,1280.44
Google Pixel 7,Oceania - Australia,2024,3038.85
AirPods Pro,Africa - Eastern,2019,117.98
Roomba i7+,Europe - Western,2019,2455.97
Roomba i7+,Europe - Southern,2023,3385.36
Roomba i7+,Latin America - Northern,2021,1470.29
Tempur-Pedic Mattress,Middle East - Levant,2021,4026.55
Ninja Air Fryer,Africa - Western,2020,519.58
iPhone 14 Pro,Africa - Southern,2019,1459.59
iPhone 14 Pro,Europe - Northern,2023,7207.2
Nike Air Force 1,Europe - Northern,2024,560.13
Levi's 501 Jeans,North America - West,2019,297.77
GoPro Hero 11,Middle East - Gulf,2022,926.87
West Elm Sofa,Europe - Western,2023,11263.42
Dyson V11 Vacuum,Latin America - Central,2023,2255.23
Vitamix Blender,Middle East - Levant,2022,2592.16
Tempur-Pedic Mattress,Africa - Western,2021,5194.35
Apple Watch Series 8,Europe - Southern,2020,1837.49
Herman Miller Chair,North America - West,2023,8506.61
Rolex Submariner,Latin America - Northern,2023,3831.26
Roomba i7+,Middle East - Levant,2019,779.78
West Elm Sofa,Africa - Western,2024,8208.34
iPad Pro,Latin America - Central,2023,3691.94
Adidas Ultraboost,North America - East,2020,425.74
iPhone 14 Pro,Oceania - New Zealand,2023,3202.08
iPad Pro,Europe - Western,2020,6808.67
Adidas Ultraboost,Oceania - Australia,2023,903.63
Levi's 501 Jeans,Asia - Southern,2024,442.42
IKEA Billy Bookcase,Asia - Eastern,2024,467.35
Tempur-Pedic Mattress,North America - West,2019,15870.06
West Elm Sofa,Europe - Eastern,2024,6866.71
Ninja Air Fryer,Europe - Southern,2021,349.39
Nike Air Force 1,Middle East - Gulf,2023,640.54
Ninja Air Fryer,Asia - Southern,2021,597.36
Vitamix Blender,Middle East - Levant,2020,1041.11
Tempur-Pedic Mattress,North America - East,2021,4475.02
Rolex Submariner,Oceania - Australia,2021,55236.72
Xbox Series X,Europe - Southern,2024,1153.46
Google Pixel 7,Oceania - New Zealand,2021,1321.56
Pottery Barn Dining Table,Oceania - Australia,2021,6034.55
Rolex Submariner,Asia - Southern,2024,4668.8
Pottery Barn Dining Table,North America - West,2023,3223.88
PlayStation 5,Africa - Western,2023,452.18
Adidas Ultraboost,Europe - Western,2023,178.5
Samsung Galaxy S23,Latin America - Central,2021,3061.59
Dell XPS 13,North America - West,2022,4790.68
Dyson V11 Vacuum,Europe - Western,2021,1885.77
Nintendo Switch OLED,North America - West,2021,2964.84
Ninja Air Fryer,Latin America - Central,2020,517.89
Canon EOS R6,North America - East,2022,21911.7
Levi's 501 Jeans,Asia - Eastern,2019,145.96
Sony WH-1000XM5,Asia - Eastern,2022,1454.92
Canon EOS R6,Europe - Northern,2023,3662.18
Levi's 501 Jeans,Asia - Southern,2020,139.54
MacBook Air M2,Europe - Northern,2022,8498.94
Xbox Series X,Oceania - New Zealand,2021,1344.29
MacBook Air M2,Oceania - New Zealand,2020,8096.89
LG OLED TV,Africa - Southern,2023,9670.18
Adidas Ultraboost,Europe - Northern,2024,155.2
Ninja Air Fryer,Europe - Eastern,2023,314.43
Adidas Ultraboost,Europe - Eastern,2021,93.75
Lululemon Align Leggings,Africa - Southern,2019,30.01
Levi's 501 Jeans,North America - East,2020,483.65
Pottery Barn Dining Table,Asia - Southeastern,2020,1595.73
Instant Pot Pro,Africa - Southern,2023,108.36
Ray-Ban Aviators,Europe - Southern,2022,834.25
Nespresso Vertuo,Europe - Southern,2023,1432.12
iPad Pro,North America - East,2024,8971.53
MacBook Air M2,Asia - Eastern,2019,6591.67
Ninja Air Fryer,Middle East - Levant,2023,366.55
iPad Pro,North America - East,2024,8971.53
Rolex Submariner,North America - Central,2022,31987.31
Canon EOS R6,Asia - Eastern,2021,2090.77
Levi's 501 Jeans,Oceania - Australia,2019,268.12
Dyson V11 Vacuum,Latin America - Northern,2024,2429.17
Microsoft Surface Pro,Asia - Southern,2022,2091.4
Levi's 501 Jeans,North America - East,2023,72.57
Google Pixel 7,North America - West,2024,5901.37
Rolex Submariner,Middle East - Levant,2024,24218.54
Adidas Ultraboost,Europe - Western,2019,660.18
Ninja Air Fryer,Asia - Southern,2020,437.92
Google Pixel 7,North America - West,2019,3576.65
Tempur-Pedic Mattress,Europe - Eastern,2023,13557.44
LG OLED TV,Africa - Southern,2021,7450.68
Nespresso Vertuo,Latin America - Southern,2021,644.04
Ray-Ban Aviators,Latin America - Northern,2019,285.53
Dyson V11 Vacuum,Europe - Eastern,2023,3814.91
Adidas Ultraboost,Africa - Western,2021,111.06
Samsung QLED TV,Middle East - Gulf,2021,10489.55
Lululemon Align Leggings,Asia - Southern,2024,479.55
Nike Air Force 1,North America - East,2021,734.47
Nespresso Vertuo,Asia - Southern,2020,418.14
IKEA Billy Bookcase,Europe - Northern,2019,399.44
LG OLED TV,Africa - Eastern,2020,2340.13
KitchenAid Mixer,North America - Central,2024,3836.44
Levi's 501 Jeans,North America - Central,2023,328.18
Samsung QLED TV,Asia - Southeastern,2023,3420.77
Tempur-Pedic Mattress,Asia - Eastern,2019,2850.21
Breville Coffee Maker,Oceania - Australia,2022,2417.72
Google Pixel 7,Asia - Southern,2024,1456.45
AirPods Pro,Europe - Eastern,2022,2226.32
Xbox Series X,Asia - Eastern,2021,3860.24
West Elm Sofa,Asia - Eastern,2023,9535.2
MacBook Air M2,Europe - Southern,2024,7837.65
Samsung QLED TV,Africa - Southern,2022,2142.47
Pottery Barn Dining Table,Europe - Southern,2021,4845.1
iPhone 14 Pro,Middle East - Levant,2021,1244.78
Vitamix Blender,Africa - Western,2019,1569.51
MacBook Air M2,Africa - Southern,2021,5735.2
Roomba i7+,North America - West,2023,2822.31
West Elm Sofa,Middle East - Gulf,2024,5576.92
Breville Coffee Maker,North America - West,2020,1656.26
Ninja Air Fryer,Latin America - Northern,2019,121.74
iPad Pro,Latin America - Southern,2021,6644.56
Roomba i7+,Middle East - Gulf,2023,6536.16
Breville Coffee Maker,Latin America - Northern,2022,364.87
Samsung QLED TV,Middle East - Levant,2024,8125.17
iPad Pro,Europe - Western,2024,5164.24
Samsung QLED TV,Asia - Southern,2019,758.87
Dyson V11 Vacuum,Africa - Eastern,2023,2762.32
iPhone 14 Pro,Oceania - Australia,2023,1230.61
Nintendo Switch OLED,North America - East,2022,544.75
IKEA Billy Bookcase,North America - East,2020,571.76
Instant Pot Pro,Latin America - Southern,2019,296.52
Pottery Barn Dining Table,North America - West,2021,1593.76
iPhone 14 Pro,Asia - Eastern,2021,1064.4
Sony WH-1000XM5,Latin America - Central,2021,1260.34
Nespresso Vertuo,Oceania - Australia,2021,1422.4
Roomba i7+,Asia - Southern,2024,1282.36
GoPro Hero 11,Asia - Eastern,2024,816.31
Dell XPS 13,Oceania - Australia,2020,1153.98
Vitamix Blender,North America - West,2022,884.21
Rolex Submariner,Asia - Southern,2019,16308.79
Roomba i7+,Latin America - Central,2024,1764.04
West Elm Sofa,Oceania - Australia,2022,10881.04
West Elm Sofa,Middle East - Levant,2021,2905.77
Xbox Series X,Middle East - Levant,2019,1533.78
Samsung Galaxy S23,Europe - Southern,2019,692.01
Dyson V11 Vacuum,Latin America - Southern,2020,358.59
Samsung Galaxy S23,Oceania - Australia,2024,4106.76
Ninja Air Fryer,Europe - Eastern,2024,153.17
iPhone 14 Pro,North America - West,2020,2058.76
KitchenAid Mixer,Asia - Southeastern,2022,248.99
MacBook Air M2,Africa - Western,2023,3189.61
iPad Pro,Europe - Eastern,2019,7632.24
Ninja Air Fryer,North America - East,2022,1008.18
Canon EOS R6,Asia - Southeastern,2024,10587.68
iPad Pro,Europe - Northern,2024,5604.2
West Elm Sofa,Middle East - Levant,2023,11550.33
Vitamix Blender,Africa - Western,2022,1038.18
IKEA Billy Bookcase,Latin America - Central,2023,411.59
Adidas Ultraboost,Latin America - Southern,2022,102.6
Samsung Galaxy S23,Africa - Southern,2022,702.33
Dell XPS 13,Latin America - Southern,2020,1110.9
Herman Miller Chair,Africa - Southern,2020,1874.53
Ray-Ban Aviators,Asia - Eastern,2022,328.11
Instant Pot Pro,Africa - Eastern,2024,481.59
GoPro Hero 11,Europe - Southern,2022,423.01
Adidas Ultraboost,North America - East,2023,934.2
Dell XPS 13,North America - West,2019,7715.74
Samsung QLED TV,Oceania - New Zealand,2020,7433.59
LG OLED TV,Middle East - Levant,2021,5945.65
iPhone 14 Pro,Middle East - Gulf,2022,10137.2
Tempur-Pedic Mattress,Asia - Southeastern,2024,4456.29
Ninja Air Fryer,Latin America - Northern,2021,84.27
IKEA Billy Bookcase,Europe - Southern,2019,269.2
Dell XPS 13,North America - Central,2019,974.93
Ray-Ban Aviators,North America - East,2019,512.96
Breville Coffee Maker,Latin America - Central,2023,177.56
Instant Pot Pro,Europe - Northern,2023,1267.25
Pottery Barn Dining Table,Latin America - Southern,2024,3463.25
Dyson V11 Vacuum,Africa - Western,2022,2293.32
Rolex Submariner,Latin America - Central,2020,16162.09
MacBook Air M2,Europe - Western,2021,6188.78
AirPods Pro,Europe - Southern,2023,485.94
GoPro Hero 11,Africa - Southern,2021,498.52
Nike Air Force 1,Latin America - Northern,2023,261.94
Nintendo Switch OLED,Asia - Southern,2024,633.17
AirPods Pro,Europe - Eastern,2022,2226.32
MacBook Air M2,Oceania - New Zealand,2024,7328.59
Samsung Galaxy S23,North America - East,2023,1554.34
Roomba i7+,Asia - Southern,2021,3662.94
PlayStation 5,Africa - Eastern,2020,968.1
Nespresso Vertuo,North America - Central,2023,524.31
MacBook Air M2,North America - West,2019,10412.85
Samsung QLED TV,Asia - Southeastern,2023,3420.77
Canon EOS R6,Latin America - Southern,2021,13924.73
Instant Pot Pro,Africa - Eastern,2023,146.89
Dell XPS 13,Europe - Western,2019,7549.14
Rolex Submariner,Oceania - Australia,2021,55236.72
Adidas Ultraboost,Europe - Eastern,2020,310.55
Lululemon Align Leggings,Africa - Western,2022,312.16
iPhone 14 Pro,Latin America - Southern,2023,884.73
PlayStation 5,Europe - Southern,2019,1490.29
Canon EOS R6,Middle East - Gulf,2022,21810.93
Dell XPS 13,Asia - Southeastern,2022,1991.12
Nike Air Force 1,Africa - Eastern,2020,202.86
Canon EOS R6,Europe - Northern,2019,15491.21
Microsoft Surface Pro,Middle East - Gulf,2019,5611.58
Nike Air Force 1,Middle East - Levant,2024,282.32
Ninja Air Fryer,Latin America - Central,2024,281.24
MacBook Air M2,Middle East - Gulf,2022,3922.26
Breville Coffee Maker,Middle East - Levant,2023,240.32
Levi's 501 Jeans,Latin America - Northern,2023,152.46
Vitamix Blender,Latin America - Northern,2021,1694.24
IKEA Billy Bookcase,Latin America - Northern,2020,236.46
AirPods Pro,Asia - Southern,2022,782.36
Nintendo Switch OLED,Latin America - Central,2024,2114.61
Google Pixel 7,Europe - Eastern,2023,4977.67
KitchenAid Mixer,Asia - Southeastern,2020,1545.63
Dyson V11 Vacuum,Africa - Southern,2019,753.0
Vitamix Blender,Africa - Eastern,2019,576.24
West Elm Sofa,Latin America - Southern,2019,714.17
LG OLED TV,Asia - Southeastern,2020,1200.76
AirPods Pro,Oceania - Australia,2024,2543.52
Lululemon Align Leggings,Latin America - Central,2024,204.9
Sony WH-1000XM5,Oceania - Australia,2021,2329.24
Dell XPS 13,Asia - Southern,2021,8201.97
Sony WH-1000XM5,North America - East,2019,3560.34
Google Pixel 7,Latin America - Southern,2024,3392.24
Herman Miller Chair,Asia - Eastern,2024,2131.63
Google Pixel 7,Africa - Southern,2019,2894.57
Samsung Galaxy S23,North America - East,2022,10690.96
Vitamix Blender,Oceania - Australia,2023,3039.91
Herman Miller Chair,Oceania - New Zealand,2023,5078.57
Adidas Ultraboost,Africa - Western,2020,184.03
Sony WH-1000XM5,Asia - Eastern,2021,1863.36
Microsoft Surface Pro,Asia - Southeastern,2020,5637.43
AirPods Pro,Latin America - Southern,2021,536.4
Ray-Ban Aviators,Latin America - Southern,2024,725.56
KitchenAid Mixer,Latin America - Central,2019,349.91
AirPods Pro,North America - West,2023,712.2
Pottery Barn Dining Table,Europe - Western,2023,12169.28
Xbox Series X,North America - Central,2020,1078.52
Xbox Series X,Middle East - Levant,2021,1372.02
MacBook Air M2,Oceania - Australia,2019,5153.32
GoPro Hero 11,Latin America - Southern,2024,1008.95
Breville Coffee Maker,Europe - Western,2021,2665.87
West Elm Sofa,Latin America - Northern,2023,8638.86
Tempur-Pedic Mattress,Asia - Southern,2022,4721.21
Instant Pot Pro,Africa - Eastern,2022,61.9
Microsoft Surface Pro,North America - West,2022,16052.89
Sony WH-1000XM5,Africa - Western,2021,226.94
Nintendo Switch OLED,Europe - Southern,2022,2525.58
Adidas Ultraboost,Middle East - Gulf,2019,250.72
Adidas Ultraboost,Latin America - Southern,2021,373.34
Google Pixel 7,Asia - Eastern,2023,738.3
PlayStation 5,Oceania - Australia,2023,1430.6
AirPods Pro,Asia - Southeastern,2024,702.38
Levi's 501 Jeans,Oceania - Australia,2021,328.09
MacBook Air M2,Latin America - Northern,2019,2744.22
Roomba i7+,Europe - Western,2022,4684.23
GoPro Hero 11,Europe - Southern,2022,423.01
KitchenAid Mixer,North America - West,2020,645.32
iPhone 14 Pro,Latin America - Central,2019,3012.45
LG OLED TV,Latin America - Northern,2020,4107.62
PlayStation 5,Asia - Southeastern,2023,1070.23
West Elm Sofa,Latin America - Northern,2021,9081.37
Herman Miller Chair,Europe - Southern,2022,6216.58
Samsung QLED TV,North America - East,2019,1584.02
Lululemon Align Leggings,Europe - Southern,2020,57.01
Ray-Ban Aviators,Oceania - New Zealand,2020,546.14
iPhone 14 Pro,Middle East - Levant,2022,4779.13
Rolex Submariner,North America - East,2024,56329.23
Adidas Ultraboost,Middle East - Gulf,2023,712.86
LG OLED TV,Europe - Western,2024,12825.35
LG OLED TV,Europe - Southern,2022,1380.07
IKEA Billy Bookcase,Asia - Southeastern,2019,259.47
Samsung Galaxy S23,Asia - Eastern,2023,5861.89
Vitamix Blender,Europe - Northern,2023,4044.94
Levi's 501 Jeans,North America - West,2019,297.77
West Elm Sofa,North America - Central,2022,3486.33
MacBook Air M2,Oceania - Australia,2020,8627.69
Microsoft Surface Pro,Africa - Southern,2023,3932.91
PlayStation 5,Africa - Southern,2021,405.79
Canon EOS R6,North America - Central,2020,7202.61
GoPro Hero 11,Europe - Eastern,2023,3351.45
West Elm Sofa,Europe - Southern,2023,3560.34
Tempur-Pedic Mattress,Asia - Southeastern,2023,3889.12
Nespresso Vertuo,Latin America - Northern,2020,191.18
Sony WH-1000XM5,Oceania - Australia,2022,2255.82
PlayStation 5,Africa - Southern,2019,1549.88
LG OLED TV,Africa - Southern,2023,9670.18
Roomba i7+,Latin America - Central,2019,879.75
Tempur-Pedic Mattress,Asia - Eastern,2024,10444.14
Canon EOS R6,Middle East - Gulf,2022,21810.93
IKEA Billy Bookcase,North America - West,2019,515.45
Pottery Barn Dining Table,Europe - Eastern,2019,2478.03
Samsung Galaxy S23,Europe - Western,2024,6294.9
Apple Watch Series 8,Asia - Southern,2022,242.44
Apple Watch Series 8,Africa - Eastern,2019,890.53
MacBook Air M2,Europe - Southern,2019,8100.38
Xbox Series X,North America - West,2019,3361.4
Nintendo Switch OLED,Europe - Eastern,2021,2233.96
iPhone 14 Pro,North America - West,2019,2243.94
Sony WH-1000XM5,North America - West,2023,2851.94
Nespresso Vertuo,Europe - Northern,2022,944.77
Microsoft Surface Pro,Africa - Southern,2020,7841.88
iPad Pro,Oceania - New Zealand,2023,1577.76
Pottery Barn Dining Table,Middle East - Gulf,2024,8320.04
IKEA Billy Bookcase,Asia - Eastern,2019,376.15
Roomba i7+,Asia - Southern,2024,1282.36
Adidas Ultraboost,Latin America - Southern,2022,102.6
Pottery Barn Dining Table,Asia - Southeastern,2024,9161.38
Microsoft Surface Pro,Europe - Southern,2021,10309.03
Nintendo Switch OLED,North America - East,2024,3157.79
GoPro Hero 11,Europe - Southern,2024,2324.83
Pottery Barn Dining Table,Europe - Western,2019,6856.51
Ray-Ban Aviators,Latin America - Northern,2021,163.99
Instant Pot Pro,North America - East,2021,521.63
Dell XPS 13,Oceania - Australia,2021,4907.84
IKEA Billy Bookcase,Asia - Southeastern,2021,269.51
Instant Pot Pro,Africa - Western,2019,371.57
Sony WH-1000XM5,Africa - Southern,2019,1597.08
iPhone 14 Pro,Oceania - Australia,2019,5401.78
West Elm Sofa,Europe - Southern,2020,3363.24
Microsoft Surface Pro,North America - East,2023,9473.53
Ray-Ban Aviators,Latin America - Central,2023,448.25
Nespresso Vertuo,Middle East - Levant,2023,926.63
Roomba i7+,Latin America - Central,2024,1764.04
Pottery Barn Dining Table,Europe - Western,2020,2250.04
Dell XPS 13,Asia - Southeastern,2024,6145.9
MacBook Air M2,North America - East,2020,2809.55
Apple Watch Series 8,Asia - Southern,2024,1804.53
Google Pixel 7,Oceania - New Zealand,2024,5428.2
Dell XPS 13,Asia - Southeastern,2022,1991.12
Rolex Submariner,Latin America - Central,2023,28246.35
Pottery Barn Dining Table,Asia - Southeastern,2019,1503.06
KitchenAid Mixer,North America - West,2019,396.89
Xbox Series X,Europe - Southern,2019,3797.41
Levi's 501 Jeans,North America - Central,2024,660.0
Google Pixel 7,North America - West,2020,2821.24
Nike Air Force 1,Middle East - Gulf,2019,434.81
Adidas Ultraboost,Europe - Eastern,2024,1071.46
IKEA Billy Bookcase,Asia - Southern,2023,365.61
Herman Miller Chair,North America - East,2023,5344.03
Tempur-Pedic Mattress,Oceania - Australia,2020,10454.55
Tempur-Pedic Mattress,North America - West,2019,15870.06
Vitamix Blender,Europe - Southern,2023,2234.09
Nike Air Force 1,Oceania - Australia,2021,119.55
Tempur-Pedic Mattress,Europe - Western,2024,6357.09
Google Pixel 7,Oceania - Australia,2022,1305.99
Vitamix Blender,Europe - Western,2019,1243.32
Nintendo Switch OLED,Africa - Eastern,2024,848.65
KitchenAid Mixer,Europe - Northern,2024,2608.71
Ray-Ban Aviators,Latin America - Northern,2020,252.79
Adidas Ultraboost,Middle East - Gulf,2020,670.18
Instant Pot Pro,Latin America - Northern,2019,57.72
Canon EOS R6,Asia - Eastern,2023,8843.04
IKEA Billy Bookcase,Latin America - Northern,2023,90.78
Nintendo Switch OLED,North America - Central,2023,3380.28
AirPods Pro,Europe - Eastern,2021,861.9
Instant Pot Pro,Middle East - Gulf,2020,861.25
Xbox Series X,Latin America - Central,2024,2734.7
Herman Miller Chair,Africa - Southern,2023,1372.28
Instant Pot Pro,Latin America - Northern,2020,71.3
Apple Watch Series 8,Europe - Western,2024,300.81
Canon EOS R6,Middle East - Levant,2023,9191.58
Apple Watch Series 8,Europe - Southern,2023,1657.68
Nike Air Force 1,Latin America - Southern,2023,56.37
GoPro Hero 11,Africa - Eastern,2019,1031.27
Instant Pot Pro,Africa - Eastern,2020,205.53
Microsoft Surface Pro,Asia - Southeastern,2022,7113.57
Herman Miller Chair,Latin America - Central,2021,1730.89
Dyson V11 Vacuum,Middle East - Gulf,2024,713.34
Dell XPS 13,Middle East - Levant,2023,5338.5
Samsung QLED TV,Europe - Eastern,2019,5997.92
Levi's 501 Jeans,Middle East - Levant,2022,361.04
IKEA Billy Bookcase,Oceania - Australia,2022,607.73
GoPro Hero 11,Latin America - Southern,2023,2187.1
iPhone 14 Pro,Asia - Southeastern,2023,4726.78
Herman Miller Chair,Middle East - Gulf,2019,8621.08
Samsung Galaxy S23,Latin America - Central,2022,4843.21
Herman Miller Chair,Africa - Eastern,2019,2911.92
KitchenAid Mixer,Europe - Northern,2022,2419.3
Breville Coffee Maker,Europe - Northern,2019,959.44
iPad Pro,Middle East - Levant,2023,2484.44
Canon EOS R6,Latin America - Central,2023,9620.66
Pottery Barn Dining Table,North America - Central,2023,8685.61
AirPods Pro,Africa - Southern,2024,555.72
West Elm Sofa,Middle East - Gulf,2020,8444.18
Nintendo Switch OLED,Middle East - Gulf,2019,1931.75
Nintendo Switch OLED,Oceania - Australia,2022,3111.48
iPhone 14 Pro,Latin America - Central,2021,1077.53
MacBook Air M2,Asia - Southern,2022,3913.75
Microsoft Surface Pro,Middle East - Gulf,2022,12129.07
Ninja Air Fryer,Africa - Eastern,2024,174.25
Samsung Galaxy S23,Asia - Southeastern,2021,4243.62
Rolex Submariner,Asia - Southeastern,2022,23523.6
Herman Miller Chair,Middle East - Levant,2019,5179.53
Adidas Ultraboost,Latin America - Central,2019,437.43
West Elm Sofa,Latin America - Central,2023,4120.96
Nike Air Force 1,North America - West,2019,147.79
IKEA Billy Bookcase,Middle East - Levant,2022,172.26
Lululemon Align Leggings,North America - East,2020,291.75
GoPro Hero 11,North America - East,2020,1196.14
Samsung QLED TV,Latin America - Northern,2021,2090.28
Breville Coffee Maker,Asia - Eastern,2023,822.84
Breville Coffee Maker,Africa - Eastern,2021,565.99
GoPro Hero 11,Europe - Eastern,2020,1960.15
iPad Pro,Europe - Western,2021,3145.39
Dyson V11 Vacuum,Asia - Southern,2021,3270.76
Levi's 501 Jeans,Latin America - Northern,2019,85.83
Dell XPS 13,Latin America - Central,2019,1054.91
Instant Pot Pro,Europe - Southern,2021,676.27
Canon EOS R6,Europe - Eastern,2022,8050.84
iPad Pro,Asia - Southeastern,2024,2751.27
Google Pixel 7,Asia - Eastern,2023,738.3
Ninja Air Fryer,Africa - Southern,2023,439.24
MacBook Air M2,Asia - Southeastern,2022,7590.48
Google Pixel 7,Europe - Western,2020,2442.76
Samsung Galaxy S23,Latin America - Central,2024,1532.57
Nespresso Vertuo,Latin America - Central,2024,566.68
Nike Air Force 1,North America - Central,2019,412.88
Canon EOS R6,Oceania - New Zealand,2022,26698.6
Breville Coffee Maker,Africa - Southern,2021,164.35
Dyson V11 Vacuum,Oceania - Australia,2024,3296.75
Pottery Barn Dining Table,Middle East - Gulf,2021,1090.37
Roomba i7+,Europe - Northern,2020,540.05
AirPods Pro,Asia - Eastern,2020,246.4
Ray-Ban Aviators,Asia - Eastern,2022,328.11
Rolex Submariner,North America - West,2020,32496.54
Instant Pot Pro,Middle East - Gulf,2019,177.91
Herman Miller Chair,Europe - Southern,2022,6216.58
PlayStation 5,Asia - Southeastern,2021,2244.33
Google Pixel 7,Asia - Southeastern,2023,548.69
Ray-Ban Aviators,Asia - Southeastern,2021,522.15
Breville Coffee Maker,North America - Central,2019,761.35
Samsung Galaxy S23,North America - East,2019,3405.3
Nintendo Switch OLED,Latin America - Central,2022,310.16
Apple Watch Series 8,Asia - Eastern,2022,286.35
Nintendo Switch OLED,North America - West,2024,2566.71
IKEA Billy Bookcase,North America - East,2023,508.51
KitchenAid Mixer,Latin America - Southern,2020,952.57
Tempur-Pedic Mattress,Oceania - New Zealand,2020,16472.18
Nespresso Vertuo,North America - East,2019,383.87
Tempur-Pedic Mattress,North America - Central,2023,1939.18
LG OLED TV,North America - West,2021,14459.77
Canon EOS R6,Oceania - New Zealand,2023,6661.99
Tempur-Pedic Mattress,Asia - Southern,2021,1590.1
Nike Air Force 1,Oceania - New Zealand,2020,284.99
Herman Miller Chair,Asia - Southeastern,2019,1412.92
Dyson V11 Vacuum,Latin America - Northern,2020,1412.71
Samsung QLED TV,North America - West,2023,11172.24
Instant Pot Pro,Asia - Eastern,2021,83.35
Canon EOS R6,Middle East - Gulf,2023,17899.52
Adidas Ultraboost,Asia - Southern,2019,534.05
LG OLED TV,Africa - Western,2021,777.86
Levi's 501 Jeans,Asia - Southern,2020,139.54
West Elm Sofa,Africa - Western,2021,5031.84
Levi's 501 Jeans,Middle East - Levant,2019,75.17
Google Pixel 7,Middle East - Gulf,2023,759.4
Dyson V11 Vacuum,Latin America - Central,2024,1184.87
Google Pixel 7,Middle East - Levant,2019,3166.39
Vitamix Blender,Africa - Eastern,2021,1077.73
iPad Pro,Middle East - Levant,2019,3819.85
Dell XPS 13,Europe - Southern,2024,4995.67
GoPro Hero 11,Asia - Southern,2023,3852.28
PlayStation 5,Europe - Southern,2021,2234.47
IKEA Billy Bookcase,Europe - Western,2023,754.17
Apple Watch Series 8,Latin America - Central,2022,208.62
Lululemon Align Leggings,Asia - Southern,2019,37.07
Canon EOS R6,Africa - Eastern,2020,10585.81
Canon EOS R6,Europe - Northern,2023,3662.18
LG OLED TV,Asia - Southeastern,2020,1200.76
Dell XPS 13,Latin America - Southern,2022,4908.53
Nike Air Force 1,Europe - Eastern,2024,76.12
Vitamix Blender,Latin America - Central,2022,1095.84
Ray-Ban Aviators,Asia - Southeastern,2022,81.9
Lululemon Align Leggings,Oceania - New Zealand,2024,500.55
Sony WH-1000XM5,Asia - Southern,2023,3661.72
PlayStation 5,North America - West,2022,4814.04
Rolex Submariner,North America - Central,2024,47656.16
Samsung Galaxy S23,Africa - Southern,2022,702.33
Rolex Submariner,Middle East - Gulf,2021,53964.22
Herman Miller Chair,Latin America - Central,2020,622.84
Pottery Barn Dining Table,North America - West,2019,5940.54
Lululemon Align Leggings,Middle East - Gulf,2020,45.87
Apple Watch Series 8,Africa - Southern,2021,594.41
iPad Pro,Middle East - Gulf,2021,7506.5
AirPods Pro,Africa - Eastern,2023,1231.12
iPhone 14 Pro,North America - West,2024,3298.89
Levi's 501 Jeans,Latin America - Central,2021,136.17
Nintendo Switch OLED,Oceania - New Zealand,2023,849.04
Pottery Barn Dining Table,Middle East - Gulf,2021,1090.37
Ray-Ban Aviators,Middle East - Levant,2019,209.19
IKEA Billy Bookcase,North America - Central,2022,326.86
Lululemon Align Leggings,Europe - Western,2024,434.32
Samsung QLED TV,North America - West,2019,10382.64
Pottery Barn Dining Table,North America - Central,2022,7410.61
Ninja Air Fryer,Asia - Southeastern,2020,817.15
West Elm Sofa,Asia - Eastern,2024,16357.26
West Elm Sofa,North America - East,2020,12791.28
Levi's 501 Jeans,Africa - Southern,2022,198.32
Herman Miller Chair,Middle East - Gulf,2022,2132.37
Roomba i7+,North America - Central,2023,5989.96
Vitamix Blender,Europe - Eastern,2022,457.95
Samsung Galaxy S23,Asia - Southern,2024,2792.78
Lululemon Align Leggings,Latin America - Central,2024,204.9
Levi's 501 Jeans,Latin America - Northern,2022,207.46
Tempur-Pedic Mattress,Middle East - Levant,2020,6838.38
Dell XPS 13,North America - West,2020,6193.44
PlayStation 5,Latin America - Northern,2019,800.16
Samsung Galaxy S23,Asia - Eastern,2021,2827.29
Canon EOS R6,Latin America - Southern,2021,13924.73
Breville Coffee Maker,Europe - Northern,2019,959.44
Google Pixel 7,Europe - Northern,2019,636.87
Rolex Submariner,Oceania - Australia,2022,24139.58
iPad Pro,Europe - Southern,2022,5329.33
iPhone 14 Pro,Latin America - Central,2022,2768.49
Nike Air Force 1,Oceania - New Zealand,2020,284.99
Nespresso Vertuo,Latin America - Northern,2024,1025.14
Samsung Galaxy S23,Middle East - Gulf,2022,6704.73
Nintendo Switch OLED,Asia - Southern,2020,1367.59
Ninja Air Fryer,Europe - Eastern,2021,541.51
KitchenAid Mixer,Europe - Southern,2023,2711.76
Dyson V11 Vacuum,Latin America - Central,2020,1767.49
Herman Miller Chair,Europe - Eastern,2020,4379.82
Adidas Ultraboost,Latin America - Northern,2019,197.85
Roomba i7+,Middle East - Gulf,2020,4020.58
Dell XPS 13,Asia - Eastern,2020,689.17
West Elm Sofa,Oceania - New Zealand,2022,8099.89
LG OLED TV,Asia - Eastern,2024,7806.62
Samsung QLED TV,Europe - Western,2022,11137.76
MacBook Air M2,Oceania - Australia,2024,16097.22
Apple Watch Series 8,Asia - Eastern,2023,1859.74
Levi's 501 Jeans,North America - Central,2019,53.37
Xbox Series X,Oceania - Australia,2022,1513.08
Adidas Ultraboost,Middle East - Levant,2021,139.01
LG OLED TV,Oceania - New Zealand,2019,8853.92
LG OLED TV,Oceania - New Zealand,2022,10339.3
Microsoft Surface Pro,Oceania - Australia,2020,10759.97
Nike Air Force 1,Africa - Eastern,2020,202.86
Sony WH-1000XM5,Asia - Southern,2020,1552.16
Breville Coffee Maker,Europe - Western,2023,1817.89
Adidas Ultraboost,Africa - Western,2022,513.95
iPad Pro,North America - Central,2022,6398.2
Herman Miller Chair,Middle East - Gulf,2024,6983.19
Apple Watch Series 8,Europe - Northern,2024,323.23
iPhone 14 Pro,Latin America - Southern,2022,3811.95
Instant Pot Pro,Latin America - Southern,2024,244.19
Google Pixel 7,Middle East - Levant,2020,2393.74
Samsung QLED TV,Asia - Southern,2019,758.87
Nike Air Force 1,North America - Central,2022,221.09
MacBook Air M2,Africa - Southern,2024,3023.22
iPhone 14 Pro,Oceania - Australia,2019,5401.78
Samsung QLED TV,Europe - Southern,2023,6522.86
Nike Air Force 1,Africa - Southern,2024,43.83
Herman Miller Chair,Europe - Northern,2020,6990.67
Samsung QLED TV,North America - Central,2019,4010.75
iPad Pro,Middle East - Levant,2024,6754.69
Xbox Series X,North America - Central,2021,2442.33
Lululemon Align Leggings,Europe - Northern,2021,114.17
MacBook Air M2,Asia - Southeastern,2019,7120.66
West Elm Sofa,Latin America - Southern,2024,7554.91
IKEA Billy Bookcase,Africa - Western,2019,24.08
Lululemon Align Leggings,Oceania - New Zealand,2019,189.89
Xbox Series X,Africa - Eastern,2021,524.32
Sony WH-1000XM5,Asia - Eastern,2022,1454.92
Breville Coffee Maker,Middle East - Gulf,2023,1409.08
Roomba i7+,Oceania - New Zealand,2021,774.51
GoPro Hero 11,Africa - Eastern,2021,929.66
Adidas Ultraboost,Asia - Eastern,2023,643.09
Herman Miller Chair,North America - Central,2021,6589.23
PlayStation 5,Africa - Eastern,2019,786.48
IKEA Billy Bookcase,Middle East - Levant,2024,374.8
Samsung QLED TV,Africa - Western,2022,760.53
Rolex Submariner,Africa - Western,2019,18113.47
Xbox Series X,Europe - Eastern,2022,3436.13
Vitamix Blender,North America - Central,2022,439.71
KitchenAid Mixer,Africa - Eastern,2024,210.3
Herman Miller Chair,Latin America - Central,2024,5664.72
Ray-Ban Aviators,Asia - Southeastern,2021,522.15
Breville Coffee Maker,Asia - Southern,2020,1220.54
Sony WH-1000XM5,Africa - Eastern,2022,707.08
Ninja Air Fryer,Asia - Southeastern,2020,817.15
Samsung Galaxy S23,Asia - Eastern,2023,5861.89
Instant Pot Pro,Asia - Southern,2024,102.47
Dyson V11 Vacuum,Middle East - Levant,2021,361.26
Nike Air Force 1,Asia - Eastern,2024,169.16
Sony WH-1000XM5,North America - Central,2024,3115.56
PlayStation 5,Asia - Eastern,2023,2101.81
Samsung Galaxy S23,Latin America - Central,2021,3061.59
Nike Air Force 1,Africa - Eastern,2019,199.18
Rolex Submariner,North America - Central,2022,31987.31
West Elm Sofa,Africa - Southern,2023,2472.7
Google Pixel 7,North America - Central,2024,1262.28
LG OLED TV,Oceania - New Zealand,2021,1869.73
AirPods Pro,Europe - Western,2021,532.09
Nintendo Switch OLED,North America - Central,2021,1490.22
Tempur-Pedic Mattress,Latin America - Northern,2021,6113.22
AirPods Pro,Latin America - Central,2020,247.48
Vitamix Blender,Latin America - Central,2019,404.55
Rolex Submariner,Africa - Eastern,2022,11329.34
Instant Pot Pro,Middle East - Levant,2024,193.08
iPad Pro,Latin America - Southern,2019,3176.42
Nespresso Vertuo,Middle East - Gulf,2022,165.63
Dyson V11 Vacuum,Europe - Eastern,2024,4501.72
LG OLED TV,Middle East - Levant,2019,1185.23
Nespresso Vertuo,Africa - Western,2023,477.53
Instant Pot Pro,Asia - Eastern,2024,172.77
Vitamix Blender,Africa - Southern,2020,191.6
MacBook Air M2,Asia - Southeastern,2021,3293.99
Sony WH-1000XM5,Asia - Southern,2021,2354.06
Tempur-Pedic Mattress,North America - West,2023,21138.84
Dell XPS 13,North America - Central,2020,6996.66
Samsung Galaxy S23,Europe - Northern,2021,6560.98
Tempur-Pedic Mattress,Oceania - Australia,2022,11280.83
iPad Pro,Latin America - Central,2020,590.96
Pottery Barn Dining Table,North America - West,2020,6022.03
Dyson V11 Vacuum,Europe - Northern,2021,4478.46
Herman Miller Chair,Europe - Northern,2024,10493.91
Dell XPS 13,Middle East - Gulf,2023,7176.55
Samsung QLED TV,Asia - Eastern,2022,9654.09
Samsung QLED TV,Latin America - Central,2023,6260.83
Google Pixel 7,North America - Central,2020,4347.25
Apple Watch Series 8,North America - West,2024,3759.37
Roomba i7+,Oceania - New Zealand,2023,8579.42
Adidas Ultraboost,Asia - Eastern,2022,1038.16
Canon EOS R6,Europe - Western,2023,33924.1
Ray-Ban Aviators,Africa - Southern,2019,162.37
Xbox Series X,Asia - Eastern,2019,2509.89
Vitamix Blender,Oceania - New Zealand,2021,960.57
Samsung Galaxy S23,North America - Central,2022,3461.86
MacBook Air M2,Europe - Eastern,2021,4788.36
Levi's 501 Jeans,Africa - Western,2020,32.56
Nike Air Force 1,Oceania - New Zealand,2021,136.83
Breville Coffee Maker,Africa - Southern,2023,1204.77
West Elm Sofa,Middle East - Gulf,2022,5323.26
iPad Pro,North America - West,2023,10391.2
Instant Pot Pro,North America - Central,2022,758.89
Lululemon Align Leggings,Asia - Eastern,2024,254.65
KitchenAid Mixer,North America - Central,2024,3836.44
Sony WH-1000XM5,Middle East - Gulf,2020,840.77
Xbox Series X,North America - Central,2022,4180.5
Vitamix Blender,Africa - Western,2022,1038.18
MacBook Air M2,Europe - Southern,2023,2451.33
Herman Miller Chair,Latin America - Northern,2024,740.0
iPhone 14 Pro,Oceania - New Zealand,2020,2192.17
Samsung Galaxy S23,Europe - Western,2019,2746.21
LG OLED TV,Oceania - New Zealand,2024,10149.76
Vitamix Blender,Oceania - New Zealand,2024,1048.14
Dell XPS 13,Oceania - Australia,2024,9362.35
AirPods Pro,Africa - Eastern,2021,1040.31
Microsoft Surface Pro,Latin America - Northern,2019,1342.56
Dell XPS 13,Oceania - New Zealand,2022,10557.36
Breville Coffee Maker,Latin America - Central,2021,155.71
IKEA Billy Bookcase,Africa - Southern,2019,244.75
Roomba i7+,Latin America - Southern,2024,3150.95
Dell XPS 13,Africa - Southern,2023,4119.72
Rolex Submariner,Africa - Western,2024,11214.37
Apple Watch Series 8,North America - Central,2021,1594.27
West Elm Sofa,Middle East - Gulf,2021,10431.88
Nintendo Switch OLED,Europe - Western,2023,1570.91
Ray-Ban Aviators,Middle East - Levant,2023,409.26
iPad Pro,North America - Central,2024,3068.17
Xbox Series X,Europe - Eastern,2023,4478.37
Adidas Ultraboost,Europe - Western,2019,660.18
iPhone 14 Pro,Latin America - Southern,2019,2200.89
Adidas Ultraboost,Asia - Eastern,2022,1038.16
iPhone 14 Pro,Asia - Southeastern,2024,2418.6
iPhone 14 Pro,Latin America - Central,2019,3012.45
Ray-Ban Aviators,Latin America - Central,2021,65.15
Instant Pot Pro,Oceania - New Zealand,2019,359.1
Tempur-Pedic Mattress,Africa - Southern,2023,8536.32
Microsoft Surface Pro,Europe - Western,2024,12837.07
Canon EOS R6,North America - East,2022,21911.7
Rolex Submariner,Oceania - New Zealand,2024,79414.17
iPad Pro,Oceania - New Zealand,2022,2095.0
Roomba i7+,Latin America - Southern,2022,3121.06
West Elm Sofa,Africa - Eastern,2024,5531.26
Sony WH-1000XM5,North America - West,2024,1401.13
Vitamix Blender,Oceania - New Zealand,2024,1048.14
Instant Pot Pro,Africa - Southern,2024,342.87
Apple Watch Series 8,Asia - Southern,2024,1804.53
Xbox Series X,Africa - Eastern,2021,524.32
Xbox Series X,Africa - Southern,2019,2220.33
Ninja Air Fryer,Europe - Northern,2022,557.63
Dell XPS 13,Europe - Northern,2024,1346.2
Herman Miller Chair,Latin America - Southern,2022,2875.21
AirPods Pro,Latin America - Northern,2020,133.32
AirPods Pro,Africa - Western,2022,189.86
Rolex Submariner,Oceania - Australia,2023,69632.98
Adidas Ultraboost,Middle East - Gulf,2020,670.18
IKEA Billy Bookcase,Latin America - Northern,2019,248.15
Sony WH-1000XM5,Asia - Southeastern,2021,2915.91
West Elm Sofa,Middle East - Levant,2022,7825.05
Canon EOS R6,Asia - Eastern,2019,12338.99
LG OLED TV,Oceania - Australia,2024,11793.4
Breville Coffee Maker,North America - East,2019,290.71
Adidas Ultraboost,Africa - Southern,2019,405.1
Nespresso Vertuo,North America - Central,2023,524.31
Canon EOS R6,Oceania - New Zealand,2023,6661.99
Apple Watch Series 8,North America - West,2019,1505.09
Xbox Series X,Middle East - Gulf,2020,1018.5
Instant Pot Pro,Europe - Northern,2019,319.19
Dell XPS 13,Oceania - New Zealand,2020,3902.16
LG OLED TV,Latin America - Central,2024,6102.34
Herman Miller Chair,Middle East - Levant,2023,8322.69
IKEA Billy Bookcase,Africa - Western,2022,194.12
Breville Coffee Maker,Africa - Eastern,2020,580.14
Pottery Barn Dining Table,Oceania - New Zealand,2020,6990.66
Nespresso Vertuo,Latin America - Southern,2020,838.32
Herman Miller Chair,Asia - Eastern,2020,2570.8
Canon EOS R6,North America - West,2019,6034.84
AirPods Pro,Europe - Eastern,2023,1990.17
Herman Miller Chair,Europe - Southern,2023,8151.61
Ninja Air Fryer,North America - Central,2021,1184.5
Sony WH-1000XM5,Oceania - Australia,2024,3861.44
Microsoft Surface Pro,Africa - Eastern,2022,6489.17
Adidas Ultraboost,Latin America - Northern,2021,89.37
West Elm Sofa,Europe - Northern,2019,4930.67
Google Pixel 7,Latin America - Northern,2023,1625.55
Tempur-Pedic Mattress,Africa - Western,2023,1389.55
Lululemon Align Leggings,Europe - Southern,2022,336.81
Ninja Air Fryer,Africa - Southern,2020,244.77
Google Pixel 7,North America - East,2021,6432.24
Herman Miller Chair,Latin America - Northern,2023,4732.41
Herman Miller Chair,Middle East - Gulf,2020,7431.13
iPhone 14 Pro,Europe - Western,2020,5459.47
PlayStation 5,Europe - Eastern,2023,3145.34
Instant Pot Pro,Oceania - Australia,2020,114.17
West Elm Sofa,Europe - Western,2023,11263.42
Canon EOS R6,Latin America - Central,2022,5714.63
Microsoft Surface Pro,Europe - Eastern,2023,1415.47
Breville Coffee Maker,North America - West,2020,1656.26
Ninja Air Fryer,Africa - Eastern,2022,241.12
Canon EOS R6,Asia - Southeastern,2024,10587.68
Microsoft Surface Pro,North America - East,2020,7684.59
Microsoft Surface Pro,North America - Central,2019,3283.4
Instant Pot Pro,Latin America - Southern,2020,80.74
Nintendo Switch OLED,Europe - Northern,2024,1590.34
AirPods Pro,Africa - Eastern,2022,1127.89
Nintendo Switch OLED,Oceania - Australia,2019,1644.71
LG OLED TV,Latin America - Central,2022,4095.92
Vitamix Blender,Europe - Eastern,2019,817.81
Xbox Series X,Latin America - Northern,2019,2106.01
Pottery Barn Dining Table,Latin America - Northern,2020,1195.11
Nike Air Force 1,Asia - Southern,2019,182.68
Ray-Ban Aviators,Latin America - Central,2024,74.57
Levi's 501 Jeans,Europe - Southern,2019,202.4
Pottery Barn Dining Table,Europe - Northern,2020,6668.63
GoPro Hero 11,North America - West,2021,3214.67
Dell XPS 13,Oceania - New Zealand,2020,3902.16
iPhone 14 Pro,Asia - Eastern,2019,3039.66
MacBook Air M2,Europe - Eastern,2023,1333.69
KitchenAid Mixer,Oceania - New Zealand,2021,1183.31
Xbox Series X,Africa - Southern,2024,3252.92
IKEA Billy Bookcase,Africa - Southern,2024,117.8
Roomba i7+,Latin America - Southern,2022,3121.06
LG OLED TV,Latin America - Southern,2020,5873.25
GoPro Hero 11,Oceania - New Zealand,2024,4871.5
Ninja Air Fryer,North America - East,2023,1578.17
Levi's 501 Jeans,Middle East - Levant,2022,361.04
Ninja Air Fryer,Latin America - Northern,2023,120.24
Breville Coffee Maker,Europe - Northern,2024,332.5
Herman Miller Chair,Europe - Eastern,2020,4379.82
Samsung QLED TV,Latin America - Southern,2019,5245.0
Herman Miller Chair,Africa - Western,2019,586.82
GoPro Hero 11,Asia - Eastern,2024,816.31
Microsoft Surface Pro,Latin America - Southern,2022,8920.6
Nintendo Switch OLED,Latin America - Central,2021,592.57
Google Pixel 7,Europe - Northern,2022,2144.01
Rolex Submariner,Middle East - Gulf,2021,53964.22
LG OLED TV,Latin America - Northern,2024,6970.43
iPad Pro,Europe - Eastern,2023,4448.31
Xbox Series X,North America - Central,2021,2442.33
Adidas Ultraboost,Africa - Southern,2020,298.53
Dell XPS 13,Europe - Eastern,2019,2891.61
iPhone 14 Pro,Europe - Southern,2020,1941.92
Nike Air Force 1,Latin America - Central,2024,254.48
Breville Coffee Maker,Africa - Southern,2021,164.35
Vitamix Blender,Europe - Northern,2020,564.64
Xbox Series X,Africa - Eastern,2019,869.78
Apple Watch Series 8,Latin America - Southern,2020,1139.4
Instant Pot Pro,Asia - Eastern,2021,83.35
Instant Pot Pro,Europe - Southern,2024,980.15
Ninja Air Fryer,Middle East - Gulf,2020,725.33
Canon EOS R6,Africa - Western,2022,6609.66
AirPods Pro,Latin America - Central,2019,977.11
iPad Pro,Africa - Eastern,2024,792.06
Roomba i7+,Asia - Eastern,2021,2490.0
Dell XPS 13,Latin America - Southern,2021,618.64
Levi's 501 Jeans,Middle East - Gulf,2023,271.75
Google Pixel 7,North America - Central,2022,716.99
Lululemon Align Leggings,Africa - Eastern,2020,158.63
iPhone 14 Pro,Latin America - Central,2022,2768.49
LG OLED TV,Africa - Southern,2020,7097.37
iPad Pro,Middle East - Gulf,2023,4696.2
GoPro Hero 11,Oceania - New Zealand,2019,1850.8
KitchenAid Mixer,Africa - Eastern,2021,398.02
Google Pixel 7,North America - Central,2021,1566.03
West Elm Sofa,Europe - Northern,2024,7383.61
Google Pixel 7,Asia - Southeastern,2024,1014.17
Rolex Submariner,Asia - Eastern,2019,40550.36
Google Pixel 7,North America - West,2019,3576.65
AirPods Pro,Latin America - Central,2019,977.11
Ray-Ban Aviators,Asia - Southeastern,2022,81.9
Instant Pot Pro,Europe - Southern,2021,676.27
IKEA Billy Bookcase,Asia - Southeastern,2019,259.47
Apple Watch Series 8,North America - Central,2024,767.07
iPad Pro,Asia - Southern,2019,3523.66
Google Pixel 7,Asia - Southeastern,2021,3578.59
MacBook Air M2,Africa - Western,2022,3010.25
AirPods Pro,Africa - Southern,2024,555.72
Roomba i7+,Latin America - Southern,2021,3197.84
Pottery Barn Dining Table,North America - East,2020,10138.45
Ray-Ban Aviators,Latin America - Central,2024,74.57
Levi's 501 Jeans,Asia - Eastern,2019,145.96
Nike Air Force 1,Africa - Southern,2023,59.01
Dyson V11 Vacuum,North America - Central,2022,3467.98
Dell XPS 13,Africa - Western,2021,6109.95
Instant Pot Pro,Europe - Western,2022,164.29
GoPro Hero 11,Africa - Western,2022,727.56
Xbox Series X,North America - East,2024,1498.5
Samsung QLED TV,Latin America - Southern,2021,2941.96
Breville Coffee Maker,Asia - Southern,2023,1901.05
Nike Air Force 1,North America - West,2024,375.29
Vitamix Blender,Africa - Southern,2020,191.6
Dyson V11 Vacuum,Africa - Southern,2022,1558.51
Herman Miller Chair,Africa - Southern,2024,3306.21
AirPods Pro,Africa - Southern,2022,477.6
Sony WH-1000XM5,Europe - Eastern,2023,2621.39
Breville Coffee Maker,Asia - Eastern,2023,822.84
Ray-Ban Aviators,Asia - Eastern,2020,263.82
Lululemon Align Leggings,Africa - Eastern,2023,300.02
Nintendo Switch OLED,Europe - Northern,2023,3054.53
Sony WH-1000XM5,Latin America - Northern,2021,1503.33
Sony WH-1000XM5,Africa - Southern,2022,1208.66
Vitamix Blender,Asia - Southeastern,2019,904.45
iPad Pro,Latin America - Northern,2024,7698.76
Levi's 501 Jeans,Oceania - New Zealand,2020,450.81
LG OLED TV,Africa - Western,2021,777.86
iPhone 14 Pro,Africa - Western,2022,2059.91
Rolex Submariner,Latin America - Northern,2020,5242.7
Pottery Barn Dining Table,Latin America - Southern,2019,3771.62
Breville Coffee Maker,Latin America - Central,2021,155.71
Xbox Series X,Middle East - Gulf,2023,555.28
GoPro Hero 11,North America - Central,2024,3649.14
iPad Pro,North America - Central,2024,3068.17
KitchenAid Mixer,Oceania - New Zealand,2020,1160.26
Lululemon Align Leggings,Africa - Southern,2021,158.88
Microsoft Surface Pro,Latin America - Southern,2021,7451.89
Apple Watch Series 8,Middle East - Gulf,2020,1021.25
Tempur-Pedic Mattress,Asia - Southeastern,2020,4118.67
Samsung QLED TV,Asia - Eastern,2023,10815.45
Google Pixel 7,Asia - Eastern,2021,4864.97
Dell XPS 13,North America - West,2020,6193.44
AirPods Pro,Africa - Eastern,2022,1127.89
Pottery Barn Dining Table,Latin America - Central,2022,679.55
Lululemon Align Leggings,North America - West,2021,543.39
Samsung Galaxy S23,North America - Central,2022,3461.86
Vitamix Blender,Europe - Southern,2024,1447.19
Tempur-Pedic Mattress,Europe - Eastern,2024,11603.56
Herman Miller Chair,Africa - Southern,2020,1874.53
PlayStation 5,North America - East,2020,1931.93
PlayStation 5,Europe - Southern,2024,750.62
Pottery Barn Dining Table,North America - Central,2022,7410.61
Instant Pot Pro,Asia - Southeastern,2021,574.79
Levi's 501 Jeans,Middle East - Gulf,2024,324.24
Dyson V11 Vacuum,Latin America - Central,2024,1184.87
Microsoft Surface Pro,Europe - Northern,2021,6691.1
Canon EOS R6,Africa - Western,2020,4363.88
Levi's 501 Jeans,North America - Central,2022,367.08
Lululemon Align Leggings,Africa - Eastern,2024,286.06
Nintendo Switch OLED,Middle East - Gulf,2019,1931.75
KitchenAid Mixer,Africa - Western,2020,361.82
Nespresso Vertuo,Oceania - Australia,2024,1175.26
Ray-Ban Aviators,Latin America - Northern,2021,163.99
Instant Pot Pro,Latin America - Southern,2023,186.74
GoPro Hero 11,Europe - Southern,2023,2436.69
MacBook Air M2,Asia - Southern,2020,734.57
IKEA Billy Bookcase,Africa - Southern,2019,244.75
Nike Air Force 1,Europe - Eastern,2024,76.12
Samsung QLED TV,Africa - Western,2022,760.53
Breville Coffee Maker,Oceania - Australia,2019,1361.11
IKEA Billy Bookcase,Latin America - Northern,2020,236.46
AirPods Pro,North America - Central,2019,991.82
Nespresso Vertuo,Oceania - Australia,2020,1362.46
iPhone 14 Pro,North America - East,2023,6889.15
Canon EOS R6,North America - Central,2022,23667.13
PlayStation 5,Africa - Southern,2019,1549.88
Samsung Galaxy S23,Africa - Southern,2023,3859.87
Adidas Ultraboost,Europe - Northern,2022,486.7
iPad Pro,Oceania - New Zealand,2019,6333.3
Tempur-Pedic Mattress,Latin America - Southern,2021,1134.25
Rolex Submariner,Europe - Southern,2023,9468.04
West Elm Sofa,Oceania - Australia,2024,15617.41
Pottery Barn Dining Table,Latin America - Northern,2022,2666.53
Vitamix Blender,Middle East - Levant,2020,1041.11
Instant Pot Pro,Middle East - Gulf,2019,177.91
MacBook Air M2,Middle East - Levant,2023,8928.69
Ray-Ban Aviators,Europe - Western,2022,224.4
PlayStation 5,Asia - Southeastern,2020,2011.68
Ninja Air Fryer,Middle East - Gulf,2019,231.55
Vitamix Blender,Asia - Southern,2024,3069.6
AirPods Pro,Asia - Southeastern,2023,1008.41
Google Pixel 7,Latin America - Central,2019,1284.04
LG OLED TV,Asia - Southeastern,2022,9802.04
Xbox Series X,Europe - Eastern,2019,978.1
Adidas Ultraboost,North America - Central,2022,504.76
KitchenAid Mixer,Asia - Eastern,2022,515.31
Dyson V11 Vacuum,Africa - Southern,2022,1558.51
LG OLED TV,North America - West,2022,3836.35
Sony WH-1000XM5,Asia - Eastern,2019,293.29
Pottery Barn Dining Table,Asia - Southeastern,2020,1595.73
Ray-Ban Aviators,Africa - Southern,2019,162.37
Nespresso Vertuo,Africa - Eastern,2022,786.8
Dell XPS 13,Latin America - Southern,2019,3269.44
Apple Watch Series 8,Europe - Eastern,2022,271.9
Dell XPS 13,North America - West,2020,6193.44
PlayStation 5,North America - Central,2021,4332.16
Vitamix Blender,North America - Central,2020,1014.85
Nike Air Force 1,North America - East,2022,404.65
AirPods Pro,Oceania - Australia,2019,2033.24
Ninja Air Fryer,Europe - Eastern,2023,314.43
Roomba i7+,Latin America - Northern,2023,657.55
AirPods Pro,Europe - Western,2019,758.98
Samsung QLED TV,Europe - Southern,2021,2954.56
Tempur-Pedic Mattress,Europe - Northern,2024,13792.71
Apple Watch Series 8,Europe - Western,2019,2351.12
Samsung Galaxy S23,Africa - Southern,2023,3859.87
Vitamix Blender,Asia - Southern,2019,232.33
Ninja Air Fryer,North America - Central,2021,1184.5
Tempur-Pedic Mattress,Africa - Southern,2023,8536.32
Google Pixel 7,Middle East - Gulf,2022,3635.04
LG OLED TV,Oceania - Australia,2020,3504.26
Ninja Air Fryer,North America - Central,2023,1019.57
PlayStation 5,Middle East - Levant,2021,422.13
Rolex Submariner,Europe - Western,2022,12148.77
Microsoft Surface Pro,North America - Central,2021,13665.78
Google Pixel 7,North America - Central,2019,4019.06
Canon EOS R6,Africa - Eastern,2023,7391.02
Microsoft Surface Pro,Latin America - Central,2020,5315.48
Nike Air Force 1,Asia - Eastern,2023,529.66
Xbox Series X,Europe - Western,2024,1951.38
LG OLED TV,North America - Central,2020,5123.93
Apple Watch Series 8,Africa - Southern,2022,515.79
iPad Pro,Latin America - Southern,2019,3176.42
AirPods Pro,Europe - Northern,2023,354.32
Pottery Barn Dining Table,Middle East - Levant,2023,7458.49
Rolex Submariner,North America - Central,2023,17138.7
Roomba i7+,Latin America - Northern,2020,1419.28
West Elm Sofa,North America - West,2024,2788.72
iPhone 14 Pro,North America - West,2021,9500.05
Dell XPS 13,Latin America - Northern,2020,4990.05
Vitamix Blender,North America - Central,2019,1680.26
Xbox Series X,Asia - Southern,2023,3039.66
AirPods Pro,North America - West,2020,364.44
Ninja Air Fryer,Latin America - Central,2020,517.89
Roomba i7+,Europe - Northern,2022,2582.16
KitchenAid Mixer,Latin America - Northern,2022,772.9
Levi's 501 Jeans,Oceania - New Zealand,2024,546.4
Pottery Barn Dining Table,North America - West,2023,3223.88
iPhone 14 Pro,Europe - Western,2024,9070.75
IKEA Billy Bookcase,Asia - Southeastern,2019,259.47
Ray-Ban Aviators,Oceania - Australia,2019,273.24
IKEA Billy Bookcase,Middle East - Gulf,2023,151.93
GoPro Hero 11,Latin America - Southern,2023,2187.1
Sony WH-1000XM5,North America - East,2021,3301.01
LG OLED TV,Asia - Southeastern,2020,1200.76
Roomba i7+,Asia - Eastern,2022,3898.36
Levi's 501 Jeans,Latin America - Southern,2023,49.62
Xbox Series X,Middle East - Gulf,2023,555.28
Sony WH-1000XM5,Africa - Southern,2023,2708.31
KitchenAid Mixer,Middle East - Gulf,2020,922.12
Instant Pot Pro,Africa - Western,2021,368.56
Lululemon Align Leggings,Latin America - Central,2019,236.35
Roomba i7+,North America - West,2021,5459.46
Google Pixel 7,Africa - Eastern,2022,1520.97
Nike Air Force 1,Latin America - Central,2021,63.76
Roomba i7+,Europe - Western,2022,4684.23
Instant Pot Pro,Latin America - Central,2019,189.91
Adidas Ultraboost,Africa - Eastern,2020,204.52
Nespresso Vertuo,North America - East,2020,559.34
Sony WH-1000XM5,Europe - Eastern,2021,1051.1
Tempur-Pedic Mattress,Latin America - Central,2021,5786.44
KitchenAid Mixer,Latin America - Central,2024,1385.23
Breville Coffee Maker,Asia - Southeastern,2021,166.81
KitchenAid Mixer,Europe - Southern,2024,2117.65
West Elm Sofa,North America - West,2022,11477.38
Canon EOS R6,Oceania - Australia,2023,13155.4
Adidas Ultraboost,Europe - Eastern,2022,684.27
iPad Pro,Middle East - Levant,2022,768.93
KitchenAid Mixer,North America - Central,2021,393.67
Ray-Ban Aviators,Europe - Northern,2023,109.95
Dell XPS 13,Asia - Southern,2024,2493.77
Levi's 501 Jeans,Latin America - Central,2024,316.04
Microsoft Surface Pro,Asia - Southern,2021,7299.22
Instant Pot Pro,Latin America - Northern,2021,462.03
Canon EOS R6,Europe - Northern,2019,15491.21
Vitamix Blender,Europe - Western,2019,1243.32
Instant Pot Pro,Middle East - Gulf,2021,728.53
Ray-Ban Aviators,Middle East - Gulf,2021,280.34
Canon EOS R6,Latin America - Northern,2021,1844.45
AirPods Pro,Europe - Southern,2020,950.55
Levi's 501 Jeans,North America - East,2021,228.31
PlayStation 5,Middle East - Gulf,2023,1151.64
Adidas Ultraboost,Europe - Northern,2023,235.26
iPhone 14 Pro,Middle East - Gulf,2023,7913.87
Roomba i7+,North America - Central,2022,897.76
Ninja Air Fryer,Africa - Southern,2023,439.24
Adidas Ultraboost,Asia - Southern,2023,501.61
iPad Pro,Asia - Eastern,2023,11503.29
iPad Pro,North America - West,2021,9071.39
Tempur-Pedic Mattress,Asia - Southeastern,2021,9525.58
Lululemon Align Leggings,Oceania - New Zealand,2019,189.89
Breville Coffee Maker,Asia - Southeastern,2021,166.81
AirPods Pro,Africa - Eastern,2021,1040.31
LG OLED TV,Europe - Western,2023,5879.85
Dyson V11 Vacuum,Middle East - Levant,2022,986.0
Vitamix Blender,North America - West,2019,1255.38
LG OLED TV,Europe - Northern,2022,3317.66
Canon EOS R6,Oceania - New Zealand,2020,17177.65
KitchenAid Mixer,North America - East,2024,2639.2
IKEA Billy Bookcase,Latin America - Southern,2020,131.56
Rolex Submariner,Oceania - New Zealand,2019,32123.17
Levi's 501 Jeans,Latin America - Northern,2021,229.59
Dyson V11 Vacuum,Africa - Southern,2023,1592.6
IKEA Billy Bookcase,North America - Central,2021,327.22
PlayStation 5,Latin America - Northern,2023,1834.42
Microsoft Surface Pro,Oceania - Australia,2023,2343.51
Breville Coffee Maker,Africa - Western,2019,751.84
MacBook Air M2,Africa - Western,2020,4168.23
Ninja Air Fryer,Latin America - Central,2023,292.11
Google Pixel 7,Middle East - Levant,2021,2209.04
iPad Pro,Europe - Southern,2023,4158.99
Apple Watch Series 8,Latin America - Central,2019,312.44
Nintendo Switch OLED,Middle East - Gulf,2024,3191.93
Ray-Ban Aviators,Europe - Northern,2020,721.42
Pottery Barn Dining Table,Africa - Western,2019,4057.05
MacBook Air M2,Middle East - Levant,2022,8881.41
PlayStation 5,Oceania - New Zealand,2019,546.1
Apple Watch Series 8,Asia - Eastern,2019,421.51
iPad Pro,Europe - Southern,2020,788.07
Lululemon Align Leggings,Europe - Southern,2019,276.63
iPad Pro,Europe - Eastern,2021,3882.27
Pottery Barn Dining Table,Oceania - Australia,2019,980.38
LG OLED TV,Asia - Southeastern,2024,13867.88
Tempur-Pedic Mattress,Africa - Western,2021,5194.35
KitchenAid Mixer,Europe - Eastern,2023,764.65
Ray-Ban Aviators,Asia - Southeastern,2022,81.9
Ray-Ban Aviators,North America - East,2022,955.08
AirPods Pro,Europe - Eastern,2023,1990.17
MacBook Air M2,Middle East - Levant,2024,1058.97
Google Pixel 7,Oceania - Australia,2022,1305.99
Breville Coffee Maker,Africa - Western,2023,1235.79
Roomba i7+,Europe - Western,2019,2455.97
Microsoft Surface Pro,North America - East,2022,4380.08
Instant Pot Pro,Asia - Eastern,2023,124.02
GoPro Hero 11,Asia - Southeastern,2020,299.13
Pottery Barn Dining Table,Middle East - Levant,2019,3403.06
IKEA Billy Bookcase,Africa - Southern,2020,196.73
Xbox Series X,Latin America - Southern,2021,2689.7
West Elm Sofa,Asia - Eastern,2022,11930.52
IKEA Billy Bookcase,Europe - Eastern,2022,274.89
Tempur-Pedic Mattress,Africa - Eastern,2024,8944.82
Pottery Barn Dining Table,Europe - Eastern,2024,2497.45
Roomba i7+,North America - East,2019,1622.92
Herman Miller Chair,Africa - Eastern,2022,4288.36
Levi's 501 Jeans,North America - West,2021,81.55
West Elm Sofa,North America - East,2021,3354.01
Microsoft Surface Pro,Asia - Southern,2024,5849.76
Dyson V11 Vacuum,Europe - Eastern,2019,361.54
Tempur-Pedic Mattress,Asia - Southeastern,2023,3889.12
iPad Pro,North America - West,2024,13939.4
Instant Pot Pro,Middle East - Levant,2023,116.76
Levi's 501 Jeans,Middle East - Levant,2022,361.04
iPad Pro,Europe - Eastern,2021,3882.27
Instant Pot Pro,Latin America - Southern,2022,238.83
Tempur-Pedic Mattress,Middle East - Gulf,2022,8005.11
Microsoft Surface Pro,Asia - Southern,2020,7076.04
Xbox Series X,North America - West,2024,2816.63
Ray-Ban Aviators,Europe - Southern,2021,139.4
Rolex Submariner,Europe - Southern,2019,23741.44
MacBook Air M2,North America - East,2022,7115.82
Nike Air Force 1,Africa - Southern,2022,71.79
Instant Pot Pro,North America - East,2021,521.63
Sony WH-1000XM5,Latin America - Northern,2021,1503.33
Herman Miller Chair,Europe - Southern,2021,6548.59
Apple Watch Series 8,Africa - Western,2023,1176.33
Apple Watch Series 8,Africa - Southern,2022,515.79
Samsung Galaxy S23,Middle East - Levant,2020,2780.68
Apple Watch Series 8,Africa - Southern,2021,594.41
iPhone 14 Pro,Latin America - Central,2021,1077.53
Microsoft Surface Pro,Oceania - Australia,2019,2470.12
KitchenAid Mixer,Africa - Western,2022,1094.56
MacBook Air M2,Middle East - Gulf,2020,4674.89
PlayStation 5,Asia - Southeastern,2022,3174.49
Levi's 501 Jeans,Latin America - Northern,2022,207.46
Lululemon Align Leggings,Africa - Eastern,2024,286.06
iPhone 14 Pro,Asia - Southeastern,2020,3797.35
Levi's 501 Jeans,Asia - Southern,2022,328.17
Rolex Submariner,Africa - Southern,2020,26102.06
MacBook Air M2,Latin America - Northern,2024,4385.06
Nike Air Force 1,Africa - Western,2024,105.63
Ray-Ban Aviators,Africa - Western,2023,243.08
West Elm Sofa,Europe - Northern,2022,5597.12
iPhone 14 Pro,Middle East - Gulf,2020,6296.06
Nespresso Vertuo,Latin America - Northern,2023,278.68
AirPods Pro,Latin America - Northern,2022,189.71
Breville Coffee Maker,Africa - Western,2020,820.36
Samsung Galaxy S23,Africa - Western,2023,1284.63
Xbox Series X,Africa - Western,2023,1617.27
Sony WH-1000XM5,Asia - Eastern,2022,1454.92
Breville Coffee Maker,Asia - Eastern,2021,1164.54
Samsung QLED TV,Europe - Western,2022,11137.76
PlayStation 5,Oceania - New Zealand,2024,1619.61
West Elm Sofa,Europe - Eastern,2024,6866.71
Nespresso Vertuo,Oceania - New Zealand,2022,713.67
Samsung QLED TV,Latin America - Northern,2020,2449.1
Google Pixel 7,Africa - Eastern,2022,1520.97
Roomba i7+,Middle East - Gulf,2022,1708.56
Nespresso Vertuo,Asia - Southern,2021,329.86
Tempur-Pedic Mattress,Latin America - Southern,2019,9183.54
LG OLED TV,North America - East,2024,21246.02
Breville Coffee Maker,Middle East - Gulf,2019,1827.3
Samsung QLED TV,North America - East,2024,2285.95
Adidas Ultraboost,Europe - Southern,2021,503.59
iPad Pro,Middle East - Levant,2023,2484.44
Ninja Air Fryer,Europe - Southern,2021,349.39
Xbox Series X,North America - West,2023,3794.12
Canon EOS R6,North America - Central,2021,10647.93
IKEA Billy Bookcase,Latin America - Northern,2022,170.99
MacBook Air M2,Latin America - Central,2024,6326.9
Ray-Ban Aviators,Africa - Southern,2021,76.44
PlayStation 5,North America - Central,2020,1174.33
Xbox Series X,Asia - Southeastern,2023,1367.3
Microsoft Surface Pro,Africa - Eastern,2021,5349.01
Nespresso Vertuo,Africa - Western,2019,280.89
PlayStation 5,Latin America - Northern,2022,784.2
Instant Pot Pro,Oceania - New Zealand,2019,359.1
KitchenAid Mixer,North America - East,2024,2639.2
LG OLED TV,Africa - Eastern,2019,2669.18
GoPro Hero 11,Europe - Northern,2021,1729.71
Rolex Submariner,Latin America - Southern,2023,25840.26
Ray-Ban Aviators,Africa - Western,2024,358.27
Nintendo Switch OLED,North America - West,2021,2964.84
AirPods Pro,Africa - Western,2019,236.02
Levi's 501 Jeans,Europe - Northern,2024,149.94
Nintendo Switch OLED,Latin America - Central,2020,979.71
Roomba i7+,Africa - Eastern,2024,2684.73
Rolex Submariner,North America - West,2022,27772.11
Levi's 501 Jeans,Africa - Southern,2024,298.52
Nespresso Vertuo,Oceania - Australia,2024,1175.26
Nintendo Switch OLED,Europe - Northern,2023,3054.53
Tempur-Pedic Mattress,Europe - Southern,2023,15666.19
Sony WH-1000XM5,Asia - Southern,2022,1837.68
Google Pixel 7,Europe - Eastern,2019,1913.99
Lululemon Align Leggings,Latin America - Central,2023,373.16
Vitamix Blender,North America - West,2019,1255.38
West Elm Sofa,Asia - Southern,2021,2690.0
LG OLED TV,North America - East,2023,20263.63
Tempur-Pedic Mattress,Oceania - New Zealand,2020,16472.18
Google Pixel 7,Africa - Southern,2023,1724.31
Nike Air Force 1,Asia - Southern,2022,276.76
iPad Pro,Europe - Southern,2019,3822.71
Samsung QLED TV,Africa - Western,2019,3895.24
Microsoft Surface Pro,Africa - Southern,2019,4427.4
Google Pixel 7,Africa - Eastern,2021,1472.31
iPad Pro,Middle East - Levant,2020,2847.46
Apple Watch Series 8,North America - West,2020,1483.34
Pottery Barn Dining Table,Africa - Western,2024,3086.83
GoPro Hero 11,Europe - Northern,2022,891.13
Samsung Galaxy S23,North America - Central,2022,3461.86
Ray-Ban Aviators,North America - East,2024,145.63
Ray-Ban Aviators,Africa - Western,2021,64.72
Tempur-Pedic Mattress,Africa - Southern,2023,8536.32
iPad Pro,Europe - Eastern,2022,2193.87
Adidas Ultraboost,Africa - Western,2020,184.03
Nespresso Vertuo,Europe - Northern,2022,944.77
Samsung Galaxy S23,Europe - Southern,2021,647.84
KitchenAid Mixer,Latin America - Northern,2023,1982.24
KitchenAid Mixer,Africa - Western,2022,1094.56
GoPro Hero 11,North America - West,2024,3151.15
West Elm Sofa,Europe - Northern,2024,7383.61
Sony WH-1000XM5,Europe - Eastern,2020,2282.44
Tempur-Pedic Mattress,Europe - Northern,2021,14805.14
Dell XPS 13,North America - Central,2022,2761.9
LG OLED TV,Latin America - Southern,2023,2546.56
Xbox Series X,Africa - Eastern,2024,1835.67
iPad Pro,Africa - Southern,2020,3420.49
Rolex Submariner,Latin America - Southern,2020,18389.76
Apple Watch Series 8,Oceania - New Zealand,2021,239.91
Xbox Series X,Latin America - Northern,2020,569.41
Pottery Barn Dining Table,Latin America - Central,2020,1854.42
Adidas Ultraboost,Middle East - Levant,2024,398.44
Dell XPS 13,Oceania - Australia,2023,6223.15
Vitamix Blender,Europe - Eastern,2023,2314.54
Roomba i7+,North America - East,2022,2968.04
Levi's 501 Jeans,Asia - Southern,2023,334.48
Samsung QLED TV,Europe - Western,2019,3165.36
Samsung Galaxy S23,Asia - Southern,2022,5118.21
Herman Miller Chair,Africa - Eastern,2020,1611.12
Apple Watch Series 8,North America - East,2019,2044.14
Google Pixel 7,North America - Central,2023,7879.24
Apple Watch Series 8,Europe - Western,2024,300.81
Apple Watch Series 8,Oceania - Australia,2019,2080.49
Nintendo Switch OLED,Europe - Western,2024,1458.43
Breville Coffee Maker,Africa - Western,2023,1235.79
Ray-Ban Aviators,North America - Central,2024,352.34
Apple Watch Series 8,Europe - Eastern,2019,306.79
IKEA Billy Bookcase,Latin America - Southern,2019,81.12
Herman Miller Chair,Middle East - Levant,2022,2573.31
Ray-Ban Aviators,Middle East - Gulf,2023,892.87
Xbox Series X,North America - Central,2021,2442.33
AirPods Pro,Oceania - Australia,2023,3218.85
iPhone 14 Pro,North America - East,2024,5440.03
Sony WH-1000XM5,Europe - Western,2023,2460.9
Breville Coffee Maker,Latin America - Southern,2019,135.05
Microsoft Surface Pro,Africa - Western,2020,4468.62
Lululemon Align Leggings,Latin America - Southern,2020,206.52
Pottery Barn Dining Table,Asia - Southeastern,2022,851.91
Xbox Series X,Europe - Northern,2020,3121.5
GoPro Hero 11,Latin America - Central,2020,1162.43
Instant Pot Pro,Europe - Northern,2022,552.31
MacBook Air M2,North America - East,2022,7115.82
IKEA Billy Bookcase,Oceania - New Zealand,2024,69.98
AirPods Pro,North America - West,2022,2547.81
Microsoft Surface Pro,Latin America - Northern,2019,1342.56
Levi's 501 Jeans,Europe - Southern,2023,187.65
Nike Air Force 1,Asia - Southern,2022,276.76
Roomba i7+,North America - East,2020,4961.71
AirPods Pro,Asia - Eastern,2021,1357.35
Lululemon Align Leggings,Latin America - Southern,2021,218.48
Apple Watch Series 8,Europe - Northern,2020,1156.35
Sony WH-1000XM5,Oceania - New Zealand,2020,1826.83
Herman Miller Chair,Middle East - Gulf,2024,6983.19
Google Pixel 7,Europe - Northern,2019,636.87
Microsoft Surface Pro,Africa - Southern,2019,4427.4
Levi's 501 Jeans,Europe - Eastern,2019,219.05
Instant Pot Pro,Latin America - Southern,2023,186.74
West Elm Sofa,Latin America - Central,2019,3708.67
Dyson V11 Vacuum,Latin America - Northern,2024,2429.17
iPad Pro,Africa - Southern,2022,6085.87
West Elm Sofa,Asia - Eastern,2024,16357.26
Sony WH-1000XM5,Middle East - Gulf,2024,2589.37
Rolex Submariner,Asia - Southeastern,2023,33680.5
Nike Air Force 1,Oceania - Australia,2020,538.13
MacBook Air M2,Africa - Western,2022,3010.25
Google Pixel 7,North America - West,2020,2821.24
Pottery Barn Dining Table,Africa - Southern,2024,4104.28
Xbox Series X,Asia - Southern,2024,542.17
Ninja Air Fryer,Africa - Southern,2023,439.24
Dyson V11 Vacuum,Africa - Southern,2021,1568.32
West Elm Sofa,Europe - Western,2022,11459.26
MacBook Air M2,Europe - Northern,2023,14813.31
Canon EOS R6,Middle East - Gulf,2019,11897.54
Sony WH-1000XM5,Europe - Western,2022,425.22
Canon EOS R6,Europe - Southern,2024,27878.75
Nespresso Vertuo,North America - Central,2023,524.31
KitchenAid Mixer,Europe - Southern,2021,241.71
Sony WH-1000XM5,Africa - Southern,2023,2708.31
West Elm Sofa,Asia - Eastern,2023,9535.2
Tempur-Pedic Mattress,North America - East,2020,9558.08
Adidas Ultraboost,Africa - Southern,2024,215.99
KitchenAid Mixer,Asia - Southeastern,2019,483.0
PlayStation 5,North America - East,2024,1448.31
Microsoft Surface Pro,Africa - Southern,2023,3932.91
AirPods Pro,Middle East - Levant,2024,2187.63
KitchenAid Mixer,Oceania - New Zealand,2020,1160.26
GoPro Hero 11,Asia - Southeastern,2021,1852.35
Levi's 501 Jeans,Europe - Northern,2019,360.81
MacBook Air M2,Europe - Northern,2022,8498.94
Google Pixel 7,Asia - Southern,2024,1456.45
LG OLED TV,Africa - Western,2020,1747.57
Samsung Galaxy S23,North America - East,2021,6592.52
Nintendo Switch OLED,Latin America - Southern,2024,2083.81
Tempur-Pedic Mattress,Africa - Southern,2023,8536.32
Lululemon Align Leggings,Latin America - Southern,2024,237.19
Canon EOS R6,Europe - Southern,2020,4253.35
Samsung QLED TV,Europe - Southern,2024,9242.48
AirPods Pro,North America - East,2021,1434.73
West Elm Sofa,Europe - Eastern,2019,4439.62
Herman Miller Chair,North America - West,2019,3686.38
Adidas Ultraboost,Europe - Western,2024,1089.05
GoPro Hero 11,Asia - Southern,2023,3852.28
Levi's 501 Jeans,Latin America - Central,2022,135.3
Breville Coffee Maker,North America - Central,2021,855.49
Adidas Ultraboost,Europe - Northern,2020,549.27
Breville Coffee Maker,Asia - Eastern,2024,347.55
Pottery Barn Dining Table,Africa - Southern,2024,4104.28
Ray-Ban Aviators,Asia - Eastern,2024,828.12
Rolex Submariner,Middle East - Gulf,2022,12891.42
Pottery Barn Dining Table,Europe - Eastern,2022,6783.6
Tempur-Pedic Mattress,Asia - Southeastern,2023,3889.12
AirPods Pro,Europe - Eastern,2021,861.9
Roomba i7+,Europe - Eastern,2020,4325.67
Herman Miller Chair,Europe - Northern,2024,10493.91
Tempur-Pedic Mattress,Latin America - Central,2022,4770.34
Adidas Ultraboost,Middle East - Levant,2021,139.01
IKEA Billy Bookcase,Latin America - Northern,2022,170.99
KitchenAid Mixer,Asia - Southern,2020,1354.84
Pottery Barn Dining Table,Asia - Eastern,2019,7211.75
Herman Miller Chair,Asia - Eastern,2019,963.67
MacBook Air M2,Latin America - Central,2019,1994.37
Nespresso Vertuo,Europe - Northern,2024,1998.0
Tempur-Pedic Mattress,Africa - Southern,2019,5291.19
Ninja Air Fryer,North America - Central,2023,1019.57
Microsoft Surface Pro,Oceania - Australia,2023,2343.51
Adidas Ultraboost,Asia - Southern,2024,280.22
Microsoft Surface Pro,Asia - Eastern,2023,7391.42
AirPods Pro,Asia - Southern,2022,782.36
Xbox Series X,North America - West,2023,3794.12
Roomba i7+,Asia - Southeastern,2022,2602.7
KitchenAid Mixer,Latin America - Central,2023,1546.26
Samsung QLED TV,Latin America - Southern,2019,5245.0
Dell XPS 13,Europe - Eastern,2019,2891.61
Microsoft Surface Pro,Europe - Eastern,2019,6661.53
iPhone 14 Pro,Africa - Eastern,2021,3433.66
KitchenAid Mixer,Asia - Southeastern,2022,248.99
Rolex Submariner,Africa - Southern,2023,28915.85
Rolex Submariner,Africa - Southern,2021,8862.34
LG OLED TV,Oceania - New Zealand,2024,10149.76
Dell XPS 13,Latin America - Central,2021,581.39
AirPods Pro,Africa - Western,2024,1520.91
Instant Pot Pro,Latin America - Southern,2020,80.74
Sony WH-1000XM5,Asia - Southeastern,2021,2915.91
Breville Coffee Maker,North America - West,2024,2643.7
PlayStation 5,Asia - Eastern,2024,717.9
MacBook Air M2,Europe - Northern,2023,14813.31
Adidas Ultraboost,Europe - Southern,2022,214.97
Herman Miller Chair,Europe - Western,2022,10946.52
Nespresso Vertuo,Oceania - New Zealand,2022,713.67
Instant Pot Pro,Asia - Eastern,2019,256.83
GoPro Hero 11,Oceania - New Zealand,2023,507.0
Samsung Galaxy S23,Oceania - New Zealand,2020,1773.09
MacBook Air M2,Middle East - Levant,2022,8881.41
Dell XPS 13,Asia - Southeastern,2022,1991.12
Lululemon Align Leggings,Asia - Eastern,2022,336.92
Dell XPS 13,Oceania - New Zealand,2020,3902.16
PlayStation 5,Asia - Southeastern,2021,2244.33
PlayStation 5,Asia - Eastern,2022,1173.89
Pottery Barn Dining Table,Africa - Western,2023,2297.81
Rolex Submariner,Africa - Western,2020,13915.4
Rolex Submariner,Europe - Western,2022,12148.77
Tempur-Pedic Mattress,Africa - Southern,2019,5291.19
MacBook Air M2,Oceania - Australia,2019,5153.32
MacBook Air M2,Asia - Southeastern,2022,7590.48
PlayStation 5,Latin America - Central,2023,2100.83
Roomba i7+,North America - Central,2019,4167.55
Google Pixel 7,Europe - Southern,2020,1588.39
PlayStation 5,Oceania - New Zealand,2019,546.1
Xbox Series X,Europe - Western,2024,1951.38
Nike Air Force 1,North America - East,2020,66.45
Samsung QLED TV,Asia - Southern,2020,6938.88
Pottery Barn Dining Table,Asia - Eastern,2020,2616.08
Instant Pot Pro,North America - East,2019,423.16
KitchenAid Mixer,Middle East - Levant,2020,843.53
iPad Pro,Middle East - Gulf,2021,7506.5
Dell XPS 13,Latin America - Central,2023,5976.53
Pottery Barn Dining Table,North America - East,2019,2718.71
Herman Miller Chair,Africa - Eastern,2021,2236.94
MacBook Air M2,Middle East - Levant,2023,8928.69
IKEA Billy Bookcase,Oceania - New Zealand,2021,155.98
MacBook Air M2,North America - East,2024,2128.1
Ray-Ban Aviators,Europe - Eastern,2022,449.16
Google Pixel 7,Oceania - Australia,2023,4707.61
Ninja Air Fryer,North America - Central,2022,904.6
iPhone 14 Pro,North America - West,2021,9500.05
Pottery Barn Dining Table,Asia - Southeastern,2020,1595.73
Apple Watch Series 8,Asia - Southeastern,2021,346.02
Rolex Submariner,Europe - Southern,2024,12403.02
Ninja Air Fryer,Europe - Southern,2020,893.02
Dyson V11 Vacuum,Oceania - Australia,2021,2924.81
Canon EOS R6,Africa - Western,2022,6609.66
Canon EOS R6,Latin America - Central,2019,9381.21
Microsoft Surface Pro,Middle East - Gulf,2019,5611.58
Sony WH-1000XM5,Africa - Eastern,2024,997.97
Rolex Submariner,North America - West,2023,28640.4
Ray-Ban Aviators,North America - East,2023,1072.08
Lululemon Align Leggings,Europe - Southern,2022,336.81
Herman Miller Chair,Asia - Southern,2020,3277.11
Herman Miller Chair,Oceania - Australia,2024,11836.24
Adidas Ultraboost,North America - Central,2021,416.96
GoPro Hero 11,Latin America - Central,2022,1791.21
Lululemon Align Leggings,Latin America - Northern,2021,230.99
Nike Air Force 1,Oceania - Australia,2020,538.13
Microsoft Surface Pro,Oceania - New Zealand,2021,3600.15
KitchenAid Mixer,Middle East - Gulf,2024,4089.63
Breville Coffee Maker,Europe - Southern,2022,560.6
Breville Coffee Maker,Asia - Southern,2019,1098.68
Nike Air Force 1,North America - Central,2022,221.09
LG OLED TV,Asia - Southern,2022,6836.58
Samsung QLED TV,Oceania - Australia,2020,2462.71
Ninja Air Fryer,Middle East - Levant,2020,462.9
Pottery Barn Dining Table,Europe - Eastern,2021,6707.58
Herman Miller Chair,Middle East - Gulf,2023,1236.65
KitchenAid Mixer,Europe - Southern,2021,241.71
Nike Air Force 1,Asia - Southern,2023,293.67
Rolex Submariner,Europe - Western,2024,65856.49
Microsoft Surface Pro,Oceania - Australia,2023,2343.51
PlayStation 5,Africa - Eastern,2023,1546.79
Pottery Barn Dining Table,North America - West,2020,6022.03
Dell XPS 13,Middle East - Gulf,2020,6688.91
Roomba i7+,Europe - Western,2020,3990.93
Sony WH-1000XM5,Africa - Southern,2021,1079.93
Dyson V11 Vacuum,Africa - Western,2022,2293.32
LG OLED TV,Europe - Western,2024,12825.35
Breville Coffee Maker,Africa - Western,2021,1084.95
Rolex Submariner,Latin America - Southern,2020,18389.76
West Elm Sofa,North America - East,2024,19730.06
Tempur-Pedic Mattress,Oceania - Australia,2024,24506.92
Dell XPS 13,Europe - Eastern,2019,2891.61
Ray-Ban Aviators,Europe - Northern,2024,256.05
Nespresso Vertuo,North America - West,2023,1698.7
Vitamix Blender,Africa - Eastern,2019,576.24
Tempur-Pedic Mattress,Oceania - Australia,2023,11106.65
Nespresso Vertuo,Latin America - Central,2021,512.22
Dell XPS 13,Middle East - Levant,2022,5364.22
Nintendo Switch OLED,Asia - Southern,2022,246.99
Roomba i7+,Europe - Northern,2021,3568.25
Xbox Series X,Oceania - New Zealand,2020,3440.43
Apple Watch Series 8,Oceania - Australia,2020,1218.62
Samsung Galaxy S23,North America - Central,2022,3461.86
West Elm Sofa,Europe - Western,2021,12137.06
Instant Pot Pro,North America - Central,2024,986.84
Xbox Series X,Latin America - Southern,2022,1437.21
iPhone 14 Pro,North America - East,2024,5440.03
Sony WH-1000XM5,Latin America - Central,2020,1007.06
LG OLED TV,Africa - Eastern,2024,3516.29
Xbox Series X,Latin America - Northern,2024,531.92
Samsung Galaxy S23,Middle East - Levant,2021,519.53
iPhone 14 Pro,Africa - Western,2021,4915.46
Instant Pot Pro,Latin America - Northern,2022,82.16
Rolex Submariner,Europe - Western,2022,12148.77
Nike Air Force 1,Africa - Western,2020,128.3
KitchenAid Mixer,Middle East - Gulf,2020,922.12
Levi's 501 Jeans,Africa - Western,2023,121.54
Nespresso Vertuo,Middle East - Levant,2021,125.0
Dell XPS 13,Africa - Eastern,2024,4426.87
Nespresso Vertuo,Asia - Eastern,2020,260.27
Tempur-Pedic Mattress,Europe - Northern,2022,17560.32
Roomba i7+,Oceania - New Zealand,2023,8579.42
Vitamix Blender,North America - East,2023,2242.32
Tempur-Pedic Mattress,Latin America - Southern,2019,9183.54
Sony WH-1000XM5,Latin America - Southern,2022,1607.25
Pottery Barn Dining Table,Middle East - Levant,2020,5643.18
MacBook Air M2,Oceania - New Zealand,2023,9519.34
iPhone 14 Pro,North America - East,2019,2540.44
West Elm Sofa,Europe - Southern,2019,7442.03
Dyson V11 Vacuum,Europe - Western,2021,1885.77
Nike Air Force 1,Middle East - Levant,2021,412.9
Instant Pot Pro,Middle East - Gulf,2021,728.53
Google Pixel 7,Europe - Eastern,2023,4977.67
Sony WH-1000XM5,Oceania - Australia,2020,3727.67
Ninja Air Fryer,Oceania - Australia,2020,327.19
PlayStation 5,Africa - Southern,2023,2403.38
iPad Pro,Oceania - New Zealand,2022,2095.0
Roomba i7+,North America - Central,2019,4167.55
Sony WH-1000XM5,Europe - Eastern,2019,2036.12
Lululemon Align Leggings,Asia - Southeastern,2019,219.08
Rolex Submariner,Africa - Southern,2019,21380.73
iPad Pro,North America - West,2022,11105.62
Rolex Submariner,Middle East - Levant,2019,3063.23
Vitamix Blender,Oceania - Australia,2021,354.98
MacBook Air M2,Latin America - Central,2023,6489.21
West Elm Sofa,Middle East - Gulf,2020,8444.18
IKEA Billy Bookcase,Europe - Eastern,2022,274.89
PlayStation 5,Oceania - Australia,2021,5100.06
Herman Miller Chair,Asia - Southeastern,2023,2009.88
Lululemon Align Leggings,Europe - Southern,2022,336.81
KitchenAid Mixer,Latin America - Central,2024,1385.23
Canon EOS R6,Europe - Eastern,2022,8050.84
Pottery Barn Dining Table,Middle East - Levant,2019,3403.06
Ninja Air Fryer,Africa - Western,2019,519.72
Herman Miller Chair,Africa - Western,2020,3166.88
Microsoft Surface Pro,Europe - Eastern,2022,9806.56
Canon EOS R6,Africa - Southern,2023,10336.74
GoPro Hero 11,Latin America - Southern,2020,252.71
Breville Coffee Maker,Middle East - Levant,2020,950.26
MacBook Air M2,Europe - Eastern,2022,7570.39
Nintendo Switch OLED,Asia - Eastern,2023,1806.69
Xbox Series X,Africa - Southern,2023,3020.82
Nintendo Switch OLED,North America - Central,2023,3380.28
Instant Pot Pro,Oceania - New Zealand,2021,252.47
Dell XPS 13,Middle East - Gulf,2020,6688.91
Herman Miller Chair,Latin America - Central,2024,5664.72
Nintendo Switch OLED,North America - Central,2020,2718.66
GoPro Hero 11,North America - West,2022,566.25
KitchenAid Mixer,Middle East - Levant,2021,1581.77
Google Pixel 7,Africa - Eastern,2022,1520.97
KitchenAid Mixer,Africa - Southern,2021,1428.89
Nintendo Switch OLED,North America - Central,2020,2718.66
Xbox Series X,Africa - Western,2022,1739.58
Dyson V11 Vacuum,Latin America - Northern,2023,2750.13
Lululemon Align Leggings,Latin America - Northern,2023,286.1
Instant Pot Pro,Asia - Southern,2023,290.0
Rolex Submariner,North America - West,2019,13090.72
Samsung QLED TV,Europe - Eastern,2024,6769.77
Apple Watch Series 8,Oceania - New Zealand,2020,748.15
Herman Miller Chair,Africa - Western,2020,3166.88
GoPro Hero 11,Europe - Southern,2020,1590.05
Nike Air Force 1,North America - Central,2022,221.09
Breville Coffee Maker,North America - East,2022,1170.81
Nintendo Switch OLED,Asia - Southern,2023,2291.2
Herman Miller Chair,Middle East - Levant,2024,1237.87
PlayStation 5,Europe - Southern,2019,1490.29
AirPods Pro,Latin America - Central,2024,1559.61
Tempur-Pedic Mattress,Asia - Southeastern,2023,3889.12
Roomba i7+,Europe - Eastern,2019,3473.48
GoPro Hero 11,Africa - Southern,2022,307.46
Tempur-Pedic Mattress,Middle East - Levant,2021,4026.55
Ninja Air Fryer,Middle East - Levant,2021,558.98
Samsung Galaxy S23,Oceania - New Zealand,2021,3862.09
Apple Watch Series 8,Africa - Western,2020,414.35
Breville Coffee Maker,Africa - Southern,2023,1204.77
Sony WH-1000XM5,North America - West,2019,399.39
Ninja Air Fryer,Asia - Southern,2019,529.22
IKEA Billy Bookcase,Middle East - Levant,2022,172.26
Apple Watch Series 8,Asia - Southeastern,2023,1045.68
Nintendo Switch OLED,Europe - Northern,2023,3054.53
iPhone 14 Pro,Latin America - Northern,2021,1925.91
Ray-Ban Aviators,Africa - Southern,2020,123.18
IKEA Billy Bookcase,North America - Central,2023,177.57
Xbox Series X,Africa - Eastern,2022,904.16
KitchenAid Mixer,Asia - Southeastern,2024,2430.87
Samsung QLED TV,Asia - Southern,2019,758.87
Tempur-Pedic Mattress,North America - West,2019,15870.06
West Elm Sofa,Middle East - Gulf,2021,10431.88
Microsoft Surface Pro,North America - Central,2019,3283.4
iPad Pro,Latin America - Southern,2019,3176.42
Dell XPS 13,Middle East - Gulf,2024,4548.06
Tempur-Pedic Mattress,Oceania - New Zealand,2022,12267.99
Dell XPS 13,Europe - Southern,2023,1281.34
Xbox Series X,Africa - Southern,2023,3020.82
Ray-Ban Aviators,Asia - Southern,2023,175.68
Adidas Ultraboost,Asia - Eastern,2024,289.81
Canon EOS R6,Asia - Eastern,2020,10365.3
Roomba i7+,Europe - Northern,2021,3568.25
Ninja Air Fryer,Asia - Southern,2021,597.36
Pottery Barn Dining Table,North America - West,2019,5940.54
Pottery Barn Dining Table,Asia - Eastern,2019,7211.75
Adidas Ultraboost,Latin America - Central,2023,126.52
iPad Pro,Oceania - New Zealand,2021,10761.59
Nike Air Force 1,Africa - Eastern,2021,37.46
West Elm Sofa,North America - West,2024,2788.72
Nike Air Force 1,Latin America - Southern,2023,56.37
Google Pixel 7,Oceania - Australia,2022,1305.99
Nespresso Vertuo,Europe - Southern,2024,356.26
GoPro Hero 11,Latin America - Central,2021,586.81
Canon EOS R6,Middle East - Levant,2023,9191.58
West Elm Sofa,North America - West,2020,6633.13
Ninja Air Fryer,Africa - Southern,2022,421.29
Samsung Galaxy S23,Europe - Eastern,2019,4244.8
Sony WH-1000XM5,Oceania - New Zealand,2021,3822.63
Sony WH-1000XM5,North America - West,2021,1727.35
Vitamix Blender,Oceania - New Zealand,2020,806.9
Nike Air Force 1,Oceania - Australia,2022,70.74
Nike Air Force 1,Asia - Southeastern,2019,143.08
iPad Pro,Oceania - Australia,2021,2547.97
Nespresso Vertuo,North America - East,2020,559.34
PlayStation 5,North America - West,2022,4814.04
Pottery Barn Dining Table,Europe - Northern,2022,7582.31
Canon EOS R6,Africa - Southern,2022,5258.22
Google Pixel 7,Africa - Western,2021,905.34
Dyson V11 Vacuum,North America - West,2020,3624.68
MacBook Air M2,Latin America - Southern,2022,3311.75
AirPods Pro,Europe - Eastern,2023,1990.17
MacBook Air M2,Latin America - Southern,2019,2503.97
Xbox Series X,Oceania - New Zealand,2020,3440.43
Samsung Galaxy S23,Europe - Northern,2024,3753.27
iPad Pro,Latin America - Northern,2024,7698.76
AirPods Pro,North America - East,2020,2248.44
KitchenAid Mixer,Europe - Northern,2021,1159.23
Microsoft Surface Pro,Asia - Southeastern,2020,5637.43
Sony WH-1000XM5,Asia - Southern,2022,1837.68
Ray-Ban Aviators,Latin America - Northern,2024,198.38
Nike Air Force 1,North America - West,2019,147.79
Ray-Ban Aviators,Asia - Southern,2024,622.37
Vitamix Blender,Europe - Northern,2020,564.64
iPhone 14 Pro,North America - East,2019,2540.44
Samsung Galaxy S23,Asia - Southern,2020,3841.95
Levi's 501 Jeans,Oceania - New Zealand,2022,247.22
iPad Pro,North America - Central,2023,4443.93
Roomba i7+,Africa - Eastern,2024,2684.73
Ninja Air Fryer,Asia - Southeastern,2021,178.96
Xbox Series X,Europe - Northern,2020,3121.5
Levi's 501 Jeans,Middle East - Gulf,2023,271.75
Nike Air Force 1,Oceania - New Zealand,2019,410.5
Apple Watch Series 8,Oceania - New Zealand,2022,327.16
Instant Pot Pro,Middle East - Gulf,2022,663.29
Adidas Ultraboost,North America - Central,2020,587.24
Adidas Ultraboost,Latin America - Northern,2024,211.34
Dell XPS 13,North America - West,2021,8186.31
Adidas Ultraboost,North America - West,2020,1039.69
Nespresso Vertuo,Middle East - Levant,2023,926.63
Rolex Submariner,Asia - Southern,2024,4668.8
GoPro Hero 11,Latin America - Southern,2019,1007.22
Nike Air Force 1,Middle East - Gulf,2021,421.01
PlayStation 5,Oceania - Australia,2021,5100.06
KitchenAid Mixer,Europe - Northern,2020,2304.01
GoPro Hero 11,Europe - Western,2021,2639.26
Nintendo Switch OLED,Oceania - New Zealand,2021,1256.74
KitchenAid Mixer,Latin America - Southern,2019,730.29
Pottery Barn Dining Table,Africa - Southern,2021,3602.5
Breville Coffee Maker,Latin America - Central,2022,1338.97
Instant Pot Pro,North America - Central,2024,986.84
Lululemon Align Leggings,Asia - Eastern,2020,243.86
West Elm Sofa,Europe - Eastern,2019,4439.62
iPad Pro,Europe - Western,2019,4759.12
Google Pixel 7,Asia - Southeastern,2020,1347.27
Adidas Ultraboost,Oceania - Australia,2019,194.1
PlayStation 5,Oceania - New Zealand,2020,2618.47
Canon EOS R6,Middle East - Levant,2022,10747.3
West Elm Sofa,Africa - Western,2024,8208.34
Rolex Submariner,Europe - Eastern,2022,19279.01
Vitamix Blender,Europe - Northern,2020,564.64
Samsung Galaxy S23,Europe - Southern,2024,928.74
Samsung Galaxy S23,Europe - Western,2023,3806.64
Instant Pot Pro,Asia - Southeastern,2024,944.14
Microsoft Surface Pro,Oceania - New Zealand,2022,12821.78
Microsoft Surface Pro,Europe - Northern,2019,2418.1
KitchenAid Mixer,Africa - Southern,2024,1610.86
Samsung Galaxy S23,Europe - Southern,2023,1997.57
Herman Miller Chair,Middle East - Gulf,2019,8621.08
iPad Pro,Europe - Eastern,2019,7632.24
Lululemon Align Leggings,Asia - Southeastern,2024,151.53
Adidas Ultraboost,Africa - Southern,2020,298.53
iPad Pro,Latin America - Southern,2022,5387.56
Sony WH-1000XM5,North America - East,2019,3560.34
Xbox Series X,Oceania - New Zealand,2024,2637.44
GoPro Hero 11,Africa - Eastern,2019,1031.27
Pottery Barn Dining Table,Africa - Eastern,2019,3533.25
Pottery Barn Dining Table,Africa - Western,2020,5407.09
Sony WH-1000XM5,Oceania - Australia,2021,2329.24
KitchenAid Mixer,Oceania - New Zealand,2020,1160.26
Samsung Galaxy S23,North America - Central,2023,3957.73
Sony WH-1000XM5,Africa - Southern,2021,1079.93
Roomba i7+,North America - East,2024,3454.51
Samsung Galaxy S23,Latin America - Northern,2023,3652.24
Samsung QLED TV,Asia - Southeastern,2024,12635.34
Levi's 501 Jeans,Oceania - New Zealand,2020,450.81
MacBook Air M2,Asia - Eastern,2019,6591.67
Roomba i7+,Europe - Southern,2020,4436.89
KitchenAid Mixer,Latin America - Southern,2024,876.62
Roomba i7+,North America - East,2024,3454.51
Pottery Barn Dining Table,Europe - Western,2022,6899.47
Ray-Ban Aviators,Africa - Western,2021,64.72
Adidas Ultraboost,Europe - Eastern,2019,825.12
West Elm Sofa,Latin America - Northern,2020,2648.28
iPhone 14 Pro,North America - East,2020,1271.33
Pottery Barn Dining Table,Asia - Southeastern,2020,1595.73
Apple Watch Series 8,Africa - Southern,2021,594.41
Samsung Galaxy S23,Europe - Western,2020,5019.99
Ray-Ban Aviators,Asia - Southeastern,2023,77.89
iPad Pro,Europe - Northern,2022,6453.78
Microsoft Surface Pro,Latin America - Central,2020,5315.48
Canon EOS R6,Europe - Southern,2023,2789.32
KitchenAid Mixer,North America - Central,2024,3836.44
Dyson V11 Vacuum,Europe - Southern,2022,4068.21
PlayStation 5,Europe - Northern,2020,1629.04
Levi's 501 Jeans,Europe - Northern,2023,238.82
Instant Pot Pro,Middle East - Levant,2020,329.16
Canon EOS R6,Latin America - Southern,2020,10776.1
Microsoft Surface Pro,North America - West,2023,18121.67
IKEA Billy Bookcase,Latin America - Southern,2020,131.56
Breville Coffee Maker,Africa - Southern,2021,164.35
Ninja Air Fryer,Europe - Eastern,2023,314.43
Google Pixel 7,Europe - Eastern,2021,3028.94
Instant Pot Pro,Europe - Northern,2022,552.31
Sony WH-1000XM5,Oceania - Australia,2023,3717.42
Dyson V11 Vacuum,Africa - Eastern,2019,954.62
Sony WH-1000XM5,Europe - Northern,2020,1004.6
PlayStation 5,Asia - Southeastern,2019,1029.85
Ray-Ban Aviators,Asia - Southern,2019,491.69
Nike Air Force 1,Africa - Eastern,2023,145.34
Herman Miller Chair,Latin America - Southern,2020,672.49
MacBook Air M2,Asia - Southern,2024,2269.3
Samsung QLED TV,Europe - Western,2019,3165.36
Sony WH-1000XM5,North America - West,2019,399.39
IKEA Billy Bookcase,Asia - Eastern,2021,173.66
Nike Air Force 1,Asia - Southern,2023,293.67
Nike Air Force 1,Africa - Eastern,2019,199.18
Xbox Series X,Africa - Eastern,2019,869.78
Apple Watch Series 8,Africa - Western,2024,933.26
MacBook Air M2,Europe - Northern,2019,5922.26
Microsoft Surface Pro,Africa - Eastern,2022,6489.17
Herman Miller Chair,Oceania - New Zealand,2023,5078.57
Adidas Ultraboost,Europe - Western,2024,1089.05
Roomba i7+,Africa - Southern,2022,2676.38
Tempur-Pedic Mattress,Middle East - Gulf,2020,7753.68
Apple Watch Series 8,Oceania - New Zealand,2024,2292.17
LG OLED TV,Europe - Western,2023,5879.85
Rolex Submariner,Europe - Southern,2021,5181.23
Samsung Galaxy S23,Asia - Eastern,2021,2827.29
Nespresso Vertuo,North America - Central,2021,305.58
Breville Coffee Maker,Europe - Western,2022,2193.89
Dell XPS 13,North America - Central,2021,1176.31
Dell XPS 13,Africa - Western,2020,2627.84
Levi's 501 Jeans,Europe - Southern,2021,163.9
GoPro Hero 11,Africa - Eastern,2022,1168.19
Roomba i7+,North America - Central,2023,5989.96
Samsung QLED TV,Africa - Western,2021,1733.5
iPhone 14 Pro,North America - West,2022,1390.79
Breville Coffee Maker,Asia - Southeastern,2019,437.75
Nespresso Vertuo,Europe - Northern,2022,944.77
Herman Miller Chair,Africa - Southern,2021,5035.18
Levi's 501 Jeans,Latin America - Northern,2020,252.07
iPad Pro,Oceania - New Zealand,2020,9073.6
Breville Coffee Maker,Latin America - Northern,2019,651.4
Breville Coffee Maker,North America - Central,2023,717.79
Rolex Submariner,North America - East,2020,6533.53
Samsung QLED TV,Europe - Southern,2024,9242.48
Canon EOS R6,Europe - Northern,2024,26065.03
Samsung QLED TV,Latin America - Northern,2021,2090.28
Sony WH-1000XM5,Africa - Southern,2019,1597.08
LG OLED TV,Middle East - Gulf,2021,10547.11
Pottery Barn Dining Table,Latin America - Northern,2019,1199.36
KitchenAid Mixer,Latin America - Northern,2023,1982.24
Microsoft Surface Pro,Asia - Eastern,2021,1399.31
Samsung Galaxy S23,Africa - Western,2020,998.48
GoPro Hero 11,Latin America - Southern,2022,2853.32
Samsung Galaxy S23,Middle East - Levant,2020,2780.68
Tempur-Pedic Mattress,Oceania - New Zealand,2020,16472.18
GoPro Hero 11,North America - East,2023,6420.86
Nintendo Switch OLED,North America - West,2019,1328.27
Dell XPS 13,Oceania - Australia,2020,1153.98
Herman Miller Chair,Middle East - Gulf,2022,2132.37
IKEA Billy Bookcase,Latin America - Northern,2024,280.6
PlayStation 5,Asia - Southern,2019,662.06
Nintendo Switch OLED,Oceania - Australia,2021,410.41
Google Pixel 7,Middle East - Gulf,2021,2331.77
Vitamix Blender,Asia - Southeastern,2022,2327.9
Instant Pot Pro,Oceania - New Zealand,2022,621.99
Rolex Submariner,North America - East,2023,82614.31
Levi's 501 Jeans,Asia - Eastern,2022,57.94
Sony WH-1000XM5,Oceania - New Zealand,2021,3822.63
Canon EOS R6,Middle East - Levant,2021,12078.36
Microsoft Surface Pro,Asia - Southern,2023,1353.53
Google Pixel 7,Middle East - Levant,2023,2582.88
West Elm Sofa,Middle East - Gulf,2023,5022.51
Herman Miller Chair,Latin America - Central,2024,5664.72
AirPods Pro,Middle East - Levant,2024,2187.63
Nike Air Force 1,Africa - Southern,2021,215.01
Samsung QLED TV,North America - Central,2022,1190.51
MacBook Air M2,North America - East,2022,7115.82
Instant Pot Pro,Latin America - Northern,2019,57.72
KitchenAid Mixer,North America - West,2022,1702.45
Herman Miller Chair,North America - East,2024,5591.6
Microsoft Surface Pro,Asia - Southern,2022,2091.4
Vitamix Blender,Europe - Eastern,2023,2314.54
Canon EOS R6,Oceania - Australia,2023,13155.4
PlayStation 5,Africa - Western,2023,452.18
Apple Watch Series 8,North America - Central,2020,461.85
iPad Pro,Latin America - Central,2022,3480.04
Herman Miller Chair,Middle East - Gulf,2023,1236.65
LG OLED TV,Latin America - Central,2022,4095.92
KitchenAid Mixer,North America - Central,2023,3919.72
Instant Pot Pro,Europe - Eastern,2024,892.87
Vitamix Blender,Middle East - Gulf,2022,2953.32
Roomba i7+,Oceania - New Zealand,2021,774.51
Roomba i7+,Africa - Southern,2022,2676.38
Tempur-Pedic Mattress,Asia - Southern,2024,1726.83
Pottery Barn Dining Table,Middle East - Levant,2022,8460.71
Apple Watch Series 8,Latin America - Central,2020,911.07
iPhone 14 Pro,Africa - Southern,2023,1513.94
Ray-Ban Aviators,Asia - Southeastern,2022,81.9
Lululemon Align Leggings,Asia - Eastern,2022,336.92
Nintendo Switch OLED,Latin America - Northern,2019,465.03
Instant Pot Pro,Europe - Eastern,2024,892.87
Rolex Submariner,Africa - Southern,2023,28915.85
Rolex Submariner,North America - East,2022,43688.68
Nike Air Force 1,Europe - Western,2020,61.29
Herman Miller Chair,Oceania - Australia,2020,2482.07
iPhone 14 Pro,Oceania - New Zealand,2021,5815.14
IKEA Billy Bookcase,Europe - Southern,2019,269.2
West Elm Sofa,Asia - Southeastern,2021,7879.92
Dell XPS 13,Middle East - Levant,2023,5338.5
Ninja Air Fryer,Middle East - Gulf,2020,725.33
Nintendo Switch OLED,Oceania - New Zealand,2021,1256.74
Nintendo Switch OLED,Latin America - Southern,2024,2083.81
Nintendo Switch OLED,Europe - Western,2021,3170.45
Lululemon Align Leggings,Europe - Southern,2020,57.01
Nespresso Vertuo,North America - East,2019,383.87
Xbox Series X,North America - West,2023,3794.12
Nintendo Switch OLED,Europe - Western,2023,1570.91
iPad Pro,North America - West,2024,13939.4
Apple Watch Series 8,Latin America - Central,2021,161.85
KitchenAid Mixer,Latin America - Central,2024,1385.23
Adidas Ultraboost,Asia - Eastern,2024,289.81
Levi's 501 Jeans,Asia - Eastern,2022,57.94
Instant Pot Pro,Latin America - Central,2024,365.19
Dyson V11 Vacuum,Europe - Northern,2019,1682.06
Xbox Series X,Asia - Southern,2024,542.17
Ninja Air Fryer,Middle East - Gulf,2019,231.55
iPhone 14 Pro,North America - Central,2023,9941.02
iPad Pro,Asia - Southeastern,2019,1730.62
Nintendo Switch OLED,Europe - Eastern,2021,2233.96
Adidas Ultraboost,Africa - Western,2020,184.03
Xbox Series X,Oceania - New Zealand,2019,465.28
Rolex Submariner,Africa - Eastern,2022,11329.34
Apple Watch Series 8,Asia - Eastern,2024,1580.27
Breville Coffee Maker,Europe - Western,2023,1817.89
Xbox Series X,Europe - Southern,2024,1153.46
Levi's 501 Jeans,Europe - Southern,2021,163.9
MacBook Air M2,North America - East,2023,7610.97
Xbox Series X,Oceania - New Zealand,2023,2494.23
Google Pixel 7,Europe - Southern,2021,2139.95
Rolex Submariner,North America - East,2019,5220.72
Levi's 501 Jeans,North America - West,2019,297.77
iPad Pro,North America - West,2023,10391.2
PlayStation 5,Europe - Western,2023,3515.87
West Elm Sofa,Europe - Southern,2020,3363.24
Nintendo Switch OLED,Latin America - Southern,2019,1161.68
Vitamix Blender,Africa - Eastern,2023,882.73
IKEA Billy Bookcase,Africa - Western,2020,202.5
Sony WH-1000XM5,Africa - Western,2021,226.94
Google Pixel 7,North America - Central,2022,716.99
Vitamix Blender,North America - East,2023,2242.32
Vitamix Blender,Africa - Southern,2020,191.6
PlayStation 5,Europe - Northern,2020,1629.04
KitchenAid Mixer,North America - West,2024,4193.26
Vitamix Blender,Latin America - Central,2020,1653.01
Dell XPS 13,Asia - Southern,2019,1375.1
PlayStation 5,Europe - Northern,2021,3424.28
Breville Coffee Maker,Africa - Eastern,2023,751.61
Rolex Submariner,Europe - Western,2021,26746.46
Tempur-Pedic Mattress,Africa - Western,2024,4872.22
IKEA Billy Bookcase,Africa - Eastern,2024,380.28
Dell XPS 13,Latin America - Central,2021,581.39
iPad Pro,North America - Central,2019,8536.73
West Elm Sofa,Oceania - Australia,2021,7311.59
Rolex Submariner,Africa - Eastern,2023,6059.89
Herman Miller Chair,Asia - Eastern,2021,8382.39
Samsung Galaxy S23,Middle East - Levant,2019,3402.95
Samsung Galaxy S23,Oceania - New Zealand,2022,8517.19
Sony WH-1000XM5,Asia - Eastern,2019,293.29
Nike Air Force 1,Asia - Eastern,2019,49.03
Adidas Ultraboost,North America - Central,2022,504.76
PlayStation 5,North America - Central,2023,4883.48
Ray-Ban Aviators,Latin America - Northern,2021,163.99
Dell XPS 13,Oceania - New Zealand,2020,3902.16
Microsoft Surface Pro,Africa - Eastern,2023,6018.33
Roomba i7+,Asia - Southeastern,2019,3945.39
Rolex Submariner,Middle East - Gulf,2020,35602.75
KitchenAid Mixer,Middle East - Gulf,2022,1760.95
Adidas Ultraboost,Asia - Southern,2023,501.61
Breville Coffee Maker,Europe - Eastern,2019,464.72
Nike Air Force 1,North America - Central,2021,192.64
Nike Air Force 1,Asia - Eastern,2020,167.07
iPad Pro,North America - East,2020,5404.42
Rolex Submariner,Asia - Southern,2024,4668.8
Dyson V11 Vacuum,Middle East - Levant,2024,1697.57
GoPro Hero 11,Europe - Northern,2024,1329.66
Rolex Submariner,Africa - Eastern,2022,11329.34
Dyson V11 Vacuum,Africa - Southern,2019,753.0
Pottery Barn Dining Table,Europe - Eastern,2022,6783.6
Instant Pot Pro,Middle East - Levant,2024,193.08
Nike Air Force 1,Africa - Western,2019,71.6
Herman Miller Chair,Oceania - Australia,2024,11836.24
Lululemon Align Leggings,Europe - Western,2019,492.67
MacBook Air M2,Oceania - New Zealand,2023,9519.34
LG OLED TV,Latin America - Northern,2020,4107.62
Breville Coffee Maker,Latin America - Central,2020,330.21
LG OLED TV,Middle East - Levant,2019,1185.23
Pottery Barn Dining Table,Middle East - Gulf,2022,1354.1
Rolex Submariner,Europe - Eastern,2019,16553.18
IKEA Billy Bookcase,Asia - Eastern,2022,159.8
Canon EOS R6,Latin America - Northern,2022,4600.72
Dyson V11 Vacuum,Europe - Northern,2021,4478.46
Google Pixel 7,North America - Central,2019,4019.06
GoPro Hero 11,Oceania - Australia,2023,451.23
Roomba i7+,Europe - Southern,2020,4436.89
Canon EOS R6,Africa - Eastern,2023,7391.02
Sony WH-1000XM5,Africa - Southern,2023,2708.31
Pottery Barn Dining Table,Asia - Eastern,2022,1046.91
Nintendo Switch OLED,Oceania - New Zealand,2021,1256.74
KitchenAid Mixer,Asia - Southeastern,2020,1545.63
West Elm Sofa,Latin America - Central,2020,3581.32
MacBook Air M2,Asia - Eastern,2023,6219.26
Ray-Ban Aviators,Europe - Western,2023,579.25
PlayStation 5,Asia - Eastern,2019,1374.66
AirPods Pro,North America - Central,2022,1964.8
iPad Pro,Asia - Eastern,2023,11503.29
Herman Miller Chair,Africa - Western,2019,586.82
Vitamix Blender,Middle East - Gulf,2022,2953.32
Roomba i7+,Oceania - Australia,2020,4791.62
Dyson V11 Vacuum,Latin America - Southern,2024,393.09
Pottery Barn Dining Table,North America - West,2024,8718.08
Microsoft Surface Pro,Oceania - Australia,2021,3200.27
Nespresso Vertuo,Europe - Northern,2020,149.13
Levi's 501 Jeans,Asia - Southeastern,2019,85.25
Adidas Ultraboost,Europe - Northern,2021,1006.56
Instant Pot Pro,Latin America - Northern,2020,71.3
LG OLED TV,Europe - Southern,2022,1380.07
Herman Miller Chair,Middle East - Gulf,2019,8621.08
GoPro Hero 11,Europe - Southern,2024,2324.83
GoPro Hero 11,North America - Central,2022,1309.19
Breville Coffee Maker,Latin America - Northern,2019,651.4
Microsoft Surface Pro,Europe - Southern,2024,7850.86
Pottery Barn Dining Table,Asia - Eastern,2020,2616.08
Vitamix Blender,Europe - Western,2021,2255.09
West Elm Sofa,Asia - Eastern,2023,9535.2
AirPods Pro,Asia - Southeastern,2023,1008.41
iPhone 14 Pro,Oceania - New Zealand,2019,3324.99
Instant Pot Pro,North America - East,2024,1025.92
Dyson V11 Vacuum,Middle East - Levant,2021,361.26
Apple Watch Series 8,North America - Central,2023,1997.19
Samsung QLED TV,Middle East - Gulf,2020,4509.39
Vitamix Blender,Europe - Eastern,2019,817.81
AirPods Pro,Africa - Southern,2022,477.6
Xbox Series X,Africa - Eastern,2021,524.32
Roomba i7+,Africa - Southern,2024,5245.77
Sony WH-1000XM5,Asia - Southeastern,2021,2915.91
Sony WH-1000XM5,North America - West,2019,399.39
Rolex Submariner,Latin America - Central,2020,16162.09
Pottery Barn Dining Table,Europe - Southern,2020,7302.04
Levi's 501 Jeans,Latin America - Northern,2022,207.46
iPhone 14 Pro,Latin America - Central,2020,2989.31
Nike Air Force 1,Oceania - Australia,2021,119.55
Dyson V11 Vacuum,Asia - Eastern,2019,1449.69
Adidas Ultraboost,Africa - Southern,2019,405.1
Canon EOS R6,Asia - Eastern,2022,23315.84
Nintendo Switch OLED,Middle East - Gulf,2021,344.99
Adidas Ultraboost,Asia - Southern,2019,534.05
Xbox Series X,Africa - Western,2022,1739.58
Instant Pot Pro,Africa - Western,2020,108.14
Ray-Ban Aviators,Africa - Southern,2024,727.39
Ray-Ban Aviators,Middle East - Levant,2019,209.19
Samsung Galaxy S23,Europe - Northern,2024,3753.27
Roomba i7+,Africa - Southern,2022,2676.38
Vitamix Blender,Africa - Eastern,2019,576.24
Dyson V11 Vacuum,Europe - Eastern,2021,2169.03
Google Pixel 7,Africa - Western,2019,1103.23
Samsung QLED TV,Latin America - Southern,2019,5245.0
LG OLED TV,North America - West,2020,5575.39
Tempur-Pedic Mattress,Middle East - Levant,2022,11869.65
Levi's 501 Jeans,Middle East - Levant,2021,79.6
Levi's 501 Jeans,Africa - Eastern,2019,117.74
Breville Coffee Maker,Latin America - Central,2022,1338.97
Pottery Barn Dining Table,Europe - Southern,2019,3637.69
iPad Pro,Middle East - Levant,2022,768.93
AirPods Pro,Asia - Southern,2024,969.21
Vitamix Blender,Africa - Western,2019,1569.51
AirPods Pro,Latin America - Central,2022,1509.03
Google Pixel 7,Africa - Western,2022,2427.74
Ninja Air Fryer,Middle East - Levant,2020,462.9
Breville Coffee Maker,Oceania - New Zealand,2024,326.37
Rolex Submariner,Africa - Western,2023,34725.71
Sony WH-1000XM5,Latin America - Southern,2022,1607.25
Nike Air Force 1,Middle East - Levant,2021,412.9
KitchenAid Mixer,Europe - Southern,2023,2711.76
Samsung QLED TV,Latin America - Southern,2020,838.48
Pottery Barn Dining Table,Asia - Southeastern,2019,1503.06
Pottery Barn Dining Table,Asia - Southeastern,2019,1503.06
iPad Pro,Latin America - Northern,2021,1575.1
IKEA Billy Bookcase,Europe - Northern,2019,399.44
Apple Watch Series 8,Europe - Southern,2023,1657.68
Roomba i7+,Middle East - Gulf,2023,6536.16
Herman Miller Chair,Asia - Southern,2019,3862.94
MacBook Air M2,Latin America - Northern,2020,2511.21
Apple Watch Series 8,Africa - Western,2022,366.45
Dell XPS 13,Asia - Eastern,2020,689.17
Roomba i7+,Latin America - Central,2020,1260.53
Nespresso Vertuo,Europe - Northern,2023,525.26
Pottery Barn Dining Table,North America - East,2020,10138.45
GoPro Hero 11,North America - Central,2023,491.21
Dyson V11 Vacuum,Middle East - Levant,2022,986.0
Ray-Ban Aviators,Middle East - Gulf,2019,403.47
Herman Miller Chair,Asia - Southeastern,2022,4911.8
Lululemon Align Leggings,Latin America - Central,2019,236.35
Levi's 501 Jeans,Africa - Western,2021,306.42
Canon EOS R6,Latin America - Southern,2020,10776.1
Canon EOS R6,Middle East - Gulf,2023,17899.52
Nike Air Force 1,Europe - Northern,2019,234.6
Nespresso Vertuo,North America - East,2021,1766.07
Breville Coffee Maker,North America - Central,2020,358.14
Breville Coffee Maker,Asia - Southeastern,2021,166.81
AirPods Pro,Latin America - Northern,2020,133.32
Nike Air Force 1,Europe - Eastern,2022,44.66
iPhone 14 Pro,North America - West,2022,1390.79
Roomba i7+,Middle East - Gulf,2024,5497.35
Levi's 501 Jeans,Asia - Southern,2019,178.19
Canon EOS R6,Middle East - Levant,2019,7347.45
Lululemon Align Leggings,Europe - Southern,2022,336.81
Roomba i7+,North America - West,2022,2799.5
KitchenAid Mixer,Oceania - Australia,2021,2523.41
Xbox Series X,Middle East - Levant,2023,3988.86
Nintendo Switch OLED,Oceania - New Zealand,2022,1385.48
Ninja Air Fryer,North America - West,2019,741.61
KitchenAid Mixer,Asia - Eastern,2022,515.31
Microsoft Surface Pro,Europe - Southern,2020,6700.88
iPad Pro,Europe - Southern,2020,788.07
Herman Miller Chair,Europe - Northern,2019,6051.63
IKEA Billy Bookcase,Africa - Eastern,2019,149.51
Samsung QLED TV,Africa - Western,2022,760.53
Microsoft Surface Pro,Latin America - Southern,2020,4853.72
Samsung Galaxy S23,Middle East - Gulf,2019,5141.72
AirPods Pro,Latin America - Northern,2020,133.32
KitchenAid Mixer,Latin America - Central,2021,1823.2
Lululemon Align Leggings,Africa - Eastern,2022,164.02
Sony WH-1000XM5,Europe - Northern,2022,2761.08
Samsung QLED TV,Europe - Western,2020,7634.0
Dell XPS 13,Latin America - Northern,2019,3676.63
Apple Watch Series 8,Latin America - Northern,2019,304.74
Apple Watch Series 8,Europe - Eastern,2022,271.9
Adidas Ultraboost,Asia - Southeastern,2019,690.35
Roomba i7+,Africa - Southern,2019,747.38
Tempur-Pedic Mattress,Middle East - Gulf,2020,7753.68
Lululemon Align Leggings,Latin America - Central,2020,33.69
Lululemon Align Leggings,Asia - Eastern,2019,141.41
Breville Coffee Maker,Asia - Southeastern,2021,166.81
Sony WH-1000XM5,North America - East,2019,3560.34
Lululemon Align Leggings,Asia - Southeastern,2019,219.08
Xbox Series X,Europe - Northern,2023,1333.48
LG OLED TV,North America - East,2022,14769.05
Ninja Air Fryer,Europe - Western,2020,229.27
Xbox Series X,Asia - Southern,2024,542.17
Tempur-Pedic Mattress,Oceania - Australia,2022,11280.83
Roomba i7+,Africa - Southern,2020,944.51
GoPro Hero 11,Latin America - Northern,2022,234.6
Roomba i7+,Asia - Eastern,2022,3898.36
Nespresso Vertuo,Europe - Western,2023,431.37
Adidas Ultraboost,Europe - Eastern,2019,825.12
iPad Pro,Africa - Southern,2019,2333.31
MacBook Air M2,Africa - Western,2024,4314.28
Rolex Submariner,Africa - Southern,2023,28915.85
West Elm Sofa,North America - Central,2021,7309.35
Roomba i7+,Latin America - Central,2024,1764.04
iPhone 14 Pro,Europe - Eastern,2022,7071.23
GoPro Hero 11,Europe - Southern,2023,2436.69
West Elm Sofa,Asia - Southern,2019,5391.45
PlayStation 5,Middle East - Gulf,2020,3064.61
Samsung Galaxy S23,Africa - Southern,2024,3729.0
Breville Coffee Maker,Middle East - Levant,2023,240.32
Adidas Ultraboost,Latin America - Northern,2021,89.37
Nike Air Force 1,Latin America - Northern,2023,261.94
iPad Pro,Latin America - Central,2019,3088.49
Sony WH-1000XM5,Europe - Southern,2020,1674.71
Adidas Ultraboost,Africa - Eastern,2021,184.17
Microsoft Surface Pro,Asia - Southeastern,2021,1355.16
Tempur-Pedic Mattress,Europe - Northern,2019,9518.82
Dyson V11 Vacuum,Europe - Western,2021,1885.77
Tempur-Pedic Mattress,North America - West,2023,21138.84
IKEA Billy Bookcase,Oceania - New Zealand,2020,557.02
KitchenAid Mixer,Europe - Eastern,2022,629.26
Dyson V11 Vacuum,Europe - Western,2020,934.4
PlayStation 5,Latin America - Central,2021,1965.39
Google Pixel 7,Latin America - Central,2019,1284.04
iPad Pro,Latin America - Central,2024,5322.61
Nespresso Vertuo,Europe - Eastern,2022,279.42
MacBook Air M2,North America - East,2021,12587.5
Adidas Ultraboost,Asia - Eastern,2020,631.54
GoPro Hero 11,Oceania - New Zealand,2023,507.0
GoPro Hero 11,Europe - Southern,2021,1011.77
Samsung QLED TV,Europe - Eastern,2023,9187.86
LG OLED TV,Asia - Southeastern,2022,9802.04
Nike Air Force 1,Europe - Eastern,2024,76.12
Adidas Ultraboost,North America - East,2021,309.92
iPad Pro,Africa - Western,2020,1763.75
Nike Air Force 1,North America - Central,2022,221.09
Pottery Barn Dining Table,North America - Central,2022,7410.61
Nintendo Switch OLED,Asia - Southeastern,2021,794.75
IKEA Billy Bookcase,Africa - Southern,2021,370.89
West Elm Sofa,Europe - Northern,2020,7382.56
Vitamix Blender,Europe - Southern,2020,297.49
Sony WH-1000XM5,Latin America - Southern,2022,1607.25
Breville Coffee Maker,Asia - Southern,2019,1098.68
West Elm Sofa,Latin America - Southern,2023,2407.19
Vitamix Blender,North America - East,2019,3031.64
Adidas Ultraboost,Europe - Northern,2019,184.86
Levi's 501 Jeans,Oceania - New Zealand,2023,62.62
Samsung Galaxy S23,Oceania - New Zealand,2023,2060.72
Apple Watch Series 8,Africa - Eastern,2023,1247.14
MacBook Air M2,Africa - Southern,2019,2178.04
Canon EOS R6,Latin America - Southern,2020,10776.1
Dyson V11 Vacuum,Africa - Eastern,2019,954.62
Rolex Submariner,Asia - Eastern,2024,29764.28
MacBook Air M2,Latin America - Central,2019,1994.37
IKEA Billy Bookcase,North America - Central,2019,324.79
IKEA Billy Bookcase,Europe - Western,2022,81.12
West Elm Sofa,North America - Central,2022,3486.33
Apple Watch Series 8,Europe - Northern,2020,1156.35
Nintendo Switch OLED,Latin America - Northern,2021,2143.25
Ray-Ban Aviators,North America - West,2020,646.6
Nike Air Force 1,Oceania - New Zealand,2022,149.05
Samsung Galaxy S23,Europe - Eastern,2024,3195.77
Ray-Ban Aviators,Asia - Southeastern,2024,908.51
Nike Air Force 1,Asia - Southern,2024,349.95
Ray-Ban Aviators,Asia - Eastern,2019,68.46
Ray-Ban Aviators,Asia - Southern,2024,622.37
Herman Miller Chair,Oceania - New Zealand,2020,6749.89
IKEA Billy Bookcase,Middle East - Levant,2021,348.64
Roomba i7+,Latin America - Southern,2021,3197.84
Samsung Galaxy S23,Europe - Eastern,2019,4244.8
Lululemon Align Leggings,Europe - Western,2021,87.25
Adidas Ultraboost,Middle East - Levant,2024,398.44
Tempur-Pedic Mattress,Latin America - Northern,2021,6113.22
Breville Coffee Maker,North America - Central,2024,1187.04
Vitamix Blender,North America - Central,2021,985.64
Nike Air Force 1,Asia - Southeastern,2023,420.84
LG OLED TV,Africa - Southern,2019,8440.43
Nike Air Force 1,Oceania - New Zealand,2019,410.5
IKEA Billy Bookcase,Asia - Southern,2019,168.57
Nintendo Switch OLED,Asia - Southeastern,2022,323.93
Dell XPS 13,Asia - Eastern,2022,4779.7
Levi's 501 Jeans,Africa - Western,2023,121.54
Breville Coffee Maker,North America - Central,2021,855.49
Ray-Ban Aviators,North America - West,2020,646.6
Pottery Barn Dining Table,Africa - Southern,2023,6608.52
Ray-Ban Aviators,Europe - Northern,2021,168.35
Roomba i7+,Africa - Western,2019,1001.21
Levi's 501 Jeans,Asia - Eastern,2020,50.48
IKEA Billy Bookcase,Latin America - Southern,2022,482.06
Ninja Air Fryer,Latin America - Central,2019,439.08
Canon EOS R6,Oceania - Australia,2021,3393.06
Sony WH-1000XM5,Europe - Western,2021,2263.31
Levi's 501 Jeans,Oceania - New Zealand,2023,62.62
KitchenAid Mixer,Africa - Southern,2021,1428.89
MacBook Air M2,North America - West,2022,10405.22
Lululemon Align Leggings,Europe - Southern,2023,279.18
Levi's 501 Jeans,Europe - Western,2020,216.46
Xbox Series X,Europe - Northern,2021,1484.95
Rolex Submariner,Asia - Southeastern,2024,39587.0
Nintendo Switch OLED,Oceania - New Zealand,2019,2457.02
West Elm Sofa,Africa - Western,2021,5031.84
Roomba i7+,North America - Central,2019,4167.55
PlayStation 5,Middle East - Levant,2024,2932.03
Microsoft Surface Pro,Latin America - Northern,2023,8772.94
Vitamix Blender,Middle East - Gulf,2019,331.06
Samsung QLED TV,Asia - Southern,2020,6938.88
Apple Watch Series 8,Oceania - Australia,2023,762.09
Pottery Barn Dining Table,North America - East,2022,6059.08
Dell XPS 13,North America - East,2024,2048.23
Nintendo Switch OLED,Oceania - Australia,2023,3072.51
GoPro Hero 11,Middle East - Gulf,2023,2375.24
Levi's 501 Jeans,Asia - Southern,2023,334.48
Vitamix Blender,Middle East - Levant,2022,2592.16
West Elm Sofa,Oceania - Australia,2021,7311.59
Dell XPS 13,Oceania - New Zealand,2022,10557.36
iPad Pro,Oceania - New Zealand,2022,2095.0
Vitamix Blender,Europe - Eastern,2019,817.81
Samsung Galaxy S23,Oceania - New Zealand,2022,8517.19
Samsung Galaxy S23,Africa - Southern,2021,3639.36
West Elm Sofa,Oceania - Australia,2023,1910.93
Xbox Series X,Latin America - Central,2023,487.21
Pottery Barn Dining Table,Europe - Southern,2023,5812.1
GoPro Hero 11,Middle East - Gulf,2021,2973.07
Rolex Submariner,Latin America - Southern,2020,18389.76
Nike Air Force 1,Africa - Southern,2023,59.01
Xbox Series X,Asia - Southeastern,2020,1607.04
Ray-Ban Aviators,Middle East - Levant,2019,209.19
Lululemon Align Leggings,Europe - Eastern,2021,351.51
Dell XPS 13,Europe - Eastern,2024,5149.78
LG OLED TV,North America - West,2020,5575.39
PlayStation 5,Asia - Southeastern,2019,1029.85
Lululemon Align Leggings,Latin America - Central,2020,33.69
Instant Pot Pro,Europe - Western,2022,164.29
Canon EOS R6,Oceania - New Zealand,2020,17177.65
Adidas Ultraboost,Africa - Western,2023,220.85
Vitamix Blender,Africa - Eastern,2022,1604.97
Instant Pot Pro,Europe - Northern,2020,850.64
Levi's 501 Jeans,Latin America - Central,2020,138.65
Nike Air Force 1,Latin America - Southern,2021,45.53
Google Pixel 7,Asia - Southeastern,2021,3578.59
Ninja Air Fryer,Middle East - Gulf,2023,1311.5
Ninja Air Fryer,Latin America - Northern,2022,136.99
Microsoft Surface Pro,Latin America - Southern,2021,7451.89
PlayStation 5,Asia - Southern,2019,662.06
Herman Miller Chair,Europe - Southern,2022,6216.58
Nike Air Force 1,Europe - Southern,2019,200.45
Dell XPS 13,Asia - Eastern,2020,689.17
Sony WH-1000XM5,Europe - Southern,2019,781.97
Pottery Barn Dining Table,Middle East - Levant,2023,7458.49
IKEA Billy Bookcase,Africa - Eastern,2023,348.14
Samsung Galaxy S23,Asia - Southern,2020,3841.95
Breville Coffee Maker,Asia - Southern,2019,1098.68
Pottery Barn Dining Table,Middle East - Levant,2024,6095.54
Ray-Ban Aviators,North America - West,2021,405.9
Breville Coffee Maker,Latin America - Southern,2023,509.6
Canon EOS R6,Africa - Eastern,2023,7391.02
iPad Pro,North America - East,2023,7849.2
Nintendo Switch OLED,Europe - Eastern,2024,955.45
Pottery Barn Dining Table,Middle East - Levant,2024,6095.54
iPad Pro,Europe - Southern,2021,1182.94
Nespresso Vertuo,Middle East - Gulf,2022,165.63
Lululemon Align Leggings,Middle East - Levant,2020,208.05
Herman Miller Chair,Middle East - Gulf,2020,7431.13
Roomba i7+,Middle East - Levant,2023,2605.68
Herman Miller Chair,Asia - Southeastern,2020,2870.58
LG OLED TV,Asia - Southern,2019,3808.12
Lululemon Align Leggings,Asia - Southern,2021,254.02
Instant Pot Pro,Africa - Western,2022,492.03
Google Pixel 7,Oceania - New Zealand,2021,1321.56
Adidas Ultraboost,Latin America - Central,2021,678.39
PlayStation 5,Latin America - Southern,2019,2110.19
Samsung Galaxy S23,Europe - Western,2020,5019.99
Levi's 501 Jeans,Middle East - Levant,2021,79.6
Ninja Air Fryer,Latin America - Southern,2019,148.45
AirPods Pro,North America - East,2024,1314.17
LG OLED TV,Middle East - Gulf,2020,10435.39
Vitamix Blender,Europe - Eastern,2020,1282.93
Nike Air Force 1,North America - Central,2021,192.64
Pottery Barn Dining Table,North America - West,2024,8718.08
GoPro Hero 11,Latin America - Northern,2023,1622.3
Breville Coffee Maker,Asia - Eastern,2024,347.55
Samsung QLED TV,Asia - Southeastern,2021,3208.86
Nike Air Force 1,Asia - Eastern,2020,167.07
Dyson V11 Vacuum,Africa - Eastern,2019,954.62
Samsung Galaxy S23,Latin America - Southern,2022,2557.99
Roomba i7+,Europe - Southern,2019,3471.45
Microsoft Surface Pro,Asia - Eastern,2024,4225.53
KitchenAid Mixer,Middle East - Gulf,2020,922.12
LG OLED TV,Latin America - Northern,2024,6970.43
Canon EOS R6,Oceania - New Zealand,2019,3971.22
Roomba i7+,Asia - Southern,2019,1856.69
Dyson V11 Vacuum,Asia - Southern,2023,1365.64
IKEA Billy Bookcase,Middle East - Gulf,2019,335.47
Google Pixel 7,Africa - Southern,2019,2894.57
LG OLED TV,Africa - Western,2021,777.86
GoPro Hero 11,Europe - Eastern,2020,1960.15
KitchenAid Mixer,Latin America - Southern,2022,1319.69
Google Pixel 7,Africa - Eastern,2022,1520.97
IKEA Billy Bookcase,Asia - Southern,2020,84.26
Samsung Galaxy S23,Europe - Southern,2022,2799.6
Vitamix Blender,North America - Central,2024,504.87
Rolex Submariner,Africa - Western,2024,11214.37
Dyson V11 Vacuum,Latin America - Northern,2021,1012.33
Nespresso Vertuo,North America - Central,2019,762.11
Adidas Ultraboost,Oceania - Australia,2019,194.1
Dell XPS 13,Europe - Southern,2024,4995.67
Nespresso Vertuo,Europe - Northern,2022,944.77
MacBook Air M2,Africa - Western,2022,3010.25
Vitamix Blender,North America - East,2020,909.66
Tempur-Pedic Mattress,Europe - Western,2021,14637.4
KitchenAid Mixer,North America - East,2020,2300.62
AirPods Pro,Europe - Northern,2024,2266.72
Vitamix Blender,Asia - Southeastern,2020,786.09
Herman Miller Chair,Middle East - Gulf,2020,7431.13
Lululemon Align Leggings,Oceania - New Zealand,2021,112.24
Tempur-Pedic Mattress,Africa - Southern,2022,2526.26
Canon EOS R6,Latin America - Central,2024,13282.82
Roomba i7+,Asia - Eastern,2023,1405.23
Levi's 501 Jeans,Oceania - New Zealand,2024,546.4
iPad Pro,North America - Central,2022,6398.2
Nike Air Force 1,North America - Central,2023,403.89
Instant Pot Pro,Latin America - Southern,2024,244.19
GoPro Hero 11,Africa - Southern,2021,498.52
Dyson V11 Vacuum,Europe - Northern,2020,1850.6
Nike Air Force 1,Middle East - Gulf,2022,258.1
Dyson V11 Vacuum,Europe - Western,2024,3414.7
IKEA Billy Bookcase,Oceania - New Zealand,2019,183.87
Microsoft Surface Pro,Africa - Southern,2023,3932.91
Nike Air Force 1,Europe - Western,2021,348.35
Instant Pot Pro,Latin America - Northern,2021,462.03
LG OLED TV,North America - East,2024,21246.02
Ninja Air Fryer,Africa - Southern,2023,439.24
Instant Pot Pro,Europe - Northern,2019,319.19
Canon EOS R6,North America - East,2023,31537.73
Roomba i7+,Europe - Northern,2021,3568.25
Herman Miller Chair,North America - West,2019,3686.38
Rolex Submariner,North America - West,2022,27772.11
Roomba i7+,Europe - Southern,2024,4379.11
Tempur-Pedic Mattress,Middle East - Levant,2022,11869.65
iPhone 14 Pro,Oceania - Australia,2024,8164.64
Pottery Barn Dining Table,Latin America - Southern,2024,3463.25
Xbox Series X,Oceania - Australia,2021,2198.06
Google Pixel 7,Latin America - Northern,2020,884.76
Roomba i7+,Asia - Southern,2024,1282.36
Sony WH-1000XM5,North America - Central,2020,720.01
Sony WH-1000XM5,Middle East - Gulf,2022,950.58
Microsoft Surface Pro,Africa - Southern,2021,5489.23
West Elm Sofa,Oceania - Australia,2020,11896.67
GoPro Hero 11,Asia - Southern,2019,2213.84
Herman Miller Chair,Latin America - Central,2019,1962.91
Levi's 501 Jeans,Latin America - Northern,2024,234.72
Microsoft Surface Pro,North America - West,2019,8533.71
Dyson V11 Vacuum,North America - East,2022,1536.96
Adidas Ultraboost,Europe - Western,2022,242.87
Adidas Ultraboost,Latin America - Southern,2020,387.76
Sony WH-1000XM5,Asia - Eastern,2020,2980.31
Pottery Barn Dining Table,Middle East - Levant,2024,6095.54
Dell XPS 13,Middle East - Levant,2022,5364.22
AirPods Pro,Latin America - Central,2022,1509.03
Dell XPS 13,Asia - Southeastern,2020,1964.95
KitchenAid Mixer,Asia - Southeastern,2020,1545.63
Google Pixel 7,Middle East - Levant,2021,2209.04
Microsoft Surface Pro,Oceania - New Zealand,2022,12821.78
Xbox Series X,Europe - Southern,2024,1153.46
Breville Coffee Maker,Europe - Eastern,2019,464.72
iPhone 14 Pro,Europe - Western,2020,5459.47
iPhone 14 Pro,Latin America - Northern,2022,7489.67
Samsung QLED TV,Africa - Eastern,2022,4812.2
Samsung QLED TV,Europe - Eastern,2020,3420.78
Nespresso Vertuo,Oceania - New Zealand,2022,713.67
Sony WH-1000XM5,North America - West,2023,2851.94
iPhone 14 Pro,North America - Central,2022,4288.23
MacBook Air M2,Latin America - Northern,2019,2744.22
Ray-Ban Aviators,Africa - Southern,2021,76.44
Instant Pot Pro,Asia - Southern,2019,561.77
Microsoft Surface Pro,Latin America - Central,2024,5914.33
Herman Miller Chair,Europe - Western,2019,4714.73
Tempur-Pedic Mattress,Europe - Eastern,2021,8530.58
Levi's 501 Jeans,Europe - Southern,2019,202.4
Pottery Barn Dining Table,Africa - Southern,2019,1319.12
Canon EOS R6,Africa - Eastern,2019,7480.7
Xbox Series X,Africa - Eastern,2021,524.32
Dyson V11 Vacuum,Europe - Southern,2023,571.35
Apple Watch Series 8,Latin America - Northern,2024,1403.36
Ninja Air Fryer,Middle East - Levant,2021,558.98
Samsung Galaxy S23,North America - West,2020,4807.77
Canon EOS R6,North America - West,2022,26688.83
iPhone 14 Pro,Oceania - New Zealand,2022,5169.21
Instant Pot Pro,Latin America - Northern,2022,82.16
Roomba i7+,Asia - Eastern,2021,2490.0
Sony WH-1000XM5,Oceania - New Zealand,2023,3691.35
AirPods Pro,North America - West,2024,1037.59
Breville Coffee Maker,Middle East - Levant,2020,950.26
Tempur-Pedic Mattress,Europe - Eastern,2023,13557.44
Vitamix Blender,Africa - Southern,2020,191.6
Rolex Submariner,Europe - Eastern,2020,18520.02
Adidas Ultraboost,Europe - Northern,2021,1006.56
Nespresso Vertuo,Asia - Eastern,2022,1069.43
AirPods Pro,Europe - Western,2021,532.09
Microsoft Surface Pro,Africa - Western,2022,763.46
Nespresso Vertuo,Oceania - Australia,2023,756.44
Samsung Galaxy S23,Latin America - Southern,2019,1004.62
West Elm Sofa,Europe - Western,2023,11263.42
West Elm Sofa,Asia - Southeastern,2019,3343.74
Apple Watch Series 8,North America - East,2021,508.07
IKEA Billy Bookcase,Europe - Eastern,2022,274.89
MacBook Air M2,Latin America - Southern,2022,3311.75
Canon EOS R6,Oceania - New Zealand,2020,17177.65
Nintendo Switch OLED,Africa - Eastern,2022,237.13
Dell XPS 13,Latin America - Southern,2020,1110.9
LG OLED TV,Europe - Northern,2024,7206.97
Roomba i7+,Asia - Southeastern,2021,1921.73
Sony WH-1000XM5,Asia - Southeastern,2022,565.18
KitchenAid Mixer,Latin America - Northern,2021,1045.49
Ninja Air Fryer,North America - Central,2023,1019.57
West Elm Sofa,North America - Central,2020,6170.78
Rolex Submariner,Asia - Southern,2023,43952.86
Roomba i7+,North America - Central,2020,569.65
IKEA Billy Bookcase,Middle East - Levant,2022,172.26
Vitamix Blender,Africa - Eastern,2020,1220.22
Pottery Barn Dining Table,Oceania - Australia,2024,10743.44
Apple Watch Series 8,Europe - Eastern,2021,1263.86
GoPro Hero 11,Africa - Western,2021,1935.89
PlayStation 5,Europe - Western,2024,2552.59
KitchenAid Mixer,Latin America - Southern,2023,2271.21
Tempur-Pedic Mattress,Asia - Southeastern,2020,4118.67
Roomba i7+,Africa - Eastern,2022,2518.01
Ray-Ban Aviators,Latin America - Central,2021,65.15
PlayStation 5,Latin America - Northern,2019,800.16
Samsung QLED TV,North America - East,2022,1792.74
Samsung QLED TV,Asia - Southern,2019,758.87
Herman Miller Chair,Asia - Southeastern,2023,2009.88
Dell XPS 13,Africa - Southern,2020,1337.83
Canon EOS R6,Europe - Southern,2022,16608.75
Levi's 501 Jeans,Asia - Eastern,2021,174.21
AirPods Pro,Latin America - Northern,2019,324.85
Nike Air Force 1,Latin America - Central,2023,141.56
iPad Pro,Asia - Eastern,2024,10663.44
AirPods Pro,North America - East,2023,659.92
Herman Miller Chair,Latin America - Northern,2021,2279.55
Lululemon Align Leggings,Oceania - Australia,2019,402.39
AirPods Pro,Africa - Western,2021,446.98
Adidas Ultraboost,Europe - Eastern,2020,310.55
Samsung QLED TV,Oceania - New Zealand,2020,7433.59
Canon EOS R6,Latin America - Northern,2019,9968.79
Dyson V11 Vacuum,Europe - Northern,2019,1682.06
Google Pixel 7,Africa - Eastern,2021,1472.31
GoPro Hero 11,Latin America - Central,2024,1127.75
iPad Pro,Oceania - New Zealand,2020,9073.6
Adidas Ultraboost,Asia - Southeastern,2019,690.35
AirPods Pro,Asia - Eastern,2020,246.4
Levi's 501 Jeans,Middle East - Gulf,2021,50.21
Dell XPS 13,Latin America - Northern,2023,3290.71
LG OLED TV,North America - Central,2019,7598.58
Xbox Series X,North America - Central,2023,3967.78
Dyson V11 Vacuum,Asia - Southern,2021,3270.76
Vitamix Blender,Africa - Western,2024,1423.57
Canon EOS R6,Latin America - Central,2021,11464.97
Adidas Ultraboost,Latin America - Southern,2021,373.34
Nike Air Force 1,Middle East - Levant,2023,557.39
Sony WH-1000XM5,Africa - Eastern,2020,1277.64
GoPro Hero 11,Europe - Northern,2020,1463.01
AirPods Pro,Africa - Eastern,2024,361.59
Pottery Barn Dining Table,Europe - Western,2021,7422.72
Breville Coffee Maker,Oceania - New Zealand,2022,1872.4
Samsung Galaxy S23,Middle East - Gulf,2021,6350.99
AirPods Pro,Africa - Southern,2024,555.72
Nintendo Switch OLED,North America - Central,2024,3938.14
Instant Pot Pro,Oceania - New Zealand,2022,621.99
Herman Miller Chair,Latin America - Northern,2023,4732.41
West Elm Sofa,Oceania - Australia,2019,7125.71
PlayStation 5,Oceania - Australia,2023,1430.6
Google Pixel 7,North America - West,2019,3576.65
iPad Pro,Asia - Southern,2020,2640.02
Roomba i7+,Europe - Eastern,2022,1138.04
Instant Pot Pro,Asia - Southern,2023,290.0
iPad Pro,Middle East - Gulf,2022,2947.02
Nike Air Force 1,North America - East,2020,66.45
Dyson V11 Vacuum,Africa - Eastern,2020,617.48
Microsoft Surface Pro,Europe - Western,2022,2775.87
Roomba i7+,Latin America - Central,2022,367.12
Xbox Series X,Europe - Eastern,2021,1279.59
Dell XPS 13,Middle East - Levant,2022,5364.22
Nike Air Force 1,North America - Central,2022,221.09
Vitamix Blender,Europe - Southern,2019,1691.84
IKEA Billy Bookcase,Europe - Western,2020,495.21
Xbox Series X,Asia - Southern,2023,3039.66
West Elm Sofa,Africa - Eastern,2020,5328.52
Samsung Galaxy S23,Oceania - New Zealand,2019,1749.12
Google Pixel 7,Europe - Western,2020,2442.76
Vitamix Blender,Europe - Western,2020,2973.8
Levi's 501 Jeans,Middle East - Gulf,2024,324.24
KitchenAid Mixer,Latin America - Central,2019,349.91
Sony WH-1000XM5,Asia - Southern,2020,1552.16
Samsung Galaxy S23,Europe - Western,2023,3806.64
Ninja Air Fryer,Europe - Eastern,2024,153.17
Dyson V11 Vacuum,Africa - Eastern,2019,954.62
AirPods Pro,North America - Central,2021,1802.56
Rolex Submariner,North America - Central,2020,32141.07
Apple Watch Series 8,Africa - Eastern,2024,903.03
Nike Air Force 1,Oceania - New Zealand,2020,284.99
iPhone 14 Pro,Europe - Southern,2020,1941.92
Tempur-Pedic Mattress,Asia - Southeastern,2023,3889.12
Nike Air Force 1,Oceania - New Zealand,2021,136.83
Rolex Submariner,Latin America - Northern,2024,16332.66
Samsung Galaxy S23,Asia - Southern,2020,3841.95
Samsung QLED TV,Asia - Southeastern,2019,7851.34
Adidas Ultraboost,Middle East - Levant,2019,79.5
Pottery Barn Dining Table,Africa - Southern,2021,3602.5
Ninja Air Fryer,Asia - Southeastern,2024,861.63
KitchenAid Mixer,Europe - Southern,2024,2117.65
Ray-Ban Aviators,Middle East - Gulf,2020,673.88
Nike Air Force 1,North America - Central,2021,192.64
Levi's 501 Jeans,North America - East,2024,545.36
Ray-Ban Aviators,Europe - Northern,2022,900.14
Canon EOS R6,Oceania - Australia,2019,9533.68
Dell XPS 13,Middle East - Levant,2019,5710.14
Pottery Barn Dining Table,Africa - Western,2024,3086.83
iPad Pro,Asia - Eastern,2024,10663.44
West Elm Sofa,Africa - Eastern,2021,4764.0
Instant Pot Pro,North America - Central,2019,788.95
Adidas Ultraboost,North America - Central,2022,504.76
Adidas Ultraboost,Asia - Southern,2022,745.34
Xbox Series X,Africa - Western,2019,470.29
Samsung Galaxy S23,Latin America - Southern,2021,2073.72
Nespresso Vertuo,Africa - Eastern,2020,152.4
Roomba i7+,Middle East - Levant,2022,3977.68
Google Pixel 7,Europe - Northern,2021,1272.4
Google Pixel 7,Europe - Southern,2019,1001.25
Nintendo Switch OLED,Europe - Northern,2020,515.75
Roomba i7+,Africa - Southern,2023,3734.25
Microsoft Surface Pro,Europe - Southern,2024,7850.86
Dyson V11 Vacuum,Middle East - Gulf,2024,713.34
iPad Pro,North America - West,2024,13939.4
Instant Pot Pro,Middle East - Gulf,2020,861.25
West Elm Sofa,Africa - Western,2019,6732.96
Rolex Submariner,Latin America - Central,2020,16162.09
MacBook Air M2,North America - East,2021,12587.5
Lululemon Align Leggings,Latin America - Northern,2022,93.52
LG OLED TV,Oceania - Australia,2020,3504.26
KitchenAid Mixer,Europe - Eastern,2019,398.0
KitchenAid Mixer,Oceania - New Zealand,2023,3899.51
Dyson V11 Vacuum,Latin America - Northern,2021,1012.33
PlayStation 5,Africa - Southern,2020,542.49
Microsoft Surface Pro,North America - East,2019,7891.31
Nike Air Force 1,Asia - Southern,2023,293.67
Microsoft Surface Pro,Asia - Southeastern,2020,5637.43
Rolex Submariner,Oceania - New Zealand,2021,4929.81
Samsung QLED TV,Asia - Southeastern,2023,3420.77
MacBook Air M2,Latin America - Central,2020,4559.71
Samsung QLED TV,Asia - Southern,2023,1493.75
Roomba i7+,Europe - Western,2020,3990.93
Dyson V11 Vacuum,North America - Central,2019,2721.45
Tempur-Pedic Mattress,Africa - Southern,2022,2526.26
iPhone 14 Pro,Africa - Western,2023,3744.53
Apple Watch Series 8,Middle East - Gulf,2023,1593.81
Samsung Galaxy S23,Oceania - Australia,2023,2388.0
Xbox Series X,Europe - Eastern,2022,3436.13
Adidas Ultraboost,Middle East - Levant,2023,286.67
Breville Coffee Maker,Asia - Southeastern,2021,166.81
Xbox Series X,Europe - Northern,2020,3121.5
GoPro Hero 11,Oceania - New Zealand,2021,1864.0
Nintendo Switch OLED,Latin America - Northern,2021,2143.25
AirPods Pro,North America - West,2023,712.2
Herman Miller Chair,Europe - Eastern,2024,3155.16
LG OLED TV,Europe - Southern,2021,1782.96
IKEA Billy Bookcase,Africa - Southern,2022,100.96
iPhone 14 Pro,North America - East,2021,5214.72
Microsoft Surface Pro,North America - East,2024,2297.5
PlayStation 5,Oceania - Australia,2019,3820.74
Ninja Air Fryer,Middle East - Gulf,2019,231.55
IKEA Billy Bookcase,Latin America - Central,2020,117.45
KitchenAid Mixer,Latin America - Southern,2019,730.29
Ray-Ban Aviators,Oceania - Australia,2019,273.24
Breville Coffee Maker,Africa - Eastern,2021,565.99
IKEA Billy Bookcase,North America - East,2021,594.39
Dyson V11 Vacuum,Europe - Northern,2024,2826.88
Google Pixel 7,Oceania - Australia,2021,593.79
IKEA Billy Bookcase,Europe - Eastern,2024,366.71
Vitamix Blender,Africa - Southern,2019,609.43
Sony WH-1000XM5,Middle East - Levant,2023,357.96
Lululemon Align Leggings,Middle East - Levant,2023,181.96
Lululemon Align Leggings,Asia - Southeastern,2020,99.41
Dell XPS 13,Middle East - Gulf,2023,7176.55
Samsung QLED TV,Europe - Eastern,2023,9187.86
Ninja Air Fryer,Europe - Western,2023,1253.41
Xbox Series X,Latin America - Northern,2023,1359.76
Pottery Barn Dining Table,Asia - Southeastern,2022,851.91
Levi's 501 Jeans,Europe - Western,2024,522.01
Nespresso Vertuo,Asia - Southern,2021,329.86
Roomba i7+,Asia - Southern,2019,1856.69
West Elm Sofa,North America - East,2019,1437.06
iPad Pro,Europe - Eastern,2024,6061.23
Rolex Submariner,Europe - Southern,2022,5242.1
GoPro Hero 11,Africa - Southern,2020,512.8
Tempur-Pedic Mattress,Middle East - Levant,2019,910.49
MacBook Air M2,Latin America - Southern,2021,806.78
Breville Coffee Maker,Latin America - Central,2019,903.09
Rolex Submariner,Latin America - Northern,2019,21100.11
Pottery Barn Dining Table,Middle East - Levant,2023,7458.49
Lululemon Align Leggings,Middle East - Gulf,2020,45.87
GoPro Hero 11,Oceania - New Zealand,2024,4871.5
Sony WH-1000XM5,Asia - Eastern,2024,4063.73
Levi's 501 Jeans,North America - West,2019,297.77
LG OLED TV,Middle East - Levant,2021,5945.65
Microsoft Surface Pro,Africa - Southern,2020,7841.88
iPhone 14 Pro,Africa - Western,2022,2059.91
Pottery Barn Dining Table,Oceania - New Zealand,2019,4218.29
Vitamix Blender,Asia - Southern,2021,272.01
Levi's 501 Jeans,Europe - Northern,2020,468.56
MacBook Air M2,North America - East,2021,12587.5
Breville Coffee Maker,North America - East,2021,763.49
Xbox Series X,Asia - Southeastern,2022,4479.73
Microsoft Surface Pro,Europe - Western,2022,2775.87
Tempur-Pedic Mattress,Oceania - Australia,2020,10454.55
Apple Watch Series 8,Africa - Southern,2020,1153.12
Lululemon Align Leggings,Latin America - Southern,2021,218.48
Dyson V11 Vacuum,Asia - Eastern,2023,4190.42
Breville Coffee Maker,Europe - Northern,2023,1810.76
Dyson V11 Vacuum,Europe - Southern,2020,858.2
Lululemon Align Leggings,Europe - Eastern,2022,229.2
Microsoft Surface Pro,Middle East - Levant,2023,3364.49
Sony WH-1000XM5,Asia - Eastern,2023,1220.78
IKEA Billy Bookcase,Asia - Southern,2022,66.74
Google Pixel 7,Europe - Western,2022,2950.09
Levi's 501 Jeans,North America - West,2024,646.21
GoPro Hero 11,Asia - Southeastern,2023,1310.41
KitchenAid Mixer,Latin America - Southern,2019,730.29
PlayStation 5,Europe - Western,2020,2589.63
MacBook Air M2,Africa - Eastern,2023,1757.73
Pottery Barn Dining Table,Middle East - Levant,2021,993.29
Levi's 501 Jeans,Asia - Eastern,2021,174.21
Tempur-Pedic Mattress,Oceania - Australia,2023,11106.65
Vitamix Blender,Asia - Southeastern,2020,786.09
Canon EOS R6,Middle East - Levant,2023,9191.58
Roomba i7+,Latin America - Central,2023,2613.82
West Elm Sofa,Europe - Western,2024,6653.45
Instant Pot Pro,North America - West,2024,329.91
Nespresso Vertuo,Oceania - Australia,2021,1422.4
Ray-Ban Aviators,Africa - Eastern,2022,101.83
Adidas Ultraboost,Europe - Northern,2022,486.7
Adidas Ultraboost,Oceania - Australia,2020,195.67
Dyson V11 Vacuum,Europe - Northern,2024,2826.88
Adidas Ultraboost,Oceania - Australia,2023,903.63
Sony WH-1000XM5,Latin America - Southern,2020,293.01
Canon EOS R6,Africa - Southern,2021,9706.88
Breville Coffee Maker,Europe - Southern,2021,710.32
IKEA Billy Bookcase,Latin America - Southern,2021,309.31
KitchenAid Mixer,Africa - Western,2020,361.82
West Elm Sofa,North America - West,2023,10948.66
Samsung QLED TV,North America - West,2023,11172.24
West Elm Sofa,North America - East,2019,1437.06
Rolex Submariner,Africa - Western,2024,11214.37
Pottery Barn Dining Table,Africa - Eastern,2023,4986.28
Nike Air Force 1,Middle East - Levant,2021,412.9
Nike Air Force 1,Asia - Southeastern,2023,420.84
West Elm Sofa,Asia - Southeastern,2019,3343.74
Levi's 501 Jeans,Asia - Southern,2023,334.48
Microsoft Surface Pro,Middle East - Levant,2022,955.41
KitchenAid Mixer,Europe - Western,2024,3118.65
Nespresso Vertuo,North America - Central,2021,305.58
Vitamix Blender,North America - West,2024,796.22
Levi's 501 Jeans,Europe - Northern,2024,149.94
Xbox Series X,Oceania - Australia,2019,1797.25
Dyson V11 Vacuum,Europe - Southern,2019,1661.93
GoPro Hero 11,Asia - Southeastern,2020,299.13
Dyson V11 Vacuum,Latin America - Northern,2022,1157.89
Herman Miller Chair,Africa - Eastern,2023,1816.31
MacBook Air M2,Africa - Southern,2022,5518.32
Herman Miller Chair,Africa - Eastern,2024,1828.96
Pottery Barn Dining Table,Europe - Northern,2024,6464.77
Ray-Ban Aviators,Latin America - Southern,2022,578.15
MacBook Air M2,Africa - Southern,2021,5735.2
Xbox Series X,North America - East,2019,3096.56
Microsoft Surface Pro,Africa - Southern,2023,3932.91
Nintendo Switch OLED,Asia - Southeastern,2024,2650.62
IKEA Billy Bookcase,Europe - Southern,2021,253.67
Ray-Ban Aviators,Oceania - Australia,2019,273.24
Nintendo Switch OLED,Europe - Southern,2022,2525.58
Lululemon Align Leggings,Middle East - Gulf,2019,177.73
Herman Miller Chair,Europe - Eastern,2020,4379.82
LG OLED TV,Oceania - New Zealand,2019,8853.92
Lululemon Align Leggings,Middle East - Gulf,2019,177.73
Dyson V11 Vacuum,Europe - Eastern,2019,361.54
Levi's 501 Jeans,Europe - Western,2019,98.0
KitchenAid Mixer,Africa - Western,2023,949.92
Ray-Ban Aviators,Europe - Northern,2021,168.35
iPad Pro,Latin America - Southern,2019,3176.42
Rolex Submariner,Oceania - New Zealand,2020,17420.02
Herman Miller Chair,North America - Central,2019,2893.04
Xbox Series X,Africa - Southern,2024,3252.92
PlayStation 5,Africa - Eastern,2022,797.02
Pottery Barn Dining Table,Europe - Western,2024,5688.34
LG OLED TV,Asia - Eastern,2022,1643.65
Instant Pot Pro,Asia - Eastern,2020,73.79
AirPods Pro,Europe - Western,2022,2677.65
Canon EOS R6,Europe - Western,2022,27009.99
Tempur-Pedic Mattress,Asia - Southern,2023,10702.94
Lululemon Align Leggings,Asia - Southeastern,2023,173.47
Roomba i7+,Latin America - Central,2020,1260.53
Dyson V11 Vacuum,North America - West,2020,3624.68
West Elm Sofa,Latin America - Northern,2023,8638.86
Breville Coffee Maker,Africa - Southern,2019,1028.34
LG OLED TV,Europe - Western,2019,2744.95
Ninja Air Fryer,Africa - Southern,2023,439.24
iPad Pro,Latin America - Central,2021,1279.59
Google Pixel 7,Oceania - Australia,2020,3585.94
Dell XPS 13,Asia - Southern,2022,4479.1
Lululemon Align Leggings,Europe - Southern,2019,276.63
Lululemon Align Leggings,Asia - Southern,2019,37.07
IKEA Billy Bookcase,North America - East,2023,508.51
Nike Air Force 1,Europe - Western,2021,348.35
Google Pixel 7,Latin America - Central,2021,636.58
Levi's 501 Jeans,Latin America - Northern,2024,234.72
Breville Coffee Maker,Asia - Southern,2022,494.57
Nike Air Force 1,North America - Central,2024,575.9
Breville Coffee Maker,North America - East,2024,1740.53
West Elm Sofa,Africa - Western,2019,6732.96
Nintendo Switch OLED,Oceania - Australia,2019,1644.71
LG OLED TV,Europe - Western,2020,4742.67
Instant Pot Pro,Africa - Eastern,2024,481.59
Apple Watch Series 8,North America - Central,2019,881.39
Samsung QLED TV,Asia - Southern,2019,758.87
Nintendo Switch OLED,Middle East - Gulf,2023,2979.71
LG OLED TV,Latin America - Northern,2021,5690.13
iPad Pro,North America - West,2023,10391.2
LG OLED TV,North America - West,2019,3944.99
Nike Air Force 1,Oceania - New Zealand,2020,284.99
MacBook Air M2,Europe - Northern,2020,4233.84
Nintendo Switch OLED,North America - Central,2021,1490.22
Canon EOS R6,Oceania - New Zealand,2020,17177.65
West Elm Sofa,Latin America - Southern,2019,714.17
Roomba i7+,Latin America - Northern,2020,1419.28
LG OLED TV,Europe - Southern,2024,1987.35
Instant Pot Pro,Europe - Western,2023,841.94
Levi's 501 Jeans,Asia - Eastern,2021,174.21
Rolex Submariner,Middle East - Levant,2021,23683.31
GoPro Hero 11,Asia - Southeastern,2020,299.13
Herman Miller Chair,Oceania - Australia,2021,9063.31
Apple Watch Series 8,Middle East - Levant,2022,484.89
MacBook Air M2,North America - West,2024,4585.48
Instant Pot Pro,Asia - Southern,2020,198.48
Instant Pot Pro,Europe - Southern,2020,202.67
PlayStation 5,Europe - Northern,2024,613.03
KitchenAid Mixer,Asia - Southern,2020,1354.84
Apple Watch Series 8,Asia - Southern,2019,775.86
IKEA Billy Bookcase,Europe - Southern,2021,253.67
Ray-Ban Aviators,Europe - Southern,2024,766.3
Lululemon Align Leggings,Europe - Southern,2023,279.18
IKEA Billy Bookcase,Oceania - New Zealand,2024,69.98
Rolex Submariner,Europe - Southern,2022,5242.1
Apple Watch Series 8,North America - Central,2022,2262.69
Nintendo Switch OLED,Oceania - New Zealand,2022,1385.48
MacBook Air M2,Asia - Southeastern,2023,10012.39
GoPro Hero 11,Latin America - Southern,2019,1007.22
Samsung Galaxy S23,Latin America - Southern,2021,2073.72
AirPods Pro,Europe - Western,2024,1719.37
LG OLED TV,Africa - Eastern,2019,2669.18
Tempur-Pedic Mattress,Europe - Eastern,2019,10675.1
Ninja Air Fryer,Africa - Eastern,2022,241.12
Nike Air Force 1,North America - West,2021,295.75
Herman Miller Chair,Africa - Eastern,2023,1816.31
Microsoft Surface Pro,Latin America - Northern,2019,1342.56
Breville Coffee Maker,Oceania - New Zealand,2024,326.37
Sony WH-1000XM5,Africa - Western,2020,1665.13
iPhone 14 Pro,Europe - Western,2024,9070.75
Samsung QLED TV,North America - Central,2022,1190.51
Xbox Series X,Asia - Southeastern,2019,3569.34
Breville Coffee Maker,Africa - Western,2024,1521.34
Nespresso Vertuo,Asia - Southeastern,2019,803.84
Samsung Galaxy S23,Middle East - Gulf,2020,3917.57
Sony WH-1000XM5,North America - West,2024,1401.13
Ray-Ban Aviators,Africa - Western,2024,358.27
AirPods Pro,Europe - Northern,2022,1887.48
Nintendo Switch OLED,Africa - Southern,2024,336.93
KitchenAid Mixer,Latin America - Southern,2021,1063.98
Nike Air Force 1,North America - West,2021,295.75
Google Pixel 7,Middle East - Levant,2019,3166.39
Google Pixel 7,Latin America - Northern,2019,606.66
Herman Miller Chair,North America - West,2024,14770.55
Dyson V11 Vacuum,Europe - Eastern,2021,2169.03
IKEA Billy Bookcase,Latin America - Southern,2022,482.06
LG OLED TV,Africa - Southern,2023,9670.18
Samsung Galaxy S23,Oceania - Australia,2020,5331.59
Samsung Galaxy S23,Middle East - Levant,2022,759.43
AirPods Pro,Africa - Western,2019,236.02
Rolex Submariner,Oceania - New Zealand,2022,6856.07
Pottery Barn Dining Table,Europe - Northern,2019,3731.72
Levi's 501 Jeans,Oceania - Australia,2019,268.12
Tempur-Pedic Mattress,Asia - Eastern,2020,5978.04
AirPods Pro,Latin America - Northern,2019,324.85
iPhone 14 Pro,Europe - Western,2023,10207.16
Nespresso Vertuo,Europe - Eastern,2020,384.26
Pottery Barn Dining Table,Africa - Western,2019,4057.05
Instant Pot Pro,Europe - Western,2020,449.58
Sony WH-1000XM5,Asia - Eastern,2021,1863.36
MacBook Air M2,Middle East - Levant,2024,1058.97
Microsoft Surface Pro,Latin America - Southern,2023,4232.57
Rolex Submariner,North America - West,2021,52749.88
Ray-Ban Aviators,Oceania - Australia,2019,273.24
PlayStation 5,Africa - Southern,2022,3007.84
Apple Watch Series 8,Asia - Southern,2021,420.38
Breville Coffee Maker,Africa - Western,2024,1521.34
IKEA Billy Bookcase,Oceania - Australia,2021,426.93
Nike Air Force 1,Europe - Eastern,2019,227.56
Adidas Ultraboost,Asia - Southeastern,2020,86.01
Pottery Barn Dining Table,Asia - Southern,2023,7174.93
Pottery Barn Dining Table,Asia - Eastern,2020,2616.08
Canon EOS R6,Africa - Southern,2019,11017.78
KitchenAid Mixer,Europe - Western,2021,2547.17
Lululemon Align Leggings,Africa - Eastern,2020,158.63
Pottery Barn Dining Table,Europe - Eastern,2023,2221.18
Xbox Series X,Middle East - Gulf,2020,1018.5
Tempur-Pedic Mattress,North America - Central,2023,1939.18
Breville Coffee Maker,Middle East - Levant,2019,477.82
Rolex Submariner,Europe - Eastern,2024,39884.08
Ray-Ban Aviators,Europe - Southern,2019,484.6
MacBook Air M2,Middle East - Levant,2021,5336.6
Tempur-Pedic Mattress,Latin America - Northern,2023,1350.09
MacBook Air M2,Asia - Southeastern,2020,5951.58
LG OLED TV,North America - West,2022,3836.35
Breville Coffee Maker,Africa - Western,2022,151.25
KitchenAid Mixer,Oceania - New Zealand,2023,3899.51
LG OLED TV,Middle East - Gulf,2024,14000.6
KitchenAid Mixer,North America - Central,2020,2053.69
Xbox Series X,Europe - Northern,2019,3543.81
Herman Miller Chair,Oceania - New Zealand,2021,993.91
Samsung Galaxy S23,North America - West,2023,6569.48
Breville Coffee Maker,Europe - Eastern,2023,1587.25
Rolex Submariner,North America - Central,2019,30083.95
Canon EOS R6,Oceania - New Zealand,2022,26698.6
Rolex Submariner,Africa - Southern,2021,8862.34
Apple Watch Series 8,Latin America - Southern,2024,2131.23
MacBook Air M2,Africa - Southern,2024,3023.22
Adidas Ultraboost,Latin America - Southern,2021,373.34
Instant Pot Pro,Oceania - New Zealand,2024,609.41
Adidas Ultraboost,Europe - Western,2023,178.5
iPad Pro,Asia - Southern,2019,3523.66
Rolex Submariner,Africa - Western,2021,21069.66
AirPods Pro,Europe - Southern,2023,485.94
Adidas Ultraboost,Latin America - Northern,2021,89.37
Dell XPS 13,Africa - Southern,2022,6933.14
Samsung QLED TV,Middle East - Levant,2024,8125.17
MacBook Air M2,Europe - Southern,2022,4566.93
iPhone 14 Pro,Asia - Southeastern,2023,4726.78
West Elm Sofa,Africa - Western,2019,6732.96
GoPro Hero 11,Asia - Southeastern,2020,299.13
IKEA Billy Bookcase,Europe - Southern,2021,253.67
Pottery Barn Dining Table,Middle East - Levant,2019,3403.06
Samsung Galaxy S23,Asia - Eastern,2022,4708.1
Herman Miller Chair,Oceania - Australia,2021,9063.31
Canon EOS R6,Middle East - Gulf,2023,17899.52
AirPods Pro,Europe - Western,2020,2154.66
MacBook Air M2,Asia - Eastern,2019,6591.67
Dell XPS 13,Latin America - Southern,2022,4908.53
Rolex Submariner,Europe - Northern,2019,24321.98
Nespresso Vertuo,Europe - Western,2021,589.04
Pottery Barn Dining Table,Africa - Eastern,2019,3533.25
Rolex Submariner,Africa - Eastern,2022,11329.34
MacBook Air M2,Latin America - Northern,2019,2744.22
Canon EOS R6,Europe - Northern,2024,26065.03
MacBook Air M2,Latin America - Southern,2024,9175.14
KitchenAid Mixer,Europe - Western,2019,1291.33
Dell XPS 13,Europe - Eastern,2022,7228.92
Lululemon Align Leggings,Asia - Southeastern,2022,240.15
Nespresso Vertuo,Africa - Western,2021,547.58
Lululemon Align Leggings,Asia - Southern,2019,37.07
Roomba i7+,Europe - Northern,2021,3568.25
Apple Watch Series 8,Europe - Northern,2020,1156.35
Nintendo Switch OLED,Asia - Southeastern,2020,837.58
Breville Coffee Maker,Europe - Northern,2021,429.07
Google Pixel 7,Africa - Eastern,2019,1776.26
Adidas Ultraboost,Latin America - Central,2020,252.06
Dyson V11 Vacuum,Asia - Southern,2021,3270.76
West Elm Sofa,Africa - Eastern,2023,6996.57
MacBook Air M2,Latin America - Central,2023,6489.21
Breville Coffee Maker,Oceania - Australia,2024,3222.07
Breville Coffee Maker,Europe - Eastern,2024,2364.31
Google Pixel 7,Asia - Southeastern,2023,548.69
Nintendo Switch OLED,Asia - Eastern,2021,2304.42
Adidas Ultraboost,North America - Central,2024,709.78
MacBook Air M2,Africa - Eastern,2023,1757.73
Dyson V11 Vacuum,Middle East - Levant,2019,1553.92
Lululemon Align Leggings,Africa - Western,2020,34.31
Canon EOS R6,North America - East,2023,31537.73
Adidas Ultraboost,North America - East,2020,425.74
Pottery Barn Dining Table,North America - Central,2022,7410.61
Ray-Ban Aviators,Asia - Southeastern,2023,77.89
PlayStation 5,Asia - Southeastern,2020,2011.68
LG OLED TV,Asia - Eastern,2020,6358.16
Nespresso Vertuo,Middle East - Gulf,2021,387.14
IKEA Billy Bookcase,Latin America - Northern,2021,151.46
Nintendo Switch OLED,Middle East - Gulf,2019,1931.75
Roomba i7+,Latin America - Central,2020,1260.53
Nike Air Force 1,Latin America - Central,2023,141.56
Ray-Ban Aviators,Middle East - Gulf,2024,780.61
Lululemon Align Leggings,Africa - Eastern,2020,158.63
Adidas Ultraboost,Europe - Western,2024,1089.05
Samsung Galaxy S23,Asia - Southern,2023,5504.05
Breville Coffee Maker,Latin America - Central,2020,330.21
Samsung QLED TV,Asia - Southeastern,2022,1289.5
Herman Miller Chair,Middle East - Gulf,2022,2132.37
Sony WH-1000XM5,North America - East,2024,5048.84
Sony WH-1000XM5,Africa - Eastern,2024,997.97
Canon EOS R6,Oceania - New Zealand,2020,17177.65
Nintendo Switch OLED,Asia - Southeastern,2023,2045.31
Microsoft Surface Pro,Africa - Eastern,2024,6157.19
Sony WH-1000XM5,North America - Central,2021,952.79
Adidas Ultraboost,Europe - Eastern,2020,310.55
LG OLED TV,Middle East - Levant,2019,1185.23
Microsoft Surface Pro,Europe - Northern,2021,6691.1
iPad Pro,Africa - Eastern,2021,5162.34
West Elm Sofa,Latin America - Central,2024,5322.59
iPhone 14 Pro,Europe - Northern,2024,1324.82
iPhone 14 Pro,Europe - Southern,2019,6549.12
Adidas Ultraboost,Latin America - Southern,2023,638.43
Herman Miller Chair,Latin America - Northern,2021,2279.55
Xbox Series X,Latin America - Southern,2024,3262.94
Sony WH-1000XM5,Africa - Eastern,2023,1089.62
Xbox Series X,Asia - Southern,2019,1974.75
Ninja Air Fryer,Africa - Southern,2024,821.46
Tempur-Pedic Mattress,Asia - Southeastern,2022,10178.54
West Elm Sofa,North America - East,2024,19730.06
Breville Coffee Maker,Europe - Western,2019,492.63
Xbox Series X,Oceania - New Zealand,2024,2637.44
LG OLED TV,Asia - Eastern,2019,7487.76
Ninja Air Fryer,Europe - Eastern,2024,153.17
Herman Miller Chair,Latin America - Northern,2020,5359.63
Sony WH-1000XM5,Europe - Northern,2019,1303.95
Levi's 501 Jeans,Europe - Northern,2019,360.81
Ray-Ban Aviators,North America - East,2023,1072.08
Pottery Barn Dining Table,Africa - Southern,2021,3602.5
Sony WH-1000XM5,Latin America - Central,2020,1007.06
Lululemon Align Leggings,Europe - Southern,2019,276.63
GoPro Hero 11,Europe - Northern,2022,891.13
Nike Air Force 1,North America - Central,2019,412.88
AirPods Pro,North America - East,2021,1434.73
Rolex Submariner,Latin America - Central,2020,16162.09
Samsung QLED TV,Asia - Southeastern,2023,3420.77
Adidas Ultraboost,North America - East,2023,934.2
Dyson V11 Vacuum,Oceania - Australia,2024,3296.75
IKEA Billy Bookcase,Europe - Southern,2021,253.67
AirPods Pro,Oceania - New Zealand,2021,2024.48
IKEA Billy Bookcase,Asia - Eastern,2021,173.66
KitchenAid Mixer,Asia - Southern,2023,565.01
Lululemon Align Leggings,Europe - Western,2019,492.67
PlayStation 5,Latin America - Southern,2024,1789.87
MacBook Air M2,Africa - Eastern,2019,3701.25
Apple Watch Series 8,Africa - Southern,2019,661.71
LG OLED TV,Latin America - Southern,2020,5873.25
Instant Pot Pro,Africa - Southern,2022,67.47
GoPro Hero 11,Europe - Eastern,2020,1960.15
Xbox Series X,North America - East,2021,2800.4
Google Pixel 7,Europe - Northern,2021,1272.4
West Elm Sofa,Europe - Northern,2023,7595.93
LG OLED TV,Europe - Western,2023,5879.85
IKEA Billy Bookcase,Oceania - Australia,2019,566.3
MacBook Air M2,Europe - Western,2021,6188.78
Roomba i7+,North America - East,2024,3454.51
Xbox Series X,Europe - Western,2022,3928.47
IKEA Billy Bookcase,Latin America - Southern,2021,309.31
Sony WH-1000XM5,Asia - Southeastern,2019,1060.93
Dyson V11 Vacuum,Asia - Southeastern,2022,1945.88
Xbox Series X,Africa - Western,2020,1480.31
Dyson V11 Vacuum,Europe - Southern,2020,858.2
Levi's 501 Jeans,Europe - Eastern,2024,241.45
Ray-Ban Aviators,Africa - Eastern,2024,279.42
Sony WH-1000XM5,North America - West,2021,1727.35
Vitamix Blender,North America - West,2021,3645.58
Herman Miller Chair,Europe - Western,2019,4714.73
Xbox Series X,Latin America - Northern,2020,569.41
iPad Pro,North America - East,2019,2068.52
Nintendo Switch OLED,Oceania - Australia,2020,892.56
Microsoft Surface Pro,Latin America - Northern,2024,5214.36
Herman Miller Chair,Latin America - Southern,2022,2875.21
Nintendo Switch OLED,Latin America - Southern,2024,2083.81
Samsung QLED TV,Africa - Western,2021,1733.5
Roomba i7+,Asia - Southern,2022,2400.5
Instant Pot Pro,Middle East - Levant,2020,329.16
Roomba i7+,Asia - Eastern,2019,577.81
iPad Pro,Asia - Southern,2020,2640.02
Nintendo Switch OLED,Europe - Eastern,2019,1281.99
Levi's 501 Jeans,Middle East - Gulf,2019,378.47
KitchenAid Mixer,Latin America - Central,2023,1546.26
Ray-Ban Aviators,Oceania - New Zealand,2021,621.11
Nike Air Force 1,Asia - Southeastern,2024,195.88
Breville Coffee Maker,Asia - Eastern,2024,347.55
Samsung Galaxy S23,Latin America - Southern,2024,2759.32
Google Pixel 7,Africa - Eastern,2022,1520.97
Nespresso Vertuo,Asia - Eastern,2023,708.6
Microsoft Surface Pro,Europe - Western,2022,2775.87
Xbox Series X,Asia - Eastern,2022,463.01
iPad Pro,Latin America - Northern,2019,1608.85
MacBook Air M2,Oceania - New Zealand,2021,7515.26
LG OLED TV,Latin America - Southern,2022,8408.54
Xbox Series X,Oceania - New Zealand,2024,2637.44
AirPods Pro,Asia - Eastern,2024,1256.85
Sony WH-1000XM5,Africa - Western,2021,226.94
Samsung Galaxy S23,Oceania - New Zealand,2023,2060.72
Breville Coffee Maker,Latin America - Central,2019,903.09
Google Pixel 7,Asia - Southern,2019,3102.16
Sony WH-1000XM5,Europe - Southern,2023,4102.33
Instant Pot Pro,Europe - Eastern,2020,212.33
Canon EOS R6,North America - Central,2021,10647.93
Sony WH-1000XM5,Europe - Northern,2021,856.64
Breville Coffee Maker,Asia - Eastern,2020,267.34
Adidas Ultraboost,North America - East,2020,425.74
MacBook Air M2,Oceania - Australia,2021,9824.88
AirPods Pro,Middle East - Levant,2020,1116.56
Microsoft Surface Pro,Latin America - Southern,2019,4966.06
Samsung Galaxy S23,Oceania - New Zealand,2020,1773.09
Apple Watch Series 8,Asia - Eastern,2022,286.35
Nespresso Vertuo,Latin America - Northern,2021,247.35
West Elm Sofa,Europe - Western,2023,11263.42
Google Pixel 7,Oceania - Australia,2020,3585.94
Dell XPS 13,Oceania - Australia,2022,3175.17
West Elm Sofa,Middle East - Levant,2021,2905.77
Herman Miller Chair,Africa - Southern,2022,5678.36
Sony WH-1000XM5,North America - West,2020,809.77
Tempur-Pedic Mattress,Oceania - Australia,2021,4195.31
iPhone 14 Pro,North America - East,2019,2540.44
iPhone 14 Pro,Europe - Eastern,2020,2947.81
Google Pixel 7,Europe - Western,2020,2442.76
Dell XPS 13,Africa - Eastern,2024,4426.87
Rolex Submariner,Middle East - Levant,2024,24218.54
Ray-Ban Aviators,North America - East,2023,1072.08
Ray-Ban Aviators,Europe - Eastern,2020,436.23
Lululemon Align Leggings,Asia - Eastern,2023,518.51
MacBook Air M2,North America - Central,2020,7077.87
Tempur-Pedic Mattress,Asia - Eastern,2022,6036.75
Herman Miller Chair,Asia - Southeastern,2022,4911.8
Microsoft Surface Pro,Latin America - Southern,2023,4232.57
Samsung QLED TV,Middle East - Gulf,2020,4509.39
GoPro Hero 11,Europe - Northern,2022,891.13
Tempur-Pedic Mattress,Europe - Eastern,2020,8194.42
Microsoft Surface Pro,Africa - Southern,2019,4427.4
Lululemon Align Leggings,Oceania - Australia,2019,402.39
MacBook Air M2,Africa - Western,2022,3010.25
iPad Pro,North America - West,2021,9071.39
Dell XPS 13,Europe - Northern,2019,6245.68
Adidas Ultraboost,North America - West,2024,176.81
Adidas Ultraboost,Europe - Southern,2023,1156.05
KitchenAid Mixer,Middle East - Levant,2021,1581.77
iPad Pro,Asia - Southeastern,2022,2152.43
Breville Coffee Maker,Africa - Eastern,2020,580.14
Pottery Barn Dining Table,Latin America - Northern,2021,2993.33
Dell XPS 13,Asia - Eastern,2020,689.17
Vitamix Blender,Europe - Western,2020,2973.8
Ninja Air Fryer,North America - Central,2019,274.56
Lululemon Align Leggings,Africa - Eastern,2019,149.57
Sony WH-1000XM5,Europe - Eastern,2024,1316.62
Breville Coffee Maker,Latin America - Northern,2024,488.38
iPhone 14 Pro,Oceania - Australia,2020,8865.03
MacBook Air M2,Asia - Southeastern,2023,10012.39
Canon EOS R6,Africa - Western,2024,18839.53
IKEA Billy Bookcase,Oceania - New Zealand,2020,557.02
Sony WH-1000XM5,Europe - Eastern,2021,1051.1
GoPro Hero 11,Latin America - Southern,2021,679.96
Pottery Barn Dining Table,Asia - Eastern,2023,4412.33
Herman Miller Chair,Europe - Eastern,2023,5406.52
Breville Coffee Maker,Europe - Eastern,2019,464.72
iPhone 14 Pro,Latin America - Northern,2020,2047.46
Adidas Ultraboost,Europe - Eastern,2023,115.54
LG OLED TV,Middle East - Gulf,2021,10547.11
Dell XPS 13,Asia - Southern,2023,6201.98
Apple Watch Series 8,North America - Central,2019,881.39
Tempur-Pedic Mattress,Africa - Eastern,2024,8944.82
AirPods Pro,Asia - Southern,2023,1275.58
PlayStation 5,Africa - Western,2023,452.18
Vitamix Blender,Latin America - Southern,2019,393.62
Canon EOS R6,Asia - Eastern,2024,21456.66
Microsoft Surface Pro,Latin America - Northern,2019,1342.56
iPad Pro,Africa - Southern,2022,6085.87
Ray-Ban Aviators,Oceania - New Zealand,2020,546.14
Instant Pot Pro,North America - East,2020,816.02
Nespresso Vertuo,Latin America - Central,2024,566.68
KitchenAid Mixer,Europe - Eastern,2019,398.0
Sony WH-1000XM5,Europe - Southern,2022,1958.92
iPad Pro,Latin America - Central,2022,3480.04
iPad Pro,Africa - Western,2020,1763.75
Nike Air Force 1,Latin America - Northern,2024,294.77
Samsung QLED TV,Oceania - New Zealand,2020,7433.59
LG OLED TV,Europe - Eastern,2019,4655.04
IKEA Billy Bookcase,Africa - Southern,2023,186.6
Microsoft Surface Pro,Africa - Eastern,2024,6157.19
Vitamix Blender,Oceania - New Zealand,2022,1394.38
Nike Air Force 1,Asia - Southeastern,2023,420.84
Dell XPS 13,North America - East,2022,9591.02
IKEA Billy Bookcase,Asia - Eastern,2024,467.35
Adidas Ultraboost,Asia - Southern,2020,252.03
Samsung Galaxy S23,North America - West,2022,1046.66
Rolex Submariner,North America - West,2024,11402.07
Instant Pot Pro,Europe - Eastern,2022,503.63
Xbox Series X,North America - Central,2021,2442.33
Microsoft Surface Pro,Oceania - New Zealand,2024,11740.51
Samsung QLED TV,Latin America - Central,2021,2758.55
Google Pixel 7,Europe - Southern,2020,1588.39
Breville Coffee Maker,Africa - Eastern,2022,421.5
Rolex Submariner,Africa - Eastern,2023,6059.89
IKEA Billy Bookcase,Oceania - New Zealand,2023,642.23
Microsoft Surface Pro,Middle East - Gulf,2023,15718.79
Ninja Air Fryer,Asia - Southern,2020,437.92
Tempur-Pedic Mattress,Africa - Eastern,2024,8944.82
Ninja Air Fryer,Middle East - Gulf,2024,1127.85
Adidas Ultraboost,Latin America - Southern,2020,387.76
Dyson V11 Vacuum,Latin America - Southern,2019,1581.0
Microsoft Surface Pro,Africa - Eastern,2022,6489.17
MacBook Air M2,Latin America - Northern,2024,4385.06
Google Pixel 7,Oceania - New Zealand,2022,6027.59
Lululemon Align Leggings,Africa - Southern,2021,158.88
Adidas Ultraboost,Europe - Southern,2021,503.59
Ray-Ban Aviators,Middle East - Levant,2020,181.78
LG OLED TV,Asia - Southeastern,2022,9802.04
Nintendo Switch OLED,North America - West,2020,3582.4
Levi's 501 Jeans,Latin America - Southern,2022,389.83
Vitamix Blender,Africa - Eastern,2022,1604.97
West Elm Sofa,Latin America - Southern,2021,4544.93
Nike Air Force 1,Asia - Eastern,2020,167.07
IKEA Billy Bookcase,Africa - Western,2020,202.5
MacBook Air M2,Africa - Western,2020,4168.23
Ninja Air Fryer,Middle East - Gulf,2024,1127.85
Herman Miller Chair,Middle East - Levant,2024,1237.87
Vitamix Blender,Europe - Northern,2024,5153.17
LG OLED TV,Middle East - Levant,2024,9243.7
Instant Pot Pro,North America - Central,2019,788.95
Samsung Galaxy S23,Europe - Western,2019,2746.21
iPad Pro,Europe - Western,2024,5164.24
iPad Pro,Latin America - Central,2023,3691.94
Xbox Series X,Europe - Eastern,2024,4477.17
Pottery Barn Dining Table,Europe - Northern,2019,3731.72
LG OLED TV,Middle East - Levant,2019,1185.23
Rolex Submariner,Latin America - Southern,2021,22668.21
Apple Watch Series 8,Africa - Western,2023,1176.33
Herman Miller Chair,Latin America - Central,2022,3395.37
Nintendo Switch OLED,Africa - Western,2022,2375.5
Levi's 501 Jeans,Europe - Southern,2020,358.32
Nespresso Vertuo,Europe - Eastern,2022,279.42
Google Pixel 7,Middle East - Levant,2023,2582.88
Herman Miller Chair,North America - East,2022,11617.62
Vitamix Blender,Latin America - Central,2024,678.01
MacBook Air M2,Middle East - Levant,2019,4548.03
GoPro Hero 11,Europe - Northern,2021,1729.71
Levi's 501 Jeans,Oceania - New Zealand,2024,546.4
Xbox Series X,Europe - Northern,2020,3121.5
Instant Pot Pro,Africa - Southern,2019,457.57
Adidas Ultraboost,North America - West,2024,176.81
Instant Pot Pro,Oceania - New Zealand,2022,621.99
Instant Pot Pro,Latin America - Central,2020,248.21
Rolex Submariner,Europe - Eastern,2021,21601.94
Microsoft Surface Pro,North America - West,2021,6062.41
PlayStation 5,Oceania - New Zealand,2020,2618.47
IKEA Billy Bookcase,Europe - Eastern,2024,366.71
Pottery Barn Dining Table,Latin America - Northern,2020,1195.11
Vitamix Blender,Europe - Western,2019,1243.32
Google Pixel 7,Oceania - New Zealand,2020,677.18
Samsung QLED TV,Europe - Eastern,2024,6769.77
Rolex Submariner,Africa - Western,2022,27100.54
PlayStation 5,Africa - Southern,2022,3007.84
Canon EOS R6,Latin America - Central,2022,5714.63
Ninja Air Fryer,Asia - Southeastern,2024,861.63
West Elm Sofa,Oceania - New Zealand,2024,21212.51
Adidas Ultraboost,Europe - Western,2024,1089.05
Nespresso Vertuo,Asia - Southern,2024,593.16
West Elm Sofa,Europe - Eastern,2024,6866.71
Lululemon Align Leggings,Africa - Eastern,2024,286.06
Ray-Ban Aviators,Latin America - Northern,2023,619.34
Roomba i7+,Oceania - Australia,2020,4791.62
Lululemon Align Leggings,Oceania - Australia,2023,159.39
Levi's 501 Jeans,Africa - Western,2020,32.56
Dyson V11 Vacuum,North America - Central,2023,1332.51
iPhone 14 Pro,Europe - Northern,2023,7207.2
GoPro Hero 11,Europe - Western,2022,516.26
West Elm Sofa,Africa - Western,2020,4848.38
West Elm Sofa,Europe - Southern,2024,12068.5
Canon EOS R6,Middle East - Gulf,2020,4823.75
Nike Air Force 1,North America - Central,2022,221.09
PlayStation 5,Asia - Eastern,2019,1374.66
IKEA Billy Bookcase,Middle East - Levant,2024,374.8
KitchenAid Mixer,Latin America - Central,2020,448.22
Nike Air Force 1,Latin America - Central,2024,254.48
Ninja Air Fryer,Latin America - Central,2022,577.07
Ninja Air Fryer,North America - East,2020,615.0
Nike Air Force 1,Asia - Eastern,2019,49.03
Levi's 501 Jeans,Latin America - Central,2020,138.65
Dyson V11 Vacuum,Asia - Eastern,2020,936.59
Dyson V11 Vacuum,Europe - Western,2023,2617.44
GoPro Hero 11,Oceania - Australia,2019,3573.67
Vitamix Blender,Asia - Southeastern,2020,786.09
MacBook Air M2,Asia - Southeastern,2024,9922.31
Ninja Air Fryer,Africa - Western,2023,518.53
iPad Pro,Africa - Western,2020,1763.75
Nespresso Vertuo,Oceania - Australia,2023,756.44
GoPro Hero 11,Asia - Southern,2024,2376.58
iPad Pro,Africa - Western,2020,1763.75
Adidas Ultraboost,North America - East,2024,1745.75
GoPro Hero 11,Asia - Southern,2022,1156.24
LG OLED TV,Middle East - Levant,2023,9440.35
iPhone 14 Pro,Asia - Eastern,2021,1064.4
Google Pixel 7,Africa - Eastern,2021,1472.31
PlayStation 5,Europe - Southern,2019,1490.29
Roomba i7+,Europe - Eastern,2022,1138.04
Nespresso Vertuo,Europe - Southern,2022,638.72
GoPro Hero 11,North America - West,2022,566.25
Tempur-Pedic Mattress,Africa - Western,2021,5194.35
Nespresso Vertuo,Middle East - Gulf,2023,445.95
Rolex Submariner,North America - East,2023,82614.31
iPhone 14 Pro,Latin America - Southern,2020,4092.88
Nike Air Force 1,Latin America - Central,2019,191.95
iPad Pro,Asia - Southern,2023,10098.03
Rolex Submariner,Africa - Western,2024,11214.37
West Elm Sofa,Latin America - Southern,2023,2407.19
West Elm Sofa,Europe - Western,2023,11263.42
IKEA Billy Bookcase,Oceania - Australia,2021,426.93
Nespresso Vertuo,Oceania - Australia,2020,1362.46
PlayStation 5,Oceania - New Zealand,2021,1454.93
iPad Pro,North America - East,2020,5404.42
LG OLED TV,North America - East,2020,7870.47
Microsoft Surface Pro,Europe - Western,2023,5125.57
Microsoft Surface Pro,Europe - Eastern,2023,1415.47
Canon EOS R6,Latin America - Central,2022,5714.63
Nintendo Switch OLED,Latin America - Central,2024,2114.61
Tempur-Pedic Mattress,Oceania - New Zealand,2024,22837.23
Sony WH-1000XM5,Europe - Eastern,2022,1689.64
Canon EOS R6,Asia - Southern,2020,7925.66
Breville Coffee Maker,North America - East,2019,290.71
iPhone 14 Pro,Latin America - Northern,2019,2192.76
Dyson V11 Vacuum,Oceania - Australia,2024,3296.75
iPhone 14 Pro,Africa - Western,2020,3904.7
West Elm Sofa,Middle East - Levant,2020,1112.47
Adidas Ultraboost,Middle East - Gulf,2021,896.92
Sony WH-1000XM5,Africa - Southern,2019,1597.08
Ray-Ban Aviators,North America - Central,2021,580.32
Vitamix Blender,Europe - Eastern,2019,817.81
LG OLED TV,Africa - Western,2020,1747.57
Nespresso Vertuo,Latin America - Northern,2019,316.44
Nespresso Vertuo,Europe - Southern,2019,425.05
Canon EOS R6,Latin America - Central,2024,13282.82
Ray-Ban Aviators,Africa - Western,2019,314.38
iPhone 14 Pro,Africa - Western,2019,4657.46
iPhone 14 Pro,Asia - Southern,2020,1097.8
Samsung QLED TV,Latin America - Southern,2023,6533.47
LG OLED TV,Asia - Eastern,2024,7806.62
Herman Miller Chair,Middle East - Levant,2019,5179.53
Nespresso Vertuo,Latin America - Central,2024,566.68
Samsung QLED TV,North America - Central,2022,1190.51
iPad Pro,Asia - Eastern,2023,11503.29
Adidas Ultraboost,North America - West,2023,611.05
iPad Pro,Asia - Southeastern,2022,2152.43
Roomba i7+,Oceania - Australia,2020,4791.62
Dell XPS 13,Asia - Eastern,2022,4779.7
Pottery Barn Dining Table,North America - East,2022,6059.08
Rolex Submariner,Latin America - Southern,2023,25840.26
Adidas Ultraboost,North America - West,2023,611.05
Ray-Ban Aviators,North America - East,2020,442.37
LG OLED TV,Middle East - Levant,2019,1185.23
Dell XPS 13,North America - East,2023,12512.08
Ninja Air Fryer,Oceania - New Zealand,2024,1215.48
Roomba i7+,Oceania - Australia,2023,3032.0
Sony WH-1000XM5,Latin America - Central,2021,1260.34
Rolex Submariner,Latin America - Northern,2022,4002.51
Adidas Ultraboost,Europe - Western,2020,618.81
Adidas Ultraboost,Asia - Eastern,2019,428.09
Nike Air Force 1,Middle East - Levant,2019,329.95
Herman Miller Chair,Oceania - New Zealand,2022,7492.63
PlayStation 5,Middle East - Gulf,2022,3125.25
Samsung QLED TV,Middle East - Gulf,2024,10849.81
Microsoft Surface Pro,Africa - Eastern,2024,6157.19
LG OLED TV,North America - Central,2020,5123.93
Google Pixel 7,Asia - Eastern,2023,738.3
Nintendo Switch OLED,Europe - Southern,2024,447.54
Rolex Submariner,Middle East - Gulf,2022,12891.42
iPhone 14 Pro,Oceania - New Zealand,2019,3324.99
Ray-Ban Aviators,Asia - Southeastern,2022,81.9
Canon EOS R6,North America - West,2020,11157.9
Levi's 501 Jeans,Asia - Eastern,2022,57.94
Herman Miller Chair,Africa - Southern,2021,5035.18
PlayStation 5,Europe - Northern,2023,2906.95
Ninja Air Fryer,Oceania - Australia,2022,291.63
Ray-Ban Aviators,Asia - Southern,2019,491.69
Instant Pot Pro,North America - West,2024,329.91
Rolex Submariner,North America - West,2021,52749.88
Tempur-Pedic Mattress,Asia - Southeastern,2023,3889.12
Dyson V11 Vacuum,Europe - Eastern,2020,412.85
Nintendo Switch OLED,Europe - Eastern,2022,2282.48
Ninja Air Fryer,Latin America - Central,2021,349.39
PlayStation 5,Europe - Northern,2023,2906.95
Levi's 501 Jeans,Africa - Southern,2020,222.03
Samsung QLED TV,Africa - Southern,2024,2570.21
Dell XPS 13,North America - East,2023,12512.08
Adidas Ultraboost,Africa - Southern,2023,433.12
KitchenAid Mixer,Europe - Southern,2021,241.71
Instant Pot Pro,Asia - Eastern,2021,83.35
IKEA Billy Bookcase,North America - East,2020,571.76
Canon EOS R6,Oceania - New Zealand,2021,18031.13
Breville Coffee Maker,Oceania - New Zealand,2023,1317.02
AirPods Pro,Africa - Western,2022,189.86
Samsung Galaxy S23,Africa - Southern,2019,561.41
Sony WH-1000XM5,Asia - Southern,2022,1837.68
West Elm Sofa,North America - West,2024,2788.72
Rolex Submariner,Europe - Southern,2023,9468.04
Dyson V11 Vacuum,Europe - Southern,2019,1661.93
Samsung QLED TV,Middle East - Gulf,2019,8496.57
Adidas Ultraboost,Asia - Southeastern,2022,833.03
Apple Watch Series 8,Latin America - Central,2022,208.62
Google Pixel 7,Europe - Southern,2024,3316.58
Adidas Ultraboost,Latin America - Northern,2022,229.97
Ray-Ban Aviators,Africa - Eastern,2021,127.25
Apple Watch Series 8,North America - East,2022,2765.05
AirPods Pro,Europe - Eastern,2019,149.27
LG OLED TV,North America - West,2023,22930.63
Nike Air Force 1,North America - Central,2021,192.64
LG OLED TV,Latin America - Central,2023,9911.14
IKEA Billy Bookcase,Africa - Western,2024,239.18
Adidas Ultraboost,Africa - Eastern,2019,157.68
IKEA Billy Bookcase,Europe - Southern,2022,226.5
Sony WH-1000XM5,Middle East - Levant,2019,1742.9
AirPods Pro,North America - West,2022,2547.81
Instant Pot Pro,Asia - Southern,2023,290.0
Adidas Ultraboost,Oceania - New Zealand,2024,601.85
iPhone 14 Pro,Oceania - New Zealand,2021,5815.14
Lululemon Align Leggings,Latin America - Central,2023,373.16
GoPro Hero 11,Latin America - Southern,2024,1008.95
Samsung QLED TV,North America - Central,2023,12769.28
Microsoft Surface Pro,Middle East - Levant,2023,3364.49
Dyson V11 Vacuum,Africa - Eastern,2020,617.48
Nespresso Vertuo,Europe - Northern,2021,142.12
Ray-Ban Aviators,Europe - Southern,2020,358.49
Apple Watch Series 8,Europe - Northern,2020,1156.35
GoPro Hero 11,Europe - Western,2021,2639.26
Samsung QLED TV,Europe - Eastern,2023,9187.86
Canon EOS R6,Middle East - Levant,2022,10747.3
Apple Watch Series 8,Asia - Eastern,2023,1859.74
Tempur-Pedic Mattress,Latin America - Southern,2021,1134.25
KitchenAid Mixer,Europe - Western,2023,1390.42
Samsung Galaxy S23,Europe - Northern,2019,2754.44
Rolex Submariner,Europe - Northern,2020,14858.24
Ninja Air Fryer,North America - East,2021,339.86
Dell XPS 13,Asia - Southern,2021,8201.97
IKEA Billy Bookcase,Oceania - Australia,2020,212.36
GoPro Hero 11,Asia - Eastern,2021,2060.07
Xbox Series X,Europe - Eastern,2024,4477.17
iPhone 14 Pro,Middle East - Gulf,2022,10137.2
Roomba i7+,Africa - Western,2020,1423.16
Samsung Galaxy S23,Europe - Southern,2022,2799.6
AirPods Pro,Oceania - Australia,2023,3218.85
AirPods Pro,Oceania - New Zealand,2022,1817.69
KitchenAid Mixer,Africa - Eastern,2022,633.3
Nespresso Vertuo,Asia - Southeastern,2024,1246.49
Dell XPS 13,Asia - Southern,2021,8201.97
Nike Air Force 1,Asia - Southern,2020,282.84
Breville Coffee Maker,Europe - Northern,2022,845.0
Samsung Galaxy S23,North America - East,2019,3405.3
MacBook Air M2,Oceania - Australia,2019,5153.32
Lululemon Align Leggings,Europe - Northern,2020,144.49
Dyson V11 Vacuum,Middle East - Levant,2023,2003.13
Levi's 501 Jeans,Africa - Southern,2022,198.32
Tempur-Pedic Mattress,Oceania - New Zealand,2024,22837.23
iPhone 14 Pro,Africa - Southern,2023,1513.94
Levi's 501 Jeans,Europe - Northern,2024,149.94
MacBook Air M2,Latin America - Central,2020,4559.71
Ray-Ban Aviators,Latin America - Southern,2020,435.7
iPhone 14 Pro,Middle East - Levant,2023,5275.19
Adidas Ultraboost,Asia - Southeastern,2023,1087.19
AirPods Pro,Asia - Eastern,2021,1357.35
Microsoft Surface Pro,Africa - Eastern,2024,6157.19
Levi's 501 Jeans,Oceania - Australia,2023,201.47
Nintendo Switch OLED,Asia - Southern,2020,1367.59
Samsung Galaxy S23,Europe - Southern,2020,1572.4
Microsoft Surface Pro,Asia - Eastern,2019,7951.29
Herman Miller Chair,Latin America - Southern,2022,2875.21
Tempur-Pedic Mattress,North America - West,2022,12961.65
Samsung Galaxy S23,Latin America - Southern,2024,2759.32
Dyson V11 Vacuum,North America - Central,2020,3991.64
Xbox Series X,Oceania - Australia,2019,1797.25
Rolex Submariner,Europe - Western,2021,26746.46
Ray-Ban Aviators,Asia - Eastern,2020,263.82
Herman Miller Chair,Asia - Eastern,2024,2131.63
Instant Pot Pro,North America - Central,2021,504.59
Apple Watch Series 8,Asia - Southeastern,2020,1213.67
iPad Pro,North America - East,2023,7849.2
Microsoft Surface Pro,Latin America - Central,2022,3462.19
Apple Watch Series 8,Latin America - Northern,2022,1592.23
PlayStation 5,Europe - Eastern,2022,2856.45
Tempur-Pedic Mattress,Asia - Southern,2023,10702.94
AirPods Pro,Europe - Western,2019,758.98
Ninja Air Fryer,Europe - Southern,2019,817.82
Dyson V11 Vacuum,Latin America - Northern,2024,2429.17
Levi's 501 Jeans,Asia - Southeastern,2023,431.93
Ninja Air Fryer,Oceania - New Zealand,2019,216.9
Apple Watch Series 8,Latin America - Northern,2020,1034.97
Nike Air Force 1,North America - East,2024,339.92
Herman Miller Chair,Latin America - Southern,2020,672.49
Nintendo Switch OLED,Africa - Southern,2022,1413.29
Herman Miller Chair,Europe - Northern,2023,7065.16
Sony WH-1000XM5,Middle East - Levant,2021,798.59
Google Pixel 7,Latin America - Central,2019,1284.04
Nike Air Force 1,North America - Central,2022,221.09
iPhone 14 Pro,Africa - Eastern,2019,1758.23
Roomba i7+,Asia - Eastern,2021,2490.0
Dell XPS 13,Europe - Eastern,2024,5149.78
Tempur-Pedic Mattress,Asia - Eastern,2022,6036.75
Instant Pot Pro,Asia - Eastern,2024,172.77
LG OLED TV,Africa - Eastern,2023,3380.58
Sony WH-1000XM5,Oceania - Australia,2022,2255.82
Nike Air Force 1,Asia - Southeastern,2023,420.84
Samsung QLED TV,Europe - Southern,2020,2595.78
Ray-Ban Aviators,Europe - Western,2023,579.25
Levi's 501 Jeans,Asia - Southern,2022,328.17
Canon EOS R6,Africa - Eastern,2020,10585.81
PlayStation 5,Oceania - New Zealand,2021,1454.93
Microsoft Surface Pro,Latin America - Central,2019,2019.48
iPhone 14 Pro,Asia - Southern,2024,6747.83
iPhone 14 Pro,North America - West,2019,2243.94
iPad Pro,North America - East,2019,2068.52
iPhone 14 Pro,Africa - Eastern,2019,1758.23
Samsung Galaxy S23,Latin America - Central,2024,1532.57
Levi's 501 Jeans,Asia - Southeastern,2024,549.77
Roomba i7+,Middle East - Gulf,2019,4904.73
Instant Pot Pro,Oceania - New Zealand,2024,609.41
Nintendo Switch OLED,Oceania - New Zealand,2020,3674.21
Dell XPS 13,Africa - Western,2020,2627.84
Google Pixel 7,Asia - Eastern,2022,3678.56
Herman Miller Chair,Europe - Southern,2023,8151.61
Instant Pot Pro,Latin America - Southern,2022,238.83
AirPods Pro,Oceania - New Zealand,2024,2026.21
Google Pixel 7,Latin America - Southern,2022,3459.1
LG OLED TV,Europe - Eastern,2023,9636.9
Lululemon Align Leggings,North America - East,2019,162.14
Lululemon Align Leggings,Asia - Southern,2023,298.72
LG OLED TV,Asia - Southeastern,2019,1773.52
Levi's 501 Jeans,Middle East - Gulf,2021,50.21
Ray-Ban Aviators,Europe - Western,2020,281.13
Nespresso Vertuo,Europe - Eastern,2022,279.42
AirPods Pro,Latin America - Southern,2022,1077.37
Canon EOS R6,Europe - Northern,2020,16988.74
Vitamix Blender,Latin America - Central,2021,1314.24
Nintendo Switch OLED,Europe - Northern,2020,515.75
Nintendo Switch OLED,Africa - Western,2022,2375.5
Dell XPS 13,Europe - Western,2021,1142.13
Microsoft Surface Pro,Latin America - Central,2021,3618.64
Microsoft Surface Pro,Asia - Eastern,2023,7391.42
Sony WH-1000XM5,Africa - Eastern,2023,1089.62
Pottery Barn Dining Table,Asia - Eastern,2021,2599.06
GoPro Hero 11,Africa - Eastern,2023,575.42
iPhone 14 Pro,Asia - Southeastern,2021,6214.65
Canon EOS R6,North America - East,2022,21911.7
Nintendo Switch OLED,Africa - Southern,2022,1413.29
Tempur-Pedic Mattress,North America - West,2024,14884.42
MacBook Air M2,North America - West,2024,4585.48
Lululemon Align Leggings,North America - East,2021,362.8
Nintendo Switch OLED,Asia - Eastern,2020,255.64
Ninja Air Fryer,Middle East - Levant,2019,195.51
Roomba i7+,North America - West,2020,7971.31
Nike Air Force 1,Europe - Southern,2019,200.45
Rolex Submariner,Latin America - Northern,2024,16332.66
Microsoft Surface Pro,Asia - Southern,2020,7076.04
PlayStation 5,Europe - Eastern,2022,2856.45
Samsung Galaxy S23,Middle East - Gulf,2019,5141.72
Sony WH-1000XM5,Europe - Northern,2023,1894.67
Vitamix Blender,Europe - Northern,2024,5153.17
Google Pixel 7,Africa - Eastern,2021,1472.31
Tempur-Pedic Mattress,Middle East - Levant,2021,4026.55
IKEA Billy Bookcase,Asia - Southern,2021,115.68
Breville Coffee Maker,Oceania - New Zealand,2020,788.78
Xbox Series X,Latin America - Central,2024,2734.7
Ray-Ban Aviators,Oceania - Australia,2019,273.24
Samsung Galaxy S23,Latin America - Northern,2023,3652.24
Ray-Ban Aviators,Latin America - Northern,2021,163.99
Ninja Air Fryer,Asia - Eastern,2022,259.6
Pottery Barn Dining Table,Europe - Western,2023,12169.28
PlayStation 5,Oceania - Australia,2020,4177.44
Levi's 501 Jeans,North America - East,2022,558.27
Google Pixel 7,Europe - Eastern,2020,3711.63
Apple Watch Series 8,Latin America - Central,2019,312.44
Nespresso Vertuo,Latin America - Central,2024,566.68
PlayStation 5,Europe - Northern,2023,2906.95
LG OLED TV,North America - East,2020,7870.47
Breville Coffee Maker,North America - East,2020,1982.83
Nespresso Vertuo,Europe - Eastern,2022,279.42
Microsoft Surface Pro,Europe - Eastern,2019,6661.53
KitchenAid Mixer,Latin America - Northern,2023,1982.24
Microsoft Surface Pro,Latin America - Northern,2024,5214.36
Nespresso Vertuo,Oceania - Australia,2022,349.4
Ray-Ban Aviators,Asia - Southern,2019,491.69
Canon EOS R6,Asia - Southern,2023,9717.69
Tempur-Pedic Mattress,Europe - Southern,2019,9990.6
Herman Miller Chair,Oceania - New Zealand,2024,11137.96
Google Pixel 7,Latin America - Southern,2020,507.69
Canon EOS R6,Latin America - Central,2019,9381.21
Vitamix Blender,Africa - Western,2020,199.92
Tempur-Pedic Mattress,Europe - Western,2023,4173.27
Dyson V11 Vacuum,Europe - Eastern,2023,3814.91
iPhone 14 Pro,Middle East - Levant,2022,4779.13
Sony WH-1000XM5,Africa - Southern,2021,1079.93
Tempur-Pedic Mattress,North America - East,2020,9558.08
Ninja Air Fryer,Middle East - Gulf,2023,1311.5
Rolex Submariner,Africa - Southern,2022,30848.71
Tempur-Pedic Mattress,Africa - Southern,2019,5291.19
Samsung QLED TV,Africa - Southern,2023,3329.39
Samsung Galaxy S23,Europe - Northern,2023,4058.23
Levi's 501 Jeans,Europe - Eastern,2021,97.25
Samsung QLED TV,Europe - Northern,2020,9376.48
Rolex Submariner,Africa - Southern,2022,30848.71
MacBook Air M2,Latin America - Central,2024,6326.9
West Elm Sofa,Asia - Eastern,2020,1231.05
GoPro Hero 11,Asia - Southeastern,2019,1307.13
Google Pixel 7,Asia - Southern,2022,490.29
Pottery Barn Dining Table,Europe - Southern,2021,4845.1
Samsung QLED TV,Africa - Western,2023,3179.83
Instant Pot Pro,Latin America - Southern,2020,80.74
iPad Pro,Asia - Southeastern,2021,8501.85
Microsoft Surface Pro,Europe - Western,2021,8436.17
iPhone 14 Pro,Oceania - Australia,2021,3811.13
Nintendo Switch OLED,Africa - Eastern,2024,848.65
Nespresso Vertuo,Middle East - Levant,2023,926.63
PlayStation 5,North America - East,2021,6148.63
Dyson V11 Vacuum,Europe - Eastern,2022,4486.37
Dell XPS 13,Europe - Northern,2020,6375.63
Levi's 501 Jeans,North America - Central,2024,660.0
Nintendo Switch OLED,North America - Central,2019,1530.26
Nike Air Force 1,North America - East,2019,409.75
AirPods Pro,Africa - Southern,2021,342.0
iPhone 14 Pro,Latin America - Southern,2022,3811.95
Lululemon Align Leggings,Europe - Southern,2023,279.18
Rolex Submariner,Europe - Southern,2020,16764.59
Nintendo Switch OLED,Europe - Western,2024,1458.43
Tempur-Pedic Mattress,Middle East - Gulf,2021,7222.23
Tempur-Pedic Mattress,Asia - Southeastern,2023,3889.12
Pottery Barn Dining Table,Middle East - Gulf,2021,1090.37
Apple Watch Series 8,Europe - Western,2019,2351.12
Microsoft Surface Pro,Europe - Southern,2022,1507.79
Microsoft Surface Pro,Africa - Eastern,2024,6157.19
Samsung Galaxy S23,Europe - Eastern,2021,5781.5
Apple Watch Series 8,North America - East,2020,968.64
Google Pixel 7,Europe - Western,2023,5456.36
Nike Air Force 1,Africa - Southern,2024,43.83
Lululemon Align Leggings,Africa - Eastern,2022,164.02
Vitamix Blender,Europe - Western,2021,2255.09
Google Pixel 7,Middle East - Levant,2020,2393.74
Nespresso Vertuo,North America - West,2024,539.85
MacBook Air M2,Oceania - New Zealand,2021,7515.26
GoPro Hero 11,Europe - Southern,2023,2436.69
Apple Watch Series 8,Asia - Southern,2020,1300.4
Nike Air Force 1,North America - Central,2023,403.89
Ray-Ban Aviators,Oceania - Australia,2022,326.74
Rolex Submariner,Asia - Eastern,2020,14819.78
Nike Air Force 1,Middle East - Gulf,2019,434.81
Levi's 501 Jeans,Europe - Southern,2024,251.24
Nike Air Force 1,Asia - Southern,2022,276.76
LG OLED TV,Middle East - Gulf,2021,10547.11
Dell XPS 13,Europe - Eastern,2019,2891.61
PlayStation 5,Europe - Western,2019,2892.89
Rolex Submariner,Asia - Southern,2020,36118.05
Vitamix Blender,Africa - Eastern,2019,576.24
iPad Pro,Europe - Southern,2021,1182.94
Lululemon Align Leggings,Oceania - New Zealand,2024,500.55
Ray-Ban Aviators,Latin America - Central,2020,61.41
iPhone 14 Pro,North America - Central,2021,916.16
Nike Air Force 1,Asia - Southern,2024,349.95
Rolex Submariner,Middle East - Levant,2021,23683.31
Nespresso Vertuo,North America - East,2020,559.34
Instant Pot Pro,Europe - Northern,2024,872.38
IKEA Billy Bookcase,Oceania - New Zealand,2022,570.86
Herman Miller Chair,North America - East,2024,5591.6
Canon EOS R6,North America - West,2019,6034.84
Ray-Ban Aviators,Oceania - Australia,2021,122.7
Pottery Barn Dining Table,Oceania - Australia,2020,6192.19
Sony WH-1000XM5,Europe - Western,2024,4485.07
West Elm Sofa,North America - Central,2024,10853.72
Samsung QLED TV,Middle East - Gulf,2024,10849.81
Nespresso Vertuo,Middle East - Levant,2019,583.34
Samsung Galaxy S23,North America - Central,2024,9166.85
Microsoft Surface Pro,North America - Central,2024,11481.18
Dell XPS 13,Africa - Eastern,2019,2057.01
Samsung QLED TV,North America - East,2024,2285.95
Dell XPS 13,Oceania - Australia,2020,1153.98
Vitamix Blender,Middle East - Levant,2022,2592.16
LG OLED TV,Europe - Western,2024,12825.35
KitchenAid Mixer,Europe - Southern,2023,2711.76
Google Pixel 7,Asia - Southern,2019,3102.16
GoPro Hero 11,Europe - Southern,2023,2436.69
Adidas Ultraboost,North America - West,2023,611.05
Instant Pot Pro,Middle East - Levant,2019,294.45
MacBook Air M2,Asia - Southern,2019,2389.99
Dyson V11 Vacuum,Asia - Southern,2019,1107.62
Xbox Series X,Europe - Southern,2020,2465.27
Pottery Barn Dining Table,Asia - Southern,2021,3054.82
Microsoft Surface Pro,Africa - Southern,2024,8168.2
Apple Watch Series 8,Latin America - Northern,2023,645.59
PlayStation 5,Asia - Southern,2020,1348.29
iPad Pro,North America - West,2019,8182.04
LG OLED TV,Asia - Southeastern,2021,2986.0
PlayStation 5,Oceania - New Zealand,2023,3116.1
Google Pixel 7,Europe - Eastern,2021,3028.94
Apple Watch Series 8,Oceania - New Zealand,2021,239.91
Rolex Submariner,North America - East,2021,11954.31
Samsung Galaxy S23,North America - Central,2019,1761.66
Microsoft Surface Pro,North America - East,2023,9473.53
Ninja Air Fryer,Latin America - Southern,2020,274.76
Ray-Ban Aviators,Asia - Eastern,2021,260.56
GoPro Hero 11,Latin America - Southern,2022,2853.32
Microsoft Surface Pro,Europe - Northern,2023,3874.56
Ninja Air Fryer,Oceania - Australia,2023,641.99
AirPods Pro,Europe - Eastern,2022,2226.32
Breville Coffee Maker,Oceania - New Zealand,2021,281.92
Google Pixel 7,North America - West,2024,5901.37
Pottery Barn Dining Table,Latin America - Northern,2020,1195.11
Nespresso Vertuo,North America - East,2021,1766.07
Nike Air Force 1,Latin America - Northern,2023,261.94
Sony WH-1000XM5,Europe - Eastern,2021,1051.1
Roomba i7+,Africa - Western,2023,1626.12
MacBook Air M2,Europe - Southern,2022,4566.93
Sony WH-1000XM5,Oceania - Australia,2020,3727.67
Adidas Ultraboost,North America - West,2020,1039.69
Levi's 501 Jeans,Latin America - Central,2019,123.08
Canon EOS R6,Oceania - Australia,2022,14675.29
Nike Air Force 1,North America - East,2021,734.47
Samsung QLED TV,Europe - Eastern,2022,9292.42
Roomba i7+,Latin America - Northern,2021,1470.29
IKEA Billy Bookcase,Latin America - Southern,2024,278.25
AirPods Pro,Latin America - Central,2023,1683.01
PlayStation 5,Europe - Western,2023,3515.87
PlayStation 5,Europe - Northern,2022,602.6
iPad Pro,Africa - Western,2023,1412.24
Xbox Series X,Latin America - Southern,2023,3075.97
iPad Pro,Latin America - Central,2023,3691.94
KitchenAid Mixer,Africa - Western,2020,361.82
Rolex Submariner,Europe - Southern,2021,5181.23
Nintendo Switch OLED,Asia - Southeastern,2019,1694.45
Samsung QLED TV,Asia - Southern,2020,6938.88
Dell XPS 13,North America - East,2024,2048.23
Dyson V11 Vacuum,Middle East - Gulf,2023,2486.73
Apple Watch Series 8,Europe - Northern,2024,323.23
Adidas Ultraboost,North America - East,2019,747.43
Instant Pot Pro,Asia - Southern,2023,290.0
Dyson V11 Vacuum,Africa - Southern,2019,753.0
Google Pixel 7,Africa - Southern,2021,2658.56
Ninja Air Fryer,Asia - Southern,2021,597.36
Herman Miller Chair,Asia - Southeastern,2020,2870.58
Adidas Ultraboost,Europe - Northern,2023,235.26
Canon EOS R6,Latin America - Central,2020,7889.63
MacBook Air M2,Europe - Southern,2024,7837.65
Vitamix Blender,North America - Central,2020,1014.85
Samsung Galaxy S23,Africa - Southern,2019,561.41
Vitamix Blender,North America - West,2022,884.21
MacBook Air M2,Middle East - Levant,2021,5336.6
Xbox Series X,Middle East - Levant,2023,3988.86
IKEA Billy Bookcase,Latin America - Northern,2021,151.46
iPhone 14 Pro,Middle East - Gulf,2023,7913.87
MacBook Air M2,Africa - Eastern,2020,2832.34
Ninja Air Fryer,Europe - Eastern,2022,727.07
Pottery Barn Dining Table,Oceania - Australia,2019,980.38
GoPro Hero 11,Latin America - Northern,2019,1303.73
Canon EOS R6,Europe - Eastern,2023,19307.71
Samsung QLED TV,Oceania - New Zealand,2021,7819.14
Ray-Ban Aviators,Asia - Southeastern,2024,908.51
PlayStation 5,Europe - Eastern,2020,1906.08
iPhone 14 Pro,North America - East,2020,1271.33
Instant Pot Pro,Latin America - Central,2024,365.19
Dyson V11 Vacuum,Europe - Northern,2022,3221.51
Dyson V11 Vacuum,Africa - Southern,2021,1568.32
KitchenAid Mixer,North America - East,2022,1477.51
Microsoft Surface Pro,Middle East - Levant,2022,955.41
Herman Miller Chair,North America - Central,2023,5124.55
Canon EOS R6,Latin America - Northern,2020,14061.14
iPhone 14 Pro,Latin America - Northern,2021,1925.91
MacBook Air M2,Europe - Eastern,2023,1333.69
Adidas Ultraboost,Africa - Western,2022,513.95
PlayStation 5,Europe - Southern,2024,750.62
Nespresso Vertuo,Oceania - Australia,2022,349.4
Apple Watch Series 8,Africa - Western,2019,321.1
Sony WH-1000XM5,Africa - Western,2019,880.85
Dell XPS 13,North America - West,2023,14388.19
Nespresso Vertuo,Middle East - Levant,2021,125.0
Ninja Air Fryer,Oceania - New Zealand,2022,402.91
Samsung Galaxy S23,Latin America - Central,2024,1532.57
Nintendo Switch OLED,Middle East - Gulf,2020,3161.97
Roomba i7+,Middle East - Levant,2022,3977.68
Tempur-Pedic Mattress,Asia - Southeastern,2019,2851.1
Levi's 501 Jeans,Africa - Western,2020,32.56
Google Pixel 7,Middle East - Levant,2020,2393.74
Ninja Air Fryer,Europe - Northern,2022,557.63
MacBook Air M2,Africa - Eastern,2019,3701.25
Samsung QLED TV,Europe - Southern,2019,6462.93
Samsung QLED TV,Oceania - New Zealand,2021,7819.14
Instant Pot Pro,Latin America - Central,2024,365.19
KitchenAid Mixer,Oceania - New Zealand,2019,722.18
Samsung Galaxy S23,Asia - Southeastern,2020,1397.67
Google Pixel 7,Africa - Western,2022,2427.74
Breville Coffee Maker,Oceania - Australia,2022,2417.72
GoPro Hero 11,North America - East,2021,2991.91
Microsoft Surface Pro,North America - East,2022,4380.08
West Elm Sofa,Africa - Southern,2020,2443.39
IKEA Billy Bookcase,Africa - Western,2024,239.18
Breville Coffee Maker,Asia - Southeastern,2021,166.81
Lululemon Align Leggings,Latin America - Northern,2020,279.36
Microsoft Surface Pro,Europe - Southern,2023,6341.31
Nintendo Switch OLED,Europe - Southern,2022,2525.58
Apple Watch Series 8,Europe - Northern,2019,1273.8
IKEA Billy Bookcase,Middle East - Levant,2022,172.26
Ray-Ban Aviators,Europe - Northern,2023,109.95
Google Pixel 7,Latin America - Southern,2024,3392.24
Adidas Ultraboost,Asia - Southeastern,2019,690.35
MacBook Air M2,Asia - Eastern,2019,6591.67
KitchenAid Mixer,Latin America - Southern,2023,2271.21
Ray-Ban Aviators,Latin America - Southern,2021,429.68
Apple Watch Series 8,Europe - Eastern,2022,271.9
Ninja Air Fryer,Africa - Eastern,2020,45.09
Ray-Ban Aviators,Europe - Southern,2019,484.6
GoPro Hero 11,North America - West,2024,3151.15
Dell XPS 13,Africa - Southern,2023,4119.72
iPad Pro,North America - Central,2021,6389.15
Nespresso Vertuo,Africa - Eastern,2022,786.8
Breville Coffee Maker,Oceania - Australia,2022,2417.72
Rolex Submariner,Europe - Eastern,2022,19279.01
Instant Pot Pro,Africa - Southern,2019,457.57
Xbox Series X,Oceania - New Zealand,2020,3440.43
Xbox Series X,Europe - Northern,2019,3543.81
Herman Miller Chair,Africa - Eastern,2023,1816.31
MacBook Air M2,Asia - Eastern,2019,6591.67
KitchenAid Mixer,Latin America - Northern,2022,772.9
Samsung QLED TV,Oceania - New Zealand,2021,7819.14
Nike Air Force 1,Europe - Northern,2021,58.27
iPad Pro,Europe - Southern,2021,1182.94
West Elm Sofa,North America - Central,2020,6170.78
IKEA Billy Bookcase,Asia - Southern,2022,66.74
Samsung QLED TV,North America - West,2024,2056.76
Xbox Series X,Asia - Southeastern,2022,4479.73
LG OLED TV,Oceania - New Zealand,2019,8853.92
Dell XPS 13,Asia - Southeastern,2023,1066.94
Canon EOS R6,Latin America - Central,2021,11464.97
PlayStation 5,Asia - Eastern,2021,3013.48
Samsung Galaxy S23,Asia - Southern,2022,5118.21
Apple Watch Series 8,Europe - Western,2019,2351.12
Nespresso Vertuo,Europe - Southern,2019,425.05
Dyson V11 Vacuum,Oceania - New Zealand,2022,2589.03
AirPods Pro,Latin America - Northern,2020,133.32
Canon EOS R6,Oceania - New Zealand,2024,11627.74
Nespresso Vertuo,Asia - Eastern,2023,708.6
Roomba i7+,North America - Central,2019,4167.55
LG OLED TV,North America - West,2022,3836.35
Vitamix Blender,Europe - Southern,2023,2234.09
MacBook Air M2,North America - Central,2024,12445.82
KitchenAid Mixer,Oceania - Australia,2019,1342.43
KitchenAid Mixer,North America - Central,2024,3836.44
Lululemon Align Leggings,Latin America - Southern,2021,218.48
Dyson V11 Vacuum,Europe - Northern,2020,1850.6
AirPods Pro,Oceania - Australia,2024,2543.52
IKEA Billy Bookcase,Europe - Southern,2024,339.96
Xbox Series X,Asia - Southern,2023,3039.66
Google Pixel 7,Asia - Southeastern,2020,1347.27
Rolex Submariner,Latin America - Central,2022,6434.08
Herman Miller Chair,Europe - Southern,2024,10978.24
Ninja Air Fryer,Middle East - Gulf,2020,725.33
iPhone 14 Pro,Asia - Southeastern,2024,2418.6
MacBook Air M2,Oceania - New Zealand,2024,7328.59
LG OLED TV,Europe - Northern,2024,7206.97
Apple Watch Series 8,Latin America - Central,2019,312.44
Samsung Galaxy S23,Europe - Southern,2019,692.01
KitchenAid Mixer,Asia - Southeastern,2023,1757.45
Ninja Air Fryer,Europe - Northern,2020,590.09
Pottery Barn Dining Table,Europe - Eastern,2024,2497.45
Xbox Series X,Asia - Eastern,2019,2509.89
Ninja Air Fryer,North America - East,2021,339.86
West Elm Sofa,Africa - Western,2022,2546.44
Roomba i7+,Europe - Eastern,2024,3743.7
MacBook Air M2,Europe - Western,2022,4949.2
Nike Air Force 1,Europe - Northern,2023,78.08
Samsung QLED TV,Asia - Southeastern,2021,3208.86
PlayStation 5,Asia - Eastern,2019,1374.66
Xbox Series X,Asia - Eastern,2024,3889.0
Microsoft Surface Pro,Africa - Southern,2024,8168.2
Sony WH-1000XM5,Europe - Eastern,2019,2036.12
Adidas Ultraboost,Asia - Southeastern,2024,607.8
IKEA Billy Bookcase,Africa - Western,2020,202.5
AirPods Pro,Asia - Eastern,2024,1256.85
Lululemon Align Leggings,Europe - Eastern,2021,351.51
MacBook Air M2,Europe - Northern,2019,5922.26
Levi's 501 Jeans,Latin America - Central,2023,235.6
Nike Air Force 1,Africa - Eastern,2023,145.34
Instant Pot Pro,Middle East - Gulf,2023,277.88
AirPods Pro,North America - West,2024,1037.59
Sony WH-1000XM5,Europe - Eastern,2019,2036.12
AirPods Pro,Europe - Western,2020,2154.66
Microsoft Surface Pro,Middle East - Levant,2021,9515.86
Instant Pot Pro,Asia - Eastern,2022,253.77
Xbox Series X,North America - West,2019,3361.4
Samsung QLED TV,Asia - Southern,2020,6938.88
West Elm Sofa,Middle East - Levant,2023,11550.33
Microsoft Surface Pro,Oceania - Australia,2021,3200.27
GoPro Hero 11,Latin America - Northern,2019,1303.73
iPad Pro,Oceania - New Zealand,2022,2095.0
Rolex Submariner,Europe - Northern,2024,60596.76
Herman Miller Chair,Latin America - Central,2019,1962.91
Lululemon Align Leggings,Africa - Western,2019,155.05
Pottery Barn Dining Table,Middle East - Levant,2020,5643.18
Samsung QLED TV,Africa - Eastern,2019,3771.31
AirPods Pro,North America - East,2024,1314.17
AirPods Pro,Middle East - Levant,2023,978.19
Nintendo Switch OLED,Africa - Western,2019,1366.07
Nespresso Vertuo,Africa - Southern,2020,529.19
Microsoft Surface Pro,Europe - Eastern,2022,9806.56
LG OLED TV,Oceania - Australia,2023,11665.85
Canon EOS R6,Europe - Southern,2024,27878.75
Lululemon Align Leggings,Africa - Southern,2023,91.68
Samsung Galaxy S23,Middle East - Levant,2024,764.08
MacBook Air M2,Oceania - Australia,2022,1845.68
Levi's 501 Jeans,Europe - Western,2021,209.94
Sony WH-1000XM5,Europe - Northern,2022,2761.08
Breville Coffee Maker,Africa - Southern,2021,164.35
Vitamix Blender,Oceania - New Zealand,2022,1394.38
iPad Pro,Africa - Eastern,2023,3608.29
KitchenAid Mixer,Europe - Western,2021,2547.17
AirPods Pro,Africa - Western,2020,1308.41
Instant Pot Pro,Latin America - Southern,2021,491.76
iPhone 14 Pro,Oceania - New Zealand,2024,8030.7
KitchenAid Mixer,Middle East - Gulf,2024,4089.63
Vitamix Blender,North America - East,2023,2242.32
Samsung Galaxy S23,Europe - Western,2021,6766.26
LG OLED TV,Europe - Northern,2021,8386.84
PlayStation 5,Africa - Western,2019,1163.88
Samsung QLED TV,Europe - Western,2019,3165.36
Instant Pot Pro,Africa - Eastern,2024,481.59
Adidas Ultraboost,Africa - Southern,2020,298.53
Canon EOS R6,Middle East - Gulf,2022,21810.93
Samsung Galaxy S23,North America - Central,2020,7110.16
Microsoft Surface Pro,North America - East,2019,7891.31
Dyson V11 Vacuum,Oceania - Australia,2019,3394.19
Apple Watch Series 8,Latin America - Northern,2021,557.21
Dell XPS 13,North America - Central,2021,1176.31
Nintendo Switch OLED,Asia - Eastern,2020,255.64
iPhone 14 Pro,Europe - Eastern,2024,1976.57
Breville Coffee Maker,Europe - Northern,2023,1810.76
Levi's 501 Jeans,Latin America - Southern,2024,127.11
West Elm Sofa,Asia - Southern,2020,9211.15
Roomba i7+,North America - Central,2020,569.65
Sony WH-1000XM5,Europe - Northern,2024,4073.13
IKEA Billy Bookcase,Oceania - New Zealand,2024,69.98
LG OLED TV,Africa - Southern,2021,7450.68
Tempur-Pedic Mattress,Oceania - New Zealand,2019,10397.23
Apple Watch Series 8,Middle East - Levant,2019,417.78
Pottery Barn Dining Table,Middle East - Levant,2024,6095.54
GoPro Hero 11,Oceania - New Zealand,2021,1864.0
Ray-Ban Aviators,Asia - Southeastern,2023,77.89
Nike Air Force 1,Oceania - Australia,2021,119.55
iPhone 14 Pro,Europe - Eastern,2022,7071.23
Pottery Barn Dining Table,North America - East,2023,9368.04
MacBook Air M2,Europe - Eastern,2023,1333.69
Google Pixel 7,Africa - Eastern,2024,906.53
iPhone 14 Pro,Middle East - Gulf,2022,10137.2
KitchenAid Mixer,Asia - Southeastern,2020,1545.63
Dell XPS 13,Latin America - Northern,2024,2097.64
Samsung QLED TV,Africa - Southern,2023,3329.39
Ninja Air Fryer,Latin America - Central,2019,439.08
West Elm Sofa,Europe - Southern,2020,3363.24
Breville Coffee Maker,Europe - Northern,2019,959.44
Dyson V11 Vacuum,Europe - Eastern,2021,2169.03
AirPods Pro,Europe - Eastern,2024,1423.46
LG OLED TV,Africa - Southern,2019,8440.43
Roomba i7+,Latin America - Northern,2023,657.55
Adidas Ultraboost,Africa - Eastern,2024,134.59
Pottery Barn Dining Table,North America - East,2021,7166.96
Samsung Galaxy S23,Middle East - Gulf,2021,6350.99
Pottery Barn Dining Table,Asia - Southern,2024,2040.05
iPad Pro,North America - East,2019,2068.52
Ray-Ban Aviators,Europe - Eastern,2020,436.23
West Elm Sofa,Oceania - Australia,2019,7125.71
Apple Watch Series 8,Africa - Eastern,2022,791.13
Rolex Submariner,Europe - Northern,2024,60596.76
MacBook Air M2,Europe - Eastern,2024,7736.26
Ninja Air Fryer,Africa - Western,2021,56.96
Nespresso Vertuo,Europe - Western,2024,431.69
Apple Watch Series 8,Asia - Southern,2024,1804.53
LG OLED TV,Africa - Southern,2019,8440.43
Nike Air Force 1,Europe - Eastern,2021,419.54
Pottery Barn Dining Table,Asia - Southeastern,2023,1365.62
Apple Watch Series 8,Asia - Southern,2022,242.44
Ray-Ban Aviators,Europe - Eastern,2021,504.39
Dyson V11 Vacuum,Africa - Western,2024,1400.34
Google Pixel 7,Europe - Southern,2024,3316.58
GoPro Hero 11,Latin America - Northern,2019,1303.73
KitchenAid Mixer,Africa - Eastern,2020,1297.51
Vitamix Blender,Europe - Eastern,2021,546.46
AirPods Pro,Middle East - Levant,2019,1585.5
Adidas Ultraboost,Europe - Eastern,2021,93.75
KitchenAid Mixer,Europe - Eastern,2024,1738.82
Nintendo Switch OLED,Europe - Western,2019,1426.53
Herman Miller Chair,Africa - Eastern,2022,4288.36
MacBook Air M2,Middle East - Gulf,2020,4674.89
Ninja Air Fryer,Oceania - New Zealand,2022,402.91
West Elm Sofa,Latin America - Northern,2024,9003.4
Ray-Ban Aviators,North America - Central,2019,265.17
iPhone 14 Pro,Latin America - Northern,2020,2047.46
AirPods Pro,North America - East,2020,2248.44
GoPro Hero 11,Europe - Western,2020,1093.92
Microsoft Surface Pro,Middle East - Gulf,2023,15718.79
iPad Pro,Middle East - Levant,2020,2847.46
Dell XPS 13,Africa - Western,2019,3769.52
Pottery Barn Dining Table,Africa - Eastern,2021,2506.85
Nike Air Force 1,Asia - Southern,2019,182.68
Nespresso Vertuo,Africa - Southern,2024,868.9
Samsung Galaxy S23,Asia - Southeastern,2024,6927.42
GoPro Hero 11,North America - East,2024,2345.03
Apple Watch Series 8,North America - East,2021,508.07
Dyson V11 Vacuum,Latin America - Central,2020,1767.49
iPad Pro,Europe - Eastern,2019,7632.24
iPhone 14 Pro,Oceania - New Zealand,2020,2192.17
Nike Air Force 1,North America - Central,2024,575.9
Roomba i7+,Asia - Southeastern,2024,4865.82
Google Pixel 7,Africa - Southern,2024,4722.72
Rolex Submariner,Latin America - Southern,2023,25840.26
Tempur-Pedic Mattress,Latin America - Central,2024,5675.96
Nespresso Vertuo,North America - East,2020,559.34
Breville Coffee Maker,Middle East - Levant,2019,477.82
Samsung Galaxy S23,Oceania - Australia,2020,5331.59
Xbox Series X,Latin America - Northern,2023,1359.76
Tempur-Pedic Mattress,Europe - Western,2023,4173.27
Roomba i7+,Asia - Southern,2023,3454.84
Google Pixel 7,Middle East - Gulf,2020,3473.77
Xbox Series X,Europe - Southern,2022,539.09
PlayStation 5,Africa - Eastern,2024,1595.26
Lululemon Align Leggings,Europe - Western,2024,434.32
Canon EOS R6,North America - East,2024,20688.3
Sony WH-1000XM5,Africa - Southern,2019,1597.08
IKEA Billy Bookcase,Europe - Northern,2023,98.45
Dell XPS 13,Middle East - Levant,2019,5710.14
Levi's 501 Jeans,Asia - Southeastern,2020,37.09
Breville Coffee Maker,Europe - Eastern,2022,1660.36
Rolex Submariner,Europe - Western,2023,19124.18
Nintendo Switch OLED,Asia - Southeastern,2024,2650.62
Apple Watch Series 8,Africa - Eastern,2019,890.53
Samsung QLED TV,Europe - Southern,2020,2595.78
Nike Air Force 1,Europe - Eastern,2021,419.54
West Elm Sofa,Europe - Northern,2019,4930.67
Vitamix Blender,Latin America - Central,2021,1314.24
Lululemon Align Leggings,Africa - Southern,2019,30.01
Ray-Ban Aviators,Oceania - Australia,2020,386.49
Adidas Ultraboost,Oceania - New Zealand,2023,162.58
LG OLED TV,Latin America - Northern,2021,5690.13
Herman Miller Chair,Middle East - Levant,2024,1237.87
Tempur-Pedic Mattress,Asia - Southern,2020,8671.82
Ninja Air Fryer,North America - East,2020,615.0
Instant Pot Pro,Middle East - Levant,2019,294.45
KitchenAid Mixer,Europe - Eastern,2024,1738.82
Vitamix Blender,Europe - Eastern,2023,2314.54
KitchenAid Mixer,Latin America - Southern,2021,1063.98
iPad Pro,Europe - Western,2019,4759.12
Nintendo Switch OLED,Europe - Southern,2019,1814.66
Ninja Air Fryer,Oceania - Australia,2024,1161.72
PlayStation 5,Africa - Western,2019,1163.88
iPad Pro,North America - East,2020,5404.42
Roomba i7+,Asia - Southern,2022,2400.5
KitchenAid Mixer,Asia - Southeastern,2019,483.0
AirPods Pro,Middle East - Gulf,2020,656.26
Levi's 501 Jeans,North America - West,2023,472.8
Nike Air Force 1,Oceania - Australia,2022,70.74
Pottery Barn Dining Table,Latin America - Central,2022,679.55
PlayStation 5,Asia - Southeastern,2020,2011.68
Ninja Air Fryer,Europe - Western,2020,229.27
GoPro Hero 11,Africa - Southern,2024,849.32
Sony WH-1000XM5,Africa - Western,2020,1665.13
GoPro Hero 11,Europe - Eastern,2019,746.65
Ray-Ban Aviators,Latin America - Northern,2021,163.99
Pottery Barn Dining Table,Oceania - Australia,2024,10743.44
Apple Watch Series 8,Europe - Western,2023,2543.67
LG OLED TV,Europe - Eastern,2022,2371.92
Herman Miller Chair,Latin America - Southern,2020,672.49
AirPods Pro,Africa - Southern,2019,1300.6
Nespresso Vertuo,Africa - Eastern,2022,786.8
Lululemon Align Leggings,Europe - Western,2024,434.32
Samsung QLED TV,Oceania - New Zealand,2020,7433.59
Dyson V11 Vacuum,Asia - Southeastern,2024,2358.8
Adidas Ultraboost,Oceania - New Zealand,2020,925.52
Levi's 501 Jeans,North America - East,2019,267.98
Lululemon Align Leggings,Africa - Southern,2023,91.68
IKEA Billy Bookcase,Asia - Southeastern,2019,259.47
Canon EOS R6,Europe - Western,2019,3089.39
Pottery Barn Dining Table,Europe - Western,2022,6899.47
Nespresso Vertuo,North America - East,2023,241.98
Google Pixel 7,Latin America - Southern,2023,446.36
Roomba i7+,Middle East - Gulf,2021,604.86
Vitamix Blender,Africa - Eastern,2024,1329.84
LG OLED TV,Middle East - Levant,2022,11854.47
Adidas Ultraboost,Africa - Eastern,2023,438.6
Roomba i7+,Asia - Southeastern,2023,3583.94
Samsung QLED TV,Asia - Southern,2019,758.87
Ray-Ban Aviators,North America - East,2023,1072.08
Samsung Galaxy S23,Asia - Southeastern,2023,5341.82
Breville Coffee Maker,North America - East,2024,1740.53
IKEA Billy Bookcase,Africa - Eastern,2024,380.28
Adidas Ultraboost,Africa - Western,2024,296.32
Nike Air Force 1,Africa - Eastern,2022,194.0
iPhone 14 Pro,Latin America - Central,2019,3012.45
Apple Watch Series 8,Middle East - Levant,2021,981.46
IKEA Billy Bookcase,Oceania - Australia,2019,566.3
Xbox Series X,Asia - Southeastern,2023,1367.3
PlayStation 5,North America - East,2022,1246.36
Herman Miller Chair,Asia - Southeastern,2021,6511.96
Lululemon Align Leggings,Europe - Eastern,2019,377.53
Lululemon Align Leggings,North America - Central,2020,210.65
Nespresso Vertuo,Asia - Eastern,2019,305.92
IKEA Billy Bookcase,Latin America - Northern,2023,90.78
West Elm Sofa,North America - Central,2022,3486.33
Canon EOS R6,Oceania - Australia,2023,13155.4
Adidas Ultraboost,Middle East - Gulf,2020,670.18
Rolex Submariner,Latin America - Northern,2022,4002.51
PlayStation 5,Latin America - Central,2020,1682.09
GoPro Hero 11,Latin America - Southern,2019,1007.22
Instant Pot Pro,Latin America - Central,2019,189.91
Tempur-Pedic Mattress,Latin America - Northern,2020,4331.93
AirPods Pro,Europe - Northern,2023,354.32
PlayStation 5,Oceania - New Zealand,2024,1619.61
Google Pixel 7,Latin America - Central,2020,1528.87
Adidas Ultraboost,Oceania - New Zealand,2022,1212.82
MacBook Air M2,Oceania - Australia,2021,9824.88
Levi's 501 Jeans,Europe - Eastern,2021,97.25
Ray-Ban Aviators,Europe - Northern,2019,451.52
PlayStation 5,Africa - Southern,2019,1549.88
MacBook Air M2,Africa - Western,2021,5820.08
Nike Air Force 1,North America - East,2020,66.45
Dyson V11 Vacuum,Oceania - Australia,2023,622.86
Samsung QLED TV,Europe - Southern,2021,2954.56
Dyson V11 Vacuum,Asia - Eastern,2022,500.23
AirPods Pro,Oceania - New Zealand,2023,1797.67
Pottery Barn Dining Table,Oceania - Australia,2021,6034.55
Xbox Series X,Europe - Western,2023,2615.45
KitchenAid Mixer,North America - West,2022,1702.45
LG OLED TV,Europe - Northern,2021,8386.84
PlayStation 5,Latin America - Central,2019,574.33
Xbox Series X,Europe - Western,2021,1845.99
Vitamix Blender,Europe - Southern,2020,297.49
MacBook Air M2,North America - Central,2023,7579.59
Levi's 501 Jeans,Europe - Northern,2021,336.32
Adidas Ultraboost,Middle East - Gulf,2021,896.92
Canon EOS R6,North America - West,2019,6034.84
Pottery Barn Dining Table,Asia - Southern,2023,7174.93
Roomba i7+,Middle East - Levant,2024,4419.35
Instant Pot Pro,Asia - Southeastern,2021,574.79
Tempur-Pedic Mattress,Africa - Western,2021,5194.35
GoPro Hero 11,Latin America - Northern,2020,1433.47
Google Pixel 7,Latin America - Northern,2021,381.41
Ninja Air Fryer,Middle East - Levant,2021,558.98
iPhone 14 Pro,Europe - Southern,2021,5810.46
Roomba i7+,Asia - Southeastern,2019,3945.39
Tempur-Pedic Mattress,Europe - Southern,2022,9987.08
Sony WH-1000XM5,Europe - Northern,2020,1004.6
Nike Air Force 1,Europe - Eastern,2021,419.54
Levi's 501 Jeans,North America - East,2021,228.31
Xbox Series X,North America - Central,2023,3967.78
Canon EOS R6,Africa - Southern,2019,11017.78
IKEA Billy Bookcase,Asia - Eastern,2024,467.35
MacBook Air M2,Oceania - New Zealand,2022,9956.43
iPad Pro,Asia - Southern,2024,2671.5
Herman Miller Chair,Middle East - Gulf,2021,3398.84
Herman Miller Chair,Latin America - Central,2022,3395.37
Samsung Galaxy S23,Asia - Eastern,2019,4868.64
Xbox Series X,Asia - Eastern,2020,4101.6
Xbox Series X,Africa - Western,2023,1617.27
Nespresso Vertuo,Asia - Southeastern,2019,803.84
Tempur-Pedic Mattress,Africa - Eastern,2023,6492.36
Lululemon Align Leggings,Latin America - Northern,2023,286.1
Lululemon Align Leggings,Asia - Southeastern,2023,173.47
Microsoft Surface Pro,Oceania - Australia,2021,3200.27
Nike Air Force 1,Latin America - Northern,2019,211.75
Rolex Submariner,Middle East - Levant,2021,23683.31
Dyson V11 Vacuum,Latin America - Southern,2022,2444.2
Microsoft Surface Pro,Africa - Eastern,2022,6489.17
Samsung QLED TV,North America - Central,2024,9348.05
IKEA Billy Bookcase,North America - Central,2021,327.22
AirPods Pro,Europe - Western,2023,2635.38
Rolex Submariner,Europe - Southern,2020,16764.59
Sony WH-1000XM5,Latin America - Central,2022,976.24
Nintendo Switch OLED,Africa - Eastern,2023,1112.08
Sony WH-1000XM5,Latin America - Northern,2024,2071.79
Nespresso Vertuo,Latin America - Central,2023,766.13
Vitamix Blender,Asia - Southern,2024,3069.6
West Elm Sofa,Oceania - New Zealand,2019,2330.68
GoPro Hero 11,North America - West,2021,3214.67
PlayStation 5,Asia - Southern,2019,662.06
LG OLED TV,Latin America - Central,2020,7148.59
West Elm Sofa,North America - Central,2023,11038.96
PlayStation 5,Europe - Northern,2019,2467.38
Vitamix Blender,Africa - Western,2021,1137.94
KitchenAid Mixer,Middle East - Levant,2022,1413.68
IKEA Billy Bookcase,Africa - Southern,2020,196.73
Ninja Air Fryer,Middle East - Gulf,2023,1311.5
AirPods Pro,Middle East - Gulf,2021,1415.56
Rolex Submariner,Middle East - Gulf,2019,12611.58
West Elm Sofa,Oceania - New Zealand,2022,8099.89
Levi's 501 Jeans,North America - Central,2022,367.08
Levi's 501 Jeans,North America - West,2023,472.8
Tempur-Pedic Mattress,Africa - Eastern,2023,6492.36
Herman Miller Chair,North America - Central,2022,6521.47
Ray-Ban Aviators,Africa - Eastern,2020,238.96
Rolex Submariner,Europe - Southern,2020,16764.59
Samsung QLED TV,Middle East - Gulf,2021,10489.55
IKEA Billy Bookcase,Latin America - Central,2022,284.91
Xbox Series X,Asia - Southeastern,2022,4479.73
Levi's 501 Jeans,Africa - Eastern,2019,117.74
KitchenAid Mixer,Europe - Southern,2022,1325.26
Dyson V11 Vacuum,Europe - Northern,2021,4478.46
IKEA Billy Bookcase,Africa - Western,2021,134.56
Levi's 501 Jeans,Africa - Western,2022,114.32
iPad Pro,Africa - Southern,2019,2333.31
Xbox Series X,Africa - Western,2019,470.29
KitchenAid Mixer,Africa - Southern,2024,1610.86
Ninja Air Fryer,Middle East - Levant,2022,727.22
Sony WH-1000XM5,Europe - Northern,2019,1303.95
Dell XPS 13,Europe - Northern,2023,1438.19
Tempur-Pedic Mattress,Middle East - Levant,2019,910.49
Xbox Series X,Middle East - Gulf,2021,3661.79
Canon EOS R6,Africa - Southern,2019,11017.78
Apple Watch Series 8,Middle East - Gulf,2023,1593.81
iPhone 14 Pro,Asia - Southeastern,2021,6214.65
Levi's 501 Jeans,Europe - Eastern,2022,261.65
Nespresso Vertuo,Oceania - New Zealand,2021,390.72
Samsung Galaxy S23,Asia - Eastern,2022,4708.1
PlayStation 5,North America - West,2023,2139.21
MacBook Air M2,Asia - Southeastern,2024,9922.31
Ninja Air Fryer,Asia - Southeastern,2023,1047.85
Nespresso Vertuo,Middle East - Levant,2020,556.61
Google Pixel 7,Asia - Southeastern,2024,1014.17
Dell XPS 13,North America - West,2020,6193.44
AirPods Pro,Europe - Southern,2020,950.55
Vitamix Blender,Oceania - Australia,2023,3039.91
AirPods Pro,North America - East,2023,659.92
Lululemon Align Leggings,Latin America - Northern,2019,100.9
LG OLED TV,Oceania - New Zealand,2022,10339.3
Levi's 501 Jeans,Africa - Western,2020,32.56
PlayStation 5,Oceania - New Zealand,2019,546.1
Instant Pot Pro,Europe - Northern,2022,552.31
Adidas Ultraboost,Oceania - New Zealand,2020,925.52
Dell XPS 13,Africa - Southern,2020,1337.83
Rolex Submariner,Europe - Northern,2019,24321.98
Apple Watch Series 8,Africa - Southern,2020,1153.12
Levi's 501 Jeans,Europe - Northern,2019,360.81
Nintendo Switch OLED,Africa - Western,2020,361.97
Roomba i7+,Europe - Northern,2021,3568.25
KitchenAid Mixer,Europe - Eastern,2024,1738.82
Dell XPS 13,Oceania - New Zealand,2020,3902.16
PlayStation 5,Middle East - Gulf,2024,4763.41
Breville Coffee Maker,Africa - Western,2023,1235.79
Xbox Series X,Africa - Southern,2024,3252.92
Nespresso Vertuo,North America - West,2021,1002.24
West Elm Sofa,Oceania - New Zealand,2022,8099.89
PlayStation 5,Middle East - Levant,2022,4120.39
Nike Air Force 1,Europe - Northern,2024,560.13
IKEA Billy Bookcase,North America - Central,2024,435.89
iPhone 14 Pro,Latin America - Northern,2024,3973.46
Canon EOS R6,Africa - Eastern,2024,3050.88
iPad Pro,Africa - Western,2022,2346.86
Ninja Air Fryer,Middle East - Levant,2021,558.98
Vitamix Blender,Oceania - Australia,2023,3039.91
Ninja Air Fryer,Latin America - Southern,2024,747.54
Nespresso Vertuo,Asia - Southeastern,2021,646.53
IKEA Billy Bookcase,Africa - Southern,2023,186.6
Samsung QLED TV,Latin America - Northern,2019,894.49
Nespresso Vertuo,Africa - Southern,2022,1006.5
West Elm Sofa,Europe - Western,2024,6653.45
iPad Pro,Latin America - Southern,2023,4635.47
West Elm Sofa,Europe - Northern,2019,4930.67
Apple Watch Series 8,Middle East - Levant,2021,981.46
West Elm Sofa,Asia - Eastern,2024,16357.26
Roomba i7+,North America - East,2024,3454.51
Xbox Series X,Africa - Western,2024,1680.59
Nintendo Switch OLED,Latin America - Northern,2022,242.42
Herman Miller Chair,North America - East,2019,5090.42
IKEA Billy Bookcase,North America - Central,2020,139.6
MacBook Air M2,Europe - Eastern,2023,1333.69
Adidas Ultraboost,Oceania - New Zealand,2021,873.58
GoPro Hero 11,North America - West,2020,2451.36
Nike Air Force 1,Africa - Western,2022,235.3
MacBook Air M2,Asia - Eastern,2024,6746.5
Levi's 501 Jeans,Europe - Southern,2020,358.32
Canon EOS R6,Latin America - Northern,2019,9968.79
Rolex Submariner,Latin America - Northern,2023,3831.26
Roomba i7+,Middle East - Levant,2021,1861.91
Instant Pot Pro,Africa - Southern,2023,108.36
IKEA Billy Bookcase,Europe - Northern,2024,113.94
KitchenAid Mixer,Middle East - Gulf,2022,1760.95
Breville Coffee Maker,Latin America - Northern,2021,931.52
Google Pixel 7,Europe - Northern,2022,2144.01
Ninja Air Fryer,Latin America - Central,2019,439.08
Roomba i7+,North America - East,2021,6300.96
West Elm Sofa,Europe - Western,2019,2707.02
iPhone 14 Pro,Latin America - Central,2020,2989.31
iPhone 14 Pro,Middle East - Gulf,2019,3187.74
Rolex Submariner,Africa - Eastern,2024,25225.08
Rolex Submariner,Middle East - Gulf,2021,53964.22
IKEA Billy Bookcase,Europe - Northern,2022,137.94
Canon EOS R6,Oceania - Australia,2019,9533.68
Lululemon Align Leggings,Europe - Northern,2020,144.49
Ninja Air Fryer,Asia - Eastern,2022,259.6
Ninja Air Fryer,Asia - Southeastern,2022,1010.43
GoPro Hero 11,Europe - Southern,2024,2324.83
GoPro Hero 11,Latin America - Southern,2020,252.71
Vitamix Blender,Asia - Southeastern,2021,338.69
Dyson V11 Vacuum,Latin America - Northern,2021,1012.33
Google Pixel 7,Europe - Western,2020,2442.76
iPad Pro,Latin America - Northern,2024,7698.76
Tempur-Pedic Mattress,Latin America - Central,2022,4770.34
Tempur-Pedic Mattress,Asia - Southeastern,2020,4118.67
PlayStation 5,North America - East,2024,1448.31
Tempur-Pedic Mattress,Latin America - Central,2024,5675.96
Nespresso Vertuo,Latin America - Southern,2020,838.32
Xbox Series X,Middle East - Gulf,2019,1425.8
Microsoft Surface Pro,Europe - Eastern,2019,6661.53
Dyson V11 Vacuum,Oceania - Australia,2020,2670.72
Samsung Galaxy S23,North America - Central,2021,1567.35
Lululemon Align Leggings,Europe - Eastern,2024,351.16
Canon EOS R6,Latin America - Central,2019,9381.21
Samsung Galaxy S23,Latin America - Northern,2023,3652.24
Roomba i7+,Africa - Southern,2023,3734.25
Adidas Ultraboost,Latin America - Central,2022,398.57
AirPods Pro,Africa - Western,2024,1520.91
Ray-Ban Aviators,Latin America - Central,2022,220.62
Samsung Galaxy S23,Africa - Southern,2024,3729.0
Ray-Ban Aviators,Oceania - New Zealand,2020,546.14
Sony WH-1000XM5,Middle East - Levant,2024,2293.22
Google Pixel 7,Oceania - Australia,2023,4707.61
Nespresso Vertuo,Latin America - Central,2022,118.84
Ninja Air Fryer,Europe - Southern,2019,817.82
Herman Miller Chair,North America - East,2019,5090.42
Lululemon Align Leggings,Latin America - Southern,2020,206.52
Nike Air Force 1,Europe - Southern,2024,54.92
Samsung Galaxy S23,Africa - Eastern,2021,3945.01
Apple Watch Series 8,North America - West,2019,1505.09
Samsung QLED TV,Europe - Eastern,2020,3420.78
GoPro Hero 11,North America - East,2022,4445.16
Google Pixel 7,Latin America - Northern,2021,381.41
MacBook Air M2,Europe - Eastern,2021,4788.36
Breville Coffee Maker,Latin America - Central,2021,155.71
Tempur-Pedic Mattress,North America - Central,2023,1939.18
Samsung QLED TV,Europe - Northern,2023,5877.06
Xbox Series X,Europe - Eastern,2023,4478.37
Lululemon Align Leggings,Asia - Eastern,2022,336.92
Ray-Ban Aviators,Africa - Western,2021,64.72
Nike Air Force 1,Europe - Eastern,2023,123.63
Herman Miller Chair,Europe - Eastern,2024,3155.16
Roomba i7+,North America - West,2020,7971.31
Nintendo Switch OLED,North America - East,2024,3157.79
Canon EOS R6,Latin America - Northern,2023,7376.91
PlayStation 5,Asia - Eastern,2021,3013.48
Breville Coffee Maker,Middle East - Levant,2020,950.26
Instant Pot Pro,Europe - Southern,2023,295.21
Rolex Submariner,Middle East - Levant,2021,23683.31
GoPro Hero 11,Europe - Eastern,2021,1661.13
GoPro Hero 11,Latin America - Northern,2020,1433.47
LG OLED TV,Africa - Western,2023,6230.47
Nike Air Force 1,Oceania - New Zealand,2020,284.99
GoPro Hero 11,Africa - Eastern,2021,929.66
LG OLED TV,Latin America - Northern,2023,8541.4
LG OLED TV,Africa - Western,2019,2436.34
Dell XPS 13,Middle East - Levant,2019,5710.14
Apple Watch Series 8,Asia - Southeastern,2022,977.83
iPad Pro,Africa - Western,2020,1763.75
Herman Miller Chair,Africa - Western,2020,3166.88
Roomba i7+,Asia - Southern,2021,3662.94
Rolex Submariner,Latin America - Northern,2024,16332.66
IKEA Billy Bookcase,Africa - Western,2021,134.56
Samsung Galaxy S23,Latin America - Southern,2019,1004.62
Nike Air Force 1,Latin America - Central,2020,154.35
GoPro Hero 11,Middle East - Gulf,2022,926.87
Roomba i7+,Europe - Western,2019,2455.97
Breville Coffee Maker,Middle East - Gulf,2024,2172.17
Nike Air Force 1,Latin America - Central,2019,191.95
Xbox Series X,Europe - Eastern,2023,4478.37
Tempur-Pedic Mattress,North America - Central,2019,5469.67
Tempur-Pedic Mattress,Europe - Western,2024,6357.09
Ninja Air Fryer,Oceania - Australia,2023,641.99
Nespresso Vertuo,Europe - Northern,2022,944.77
Rolex Submariner,North America - East,2022,43688.68
LG OLED TV,Africa - Eastern,2019,2669.18
IKEA Billy Bookcase,Europe - Western,2022,81.12
Rolex Submariner,Latin America - Southern,2022,40602.05
Nike Air Force 1,Latin America - Central,2024,254.48
Sony WH-1000XM5,Africa - Southern,2023,2708.31
Google Pixel 7,Latin America - Southern,2020,507.69
Google Pixel 7,Europe - Western,2021,3487.21
PlayStation 5,Europe - Western,2021,3322.62
Canon EOS R6,Asia - Southeastern,2024,10587.68
Ninja Air Fryer,Europe - Northern,2019,264.11
Adidas Ultraboost,North America - East,2020,425.74
Adidas Ultraboost,North America - West,2020,1039.69
iPhone 14 Pro,Europe - Northern,2024,1324.82
Pottery Barn Dining Table,Europe - Western,2021,7422.72
Levi's 501 Jeans,Europe - Western,2022,402.61
Roomba i7+,Oceania - New Zealand,2020,643.73
MacBook Air M2,Latin America - Northern,2021,753.68
Levi's 501 Jeans,North America - East,2019,267.98
Instant Pot Pro,Europe - Eastern,2022,503.63
Apple Watch Series 8,North America - Central,2020,461.85
Levi's 501 Jeans,Asia - Eastern,2022,57.94
Vitamix Blender,Europe - Northern,2024,5153.17
Adidas Ultraboost,Europe - Western,2019,660.18
Dyson V11 Vacuum,Middle East - Levant,2019,1553.92
Dyson V11 Vacuum,Oceania - Australia,2023,622.86
Nespresso Vertuo,Africa - Southern,2023,904.97
Herman Miller Chair,Europe - Southern,2022,6216.58
Tempur-Pedic Mattress,Africa - Western,2020,914.88
Instant Pot Pro,North America - West,2022,981.51
Nike Air Force 1,Asia - Eastern,2024,169.16
Rolex Submariner,Asia - Eastern,2023,13072.79
Samsung QLED TV,Middle East - Gulf,2021,10489.55
Dyson V11 Vacuum,Middle East - Gulf,2020,4224.79
GoPro Hero 11,Asia - Southeastern,2024,3153.54
West Elm Sofa,Asia - Southern,2023,8055.18
Sony WH-1000XM5,Oceania - New Zealand,2023,3691.35
Pottery Barn Dining Table,Middle East - Gulf,2023,4437.51
Nintendo Switch OLED,Middle East - Levant,2022,1703.1
Google Pixel 7,Africa - Southern,2023,1724.31
MacBook Air M2,Asia - Southeastern,2021,3293.99
KitchenAid Mixer,Oceania - New Zealand,2024,2485.84
iPhone 14 Pro,Asia - Southern,2021,5346.77
Herman Miller Chair,Latin America - Northern,2021,2279.55
KitchenAid Mixer,Oceania - Australia,2021,2523.41
Google Pixel 7,Europe - Western,2019,1339.81
Levi's 501 Jeans,Europe - Western,2022,402.61
iPad Pro,Latin America - Central,2024,5322.61
West Elm Sofa,Africa - Southern,2023,2472.7
KitchenAid Mixer,Africa - Western,2022,1094.56
iPad Pro,Middle East - Gulf,2024,4682.33
Ray-Ban Aviators,Africa - Southern,2023,305.68
Nintendo Switch OLED,Middle East - Levant,2019,227.21
Nike Air Force 1,Asia - Southern,2022,276.76
IKEA Billy Bookcase,Europe - Southern,2020,122.83
iPad Pro,North America - Central,2022,6398.2
Levi's 501 Jeans,Oceania - Australia,2019,268.12
LG OLED TV,Middle East - Gulf,2024,14000.6
Lululemon Align Leggings,Middle East - Levant,2019,68.98
Dell XPS 13,Oceania - New Zealand,2019,8125.81
Roomba i7+,Latin America - Central,2022,367.12
Pottery Barn Dining Table,Asia - Southeastern,2024,9161.38
Canon EOS R6,Asia - Southern,2019,5487.6
MacBook Air M2,Latin America - Southern,2022,3311.75
AirPods Pro,Oceania - Australia,2024,2543.52
iPad Pro,Africa - Southern,2021,3689.68
Instant Pot Pro,Middle East - Gulf,2020,861.25
Google Pixel 7,North America - East,2019,732.19
Google Pixel 7,Latin America - Central,2024,1369.73
Rolex Submariner,North America - East,2019,5220.72
Breville Coffee Maker,Asia - Southeastern,2022,172.4
Ninja Air Fryer,Africa - Eastern,2021,320.99
Breville Coffee Maker,Africa - Western,2021,1084.95
Samsung QLED TV,Latin America - Northern,2023,5560.33
Ninja Air Fryer,Oceania - Australia,2022,291.63
Nespresso Vertuo,Africa - Southern,2022,1006.5
Nike Air Force 1,North America - East,2024,339.92
MacBook Air M2,Europe - Northern,2020,4233.84
Microsoft Surface Pro,Middle East - Gulf,2023,15718.79
Canon EOS R6,Oceania - New Zealand,2019,3971.22
iPad Pro,Latin America - Southern,2023,4635.47
Ninja Air Fryer,Asia - Eastern,2021,777.89
West Elm Sofa,Middle East - Gulf,2022,5323.26
Nike Air Force 1,Asia - Southeastern,2023,420.84
Canon EOS R6,Asia - Southern,2023,9717.69
Xbox Series X,Europe - Southern,2020,2465.27
Herman Miller Chair,Europe - Eastern,2022,5007.36
PlayStation 5,Asia - Eastern,2022,1173.89
Ray-Ban Aviators,Africa - Eastern,2023,374.09
Herman Miller Chair,Asia - Eastern,2023,4435.94
Ray-Ban Aviators,Middle East - Gulf,2019,403.47
KitchenAid Mixer,Africa - Eastern,2023,896.68
Samsung QLED TV,Africa - Southern,2019,3102.83
GoPro Hero 11,Latin America - Central,2024,1127.75
Dell XPS 13,Latin America - Central,2021,581.39
Canon EOS R6,Europe - Western,2023,33924.1
Sony WH-1000XM5,North America - East,2024,5048.84
Rolex Submariner,North America - East,2020,6533.53
Microsoft Surface Pro,Asia - Eastern,2022,5742.63
Microsoft Surface Pro,North America - West,2019,8533.71
Nintendo Switch OLED,Europe - Eastern,2020,295.26
iPad Pro,North America - East,2024,8971.53
Samsung QLED TV,Middle East - Levant,2024,8125.17
iPhone 14 Pro,Middle East - Gulf,2022,10137.2
West Elm Sofa,Asia - Eastern,2021,13563.21
IKEA Billy Bookcase,Middle East - Levant,2023,61.54
Herman Miller Chair,Africa - Eastern,2020,1611.12
iPhone 14 Pro,Africa - Eastern,2021,3433.66
Adidas Ultraboost,Africa - Southern,2021,229.95
Samsung Galaxy S23,Asia - Eastern,2022,4708.1
Xbox Series X,Europe - Western,2020,936.42
Dell XPS 13,Africa - Southern,2022,6933.14
Pottery Barn Dining Table,Asia - Southern,2022,3148.92
Lululemon Align Leggings,Africa - Southern,2023,91.68
Sony WH-1000XM5,North America - East,2019,3560.34
Ninja Air Fryer,Europe - Southern,2024,1076.19
Nintendo Switch OLED,North America - Central,2020,2718.66
Google Pixel 7,Asia - Eastern,2021,4864.97
IKEA Billy Bookcase,Oceania - New Zealand,2024,69.98
Nintendo Switch OLED,Asia - Eastern,2022,2392.07
Lululemon Align Leggings,North America - East,2022,230.82
Nike Air Force 1,Africa - Eastern,2024,148.41
Dell XPS 13,North America - East,2024,2048.23
Nespresso Vertuo,Europe - Eastern,2019,104.82
Pottery Barn Dining Table,Latin America - Central,2022,679.55
Nespresso Vertuo,Oceania - Australia,2021,1422.4
Adidas Ultraboost,North America - Central,2019,167.83
Apple Watch Series 8,North America - West,2019,1505.09
Instant Pot Pro,Asia - Southeastern,2021,574.79
Xbox Series X,Middle East - Levant,2023,3988.86
Nike Air Force 1,Oceania - New Zealand,2021,136.83
Dell XPS 13,Asia - Southern,2023,6201.98
Adidas Ultraboost,Oceania - Australia,2020,195.67
Google Pixel 7,Europe - Northern,2024,1962.36
AirPods Pro,Europe - Eastern,2022,2226.32
Dyson V11 Vacuum,Latin America - Northern,2019,1107.78
Samsung QLED TV,Asia - Southern,2022,6704.53
Microsoft Surface Pro,North America - West,2020,1738.65
Herman Miller Chair,Latin America - Southern,2022,2875.21
LG OLED TV,North America - West,2024,22534.36
Microsoft Surface Pro,North America - Central,2020,9493.98
Breville Coffee Maker,Europe - Western,2019,492.63
Levi's 501 Jeans,Middle East - Gulf,2021,50.21
Samsung QLED TV,Latin America - Central,2021,2758.55
MacBook Air M2,Latin America - Central,2024,6326.9
iPhone 14 Pro,Middle East - Gulf,2024,12353.8
PlayStation 5,Africa - Eastern,2023,1546.79
Rolex Submariner,Europe - Eastern,2021,21601.94
Instant Pot Pro,Middle East - Gulf,2019,177.91
Lululemon Align Leggings,Latin America - Central,2022,199.03
Roomba i7+,North America - East,2023,8663.02
iPhone 14 Pro,Europe - Northern,2022,7545.63
AirPods Pro,Europe - Northern,2020,485.57
GoPro Hero 11,Europe - Northern,2023,2801.56
MacBook Air M2,Europe - Northern,2021,10056.7
Pottery Barn Dining Table,Africa - Southern,2024,4104.28
Sony WH-1000XM5,Asia - Eastern,2022,1454.92
West Elm Sofa,Oceania - Australia,2021,7311.59
Xbox Series X,Europe - Southern,2023,3751.83
Microsoft Surface Pro,Europe - Western,2024,12837.07
Microsoft Surface Pro,North America - Central,2022,3489.57
Nintendo Switch OLED,Latin America - Southern,2020,925.52
GoPro Hero 11,North America - East,2024,2345.03
Xbox Series X,Oceania - Australia,2023,4155.22
Lululemon Align Leggings,Middle East - Levant,2023,181.96
Samsung QLED TV,North America - West,2023,11172.24
Nintendo Switch OLED,Africa - Western,2020,361.97
Adidas Ultraboost,Middle East - Gulf,2024,1419.81
Google Pixel 7,Oceania - New Zealand,2022,6027.59
LG OLED TV,Asia - Eastern,2019,7487.76
AirPods Pro,Africa - Southern,2022,477.6
Instant Pot Pro,North America - West,2023,1381.54
Dyson V11 Vacuum,Latin America - Northern,2019,1107.78
Apple Watch Series 8,Africa - Southern,2023,1457.22
Ninja Air Fryer,Middle East - Levant,2023,366.55
Instant Pot Pro,Latin America - Northern,2019,57.72
Pottery Barn Dining Table,Europe - Northern,2019,3731.72
Nike Air Force 1,Oceania - New Zealand,2024,230.68
Roomba i7+,Europe - Western,2021,7910.45
Sony WH-1000XM5,North America - East,2022,4309.27
Samsung Galaxy S23,Europe - Western,2019,2746.21
Pottery Barn Dining Table,Oceania - New Zealand,2019,4218.29
LG OLED TV,Latin America - Southern,2019,4958.33
Microsoft Surface Pro,Europe - Eastern,2020,7571.31
Google Pixel 7,Latin America - Central,2019,1284.04
Apple Watch Series 8,Europe - Southern,2019,813.83
KitchenAid Mixer,Africa - Eastern,2020,1297.51
PlayStation 5,Latin America - Central,2023,2100.83
Xbox Series X,Europe - Eastern,2021,1279.59
Levi's 501 Jeans,Middle East - Gulf,2020,114.31
Apple Watch Series 8,Europe - Southern,2022,2148.45
Ray-Ban Aviators,Middle East - Levant,2022,75.82
MacBook Air M2,North America - Central,2024,12445.82
Levi's 501 Jeans,Middle East - Levant,2020,334.3
Dyson V11 Vacuum,Latin America - Northern,2021,1012.33
Sony WH-1000XM5,Middle East - Levant,2022,2171.73
Ray-Ban Aviators,Middle East - Gulf,2020,673.88
Ray-Ban Aviators,Africa - Western,2023,243.08
KitchenAid Mixer,North America - West,2023,868.67
Pottery Barn Dining Table,Europe - Northern,2022,7582.31
IKEA Billy Bookcase,Europe - Western,2019,422.99
Dell XPS 13,North America - West,2020,6193.44
IKEA Billy Bookcase,Africa - Western,2023,323.31
Samsung QLED TV,North America - Central,2024,9348.05
Xbox Series X,Latin America - Northern,2020,569.41
Nespresso Vertuo,Oceania - New Zealand,2023,573.93
iPad Pro,Asia - Southern,2024,2671.5
Levi's 501 Jeans,Asia - Eastern,2023,518.34
Xbox Series X,Oceania - Australia,2024,1535.89
Ninja Air Fryer,Asia - Eastern,2023,324.43
Canon EOS R6,North America - East,2023,31537.73
Instant Pot Pro,Europe - Western,2020,449.58
Xbox Series X,Asia - Southeastern,2022,4479.73
Samsung QLED TV,Latin America - Northern,2024,6553.47
Google Pixel 7,North America - West,2019,3576.65
Herman Miller Chair,Middle East - Gulf,2019,8621.08
Samsung QLED TV,North America - West,2024,2056.76
Pottery Barn Dining Table,North America - West,2023,3223.88
Sony WH-1000XM5,North America - East,2021,3301.01
Vitamix Blender,Europe - Northern,2024,5153.17
Instant Pot Pro,Asia - Southern,2019,561.77
Roomba i7+,Europe - Western,2022,4684.23
Adidas Ultraboost,Europe - Eastern,2019,825.12
AirPods Pro,Africa - Southern,2023,1430.85
Google Pixel 7,Europe - Northern,2024,1962.36
PlayStation 5,Europe - Western,2020,2589.63
PlayStation 5,Europe - Southern,2024,750.62
Vitamix Blender,North America - Central,2023,1829.23
Nintendo Switch OLED,Europe - Eastern,2022,2282.48
Vitamix Blender,Oceania - New Zealand,2020,806.9
LG OLED TV,Africa - Western,2023,6230.47
Pottery Barn Dining Table,Latin America - Northern,2022,2666.53
iPad Pro,Middle East - Levant,2022,768.93
Microsoft Surface Pro,Oceania - Australia,2023,2343.51
Canon EOS R6,Latin America - Central,2021,11464.97
LG OLED TV,Asia - Eastern,2024,7806.62
Lululemon Align Leggings,Africa - Western,2022,312.16
Herman Miller Chair,North America - Central,2019,2893.04
Rolex Submariner,North America - West,2020,32496.54
Sony WH-1000XM5,Middle East - Gulf,2019,2546.42
IKEA Billy Bookcase,Asia - Southern,2024,123.29
Instant Pot Pro,North America - West,2024,329.91
Nespresso Vertuo,Africa - Western,2020,537.09
Vitamix Blender,North America - West,2021,3645.58
Ninja Air Fryer,Europe - Northern,2020,590.09
Roomba i7+,North America - Central,2020,569.65
LG OLED TV,Africa - Southern,2022,4653.8
Vitamix Blender,North America - West,2022,884.21
MacBook Air M2,Oceania - New Zealand,2023,9519.34
MacBook Air M2,Middle East - Levant,2019,4548.03
Google Pixel 7,North America - East,2021,6432.24
Nespresso Vertuo,North America - East,2021,1766.07
Roomba i7+,Asia - Eastern,2020,4785.52
Breville Coffee Maker,Latin America - Southern,2023,509.6
Instant Pot Pro,Latin America - Central,2020,248.21
Nike Air Force 1,Latin America - Central,2019,191.95
IKEA Billy Bookcase,North America - West,2022,163.72
MacBook Air M2,Europe - Eastern,2020,3059.0
MacBook Air M2,Latin America - Southern,2020,5338.95
Lululemon Align Leggings,North America - Central,2019,493.66
iPad Pro,Europe - Southern,2024,8833.07
Samsung QLED TV,North America - East,2022,1792.74
Google Pixel 7,Oceania - New Zealand,2021,1321.56
Nintendo Switch OLED,North America - West,2021,2964.84
Adidas Ultraboost,Latin America - Southern,2021,373.34
Samsung QLED TV,Africa - Southern,2019,3102.83
Microsoft Surface Pro,Middle East - Levant,2022,955.41
Pottery Barn Dining Table,Europe - Southern,2022,10691.74
West Elm Sofa,Asia - Southern,2022,5237.04
LG OLED TV,Oceania - Australia,2022,5255.95
Vitamix Blender,Middle East - Gulf,2022,2953.32
MacBook Air M2,Africa - Western,2020,4168.23
Ray-Ban Aviators,Asia - Eastern,2022,328.11
Breville Coffee Maker,Africa - Eastern,2022,421.5
iPad Pro,North America - Central,2019,8536.73
Rolex Submariner,Asia - Eastern,2022,10280.1
Nespresso Vertuo,Europe - Northern,2022,944.77
Nike Air Force 1,Africa - Southern,2021,215.01
AirPods Pro,North America - Central,2020,627.64
iPhone 14 Pro,Europe - Southern,2023,6409.06
Rolex Submariner,Africa - Western,2023,34725.71
Microsoft Surface Pro,Europe - Western,2024,12837.07
Samsung Galaxy S23,Oceania - New Zealand,2019,1749.12
Rolex Submariner,Asia - Eastern,2019,40550.36
Herman Miller Chair,Europe - Western,2022,10946.52
Pottery Barn Dining Table,Africa - Eastern,2019,3533.25
Dell XPS 13,Africa - Southern,2022,6933.14
Dyson V11 Vacuum,Africa - Western,2023,1164.28
Dyson V11 Vacuum,North America - West,2019,3426.93
iPhone 14 Pro,Oceania - New Zealand,2019,3324.99
West Elm Sofa,Europe - Northern,2022,5597.12
Ray-Ban Aviators,Asia - Southern,2022,211.97
AirPods Pro,Europe - Eastern,2020,1240.26
Dell XPS 13,Europe - Eastern,2023,7262.1
KitchenAid Mixer,Oceania - Australia,2019,1342.43
Adidas Ultraboost,Europe - Northern,2024,155.2
Microsoft Surface Pro,Latin America - Northern,2024,5214.36
Herman Miller Chair,Middle East - Gulf,2022,2132.37
Canon EOS R6,Europe - Northern,2022,25718.1
LG OLED TV,Africa - Southern,2022,4653.8
Xbox Series X,Europe - Southern,2024,1153.46
Xbox Series X,Asia - Eastern,2022,463.01
IKEA Billy Bookcase,Latin America - Central,2023,411.59
Nike Air Force 1,Europe - Western,2024,864.81
Nespresso Vertuo,Oceania - Australia,2024,1175.26
AirPods Pro,Europe - Southern,2023,485.94
Microsoft Surface Pro,Africa - Western,2023,4306.27
Xbox Series X,Africa - Southern,2021,746.07
Pottery Barn Dining Table,Latin America - Southern,2023,8220.13
PlayStation 5,Middle East - Gulf,2022,3125.25
Vitamix Blender,Asia - Eastern,2021,657.65
Microsoft Surface Pro,Latin America - Northern,2020,6291.46
Samsung Galaxy S23,Africa - Eastern,2024,4554.6
Adidas Ultraboost,Europe - Southern,2021,503.59
AirPods Pro,Oceania - Australia,2022,1902.4
IKEA Billy Bookcase,Oceania - Australia,2023,317.58
Adidas Ultraboost,Latin America - Southern,2020,387.76
Tempur-Pedic Mattress,Latin America - Central,2024,5675.96
Ninja Air Fryer,Latin America - Central,2023,292.11
West Elm Sofa,Latin America - Northern,2022,1718.99
Sony WH-1000XM5,Latin America - Southern,2021,2543.32
LG OLED TV,Oceania - New Zealand,2024,10149.76
Dell XPS 13,North America - Central,2023,9128.08
Ninja Air Fryer,Middle East - Levant,2023,366.55
Nike Air Force 1,North America - West,2023,99.93
Nespresso Vertuo,Africa - Western,2021,547.58
Nespresso Vertuo,Asia - Eastern,2020,260.27
Breville Coffee Maker,Middle East - Gulf,2022,456.0
Rolex Submariner,Africa - Southern,2022,30848.71
Microsoft Surface Pro,Asia - Southeastern,2021,1355.16
KitchenAid Mixer,Europe - Western,2023,1390.42
Nintendo Switch OLED,Middle East - Levant,2024,669.7
Nespresso Vertuo,Africa - Southern,2021,269.63
KitchenAid Mixer,Middle East - Levant,2023,1341.95
Pottery Barn Dining Table,North America - West,2022,10234.42
Tempur-Pedic Mattress,Africa - Eastern,2020,4538.28
Nike Air Force 1,North America - West,2022,439.72
PlayStation 5,Europe - Northern,2024,613.03
Levi's 501 Jeans,Latin America - Southern,2023,49.62
Pottery Barn Dining Table,North America - Central,2020,3436.88
IKEA Billy Bookcase,Latin America - Northern,2023,90.78
West Elm Sofa,Latin America - Southern,2023,2407.19
Vitamix Blender,Africa - Southern,2020,191.6
Sony WH-1000XM5,Europe - Western,2019,399.93
MacBook Air M2,Asia - Eastern,2024,6746.5
Lululemon Align Leggings,Asia - Eastern,2021,72.85
GoPro Hero 11,Africa - Western,2022,727.56
MacBook Air M2,Asia - Eastern,2024,6746.5
Sony WH-1000XM5,Africa - Eastern,2022,707.08
Ninja Air Fryer,Latin America - Southern,2024,747.54
PlayStation 5,Asia - Southeastern,2021,2244.33
Instant Pot Pro,Africa - Southern,2019,457.57
LG OLED TV,Latin America - Northern,2020,4107.62
Google Pixel 7,Europe - Western,2020,2442.76
Roomba i7+,Asia - Eastern,2022,3898.36
KitchenAid Mixer,Middle East - Gulf,2022,1760.95
Nike Air Force 1,Asia - Southeastern,2021,414.46
Levi's 501 Jeans,Africa - Eastern,2019,117.74
LG OLED TV,Latin America - Northern,2020,4107.62
Instant Pot Pro,North America - West,2022,981.51
West Elm Sofa,Latin America - Northern,2021,9081.37
Canon EOS R6,Europe - Eastern,2023,19307.71
Ray-Ban Aviators,North America - West,2023,723.9
KitchenAid Mixer,Asia - Southeastern,2021,2209.1
Nespresso Vertuo,Europe - Eastern,2020,384.26
PlayStation 5,North America - East,2019,3573.25
West Elm Sofa,Asia - Eastern,2024,16357.26
Nintendo Switch OLED,Europe - Northern,2021,1363.07
iPad Pro,Africa - Eastern,2024,792.06
Adidas Ultraboost,Africa - Southern,2019,405.1
Xbox Series X,Latin America - Central,2020,1801.61
AirPods Pro,North America - East,2024,1314.17
Samsung QLED TV,Africa - Western,2022,760.53
Dyson V11 Vacuum,Africa - Southern,2023,1592.6
Google Pixel 7,Oceania - Australia,2019,4229.16
Tempur-Pedic Mattress,North America - East,2022,21473.83
Levi's 501 Jeans,North America - East,2024,545.36
iPad Pro,Asia - Southern,2022,4475.02
Adidas Ultraboost,Asia - Eastern,2019,428.09
Dell XPS 13,North America - Central,2023,9128.08
Vitamix Blender,Africa - Eastern,2024,1329.84
GoPro Hero 11,Asia - Southern,2022,1156.24
Google Pixel 7,Asia - Southeastern,2022,4187.5
Nintendo Switch OLED,Latin America - Central,2024,2114.61
Nike Air Force 1,Africa - Southern,2022,71.79
AirPods Pro,Latin America - Southern,2024,760.35
Microsoft Surface Pro,Africa - Eastern,2020,2200.92
Vitamix Blender,North America - West,2019,1255.38
Xbox Series X,Latin America - Northern,2019,2106.01
AirPods Pro,Europe - Eastern,2021,861.9
Nintendo Switch OLED,Europe - Eastern,2022,2282.48
Herman Miller Chair,Latin America - Northern,2021,2279.55
Nespresso Vertuo,Europe - Western,2024,431.69
iPhone 14 Pro,Europe - Northern,2023,7207.2
Adidas Ultraboost,Africa - Eastern,2019,157.68
AirPods Pro,Europe - Northern,2024,2266.72
Xbox Series X,Asia - Southern,2023,3039.66
Microsoft Surface Pro,Europe - Western,2024,12837.07
Xbox Series X,Oceania - New Zealand,2022,4913.53
GoPro Hero 11,Africa - Southern,2021,498.52
PlayStation 5,Africa - Western,2020,255.81
iPhone 14 Pro,Asia - Eastern,2019,3039.66
Dyson V11 Vacuum,Latin America - Southern,2019,1581.0
Ray-Ban Aviators,Latin America - Central,2021,65.15
Canon EOS R6,Latin America - Northern,2019,9968.79
iPad Pro,Africa - Western,2023,1412.24
Nintendo Switch OLED,North America - Central,2020,2718.66
Herman Miller Chair,Latin America - Southern,2020,672.49
Roomba i7+,North America - Central,2020,569.65
Canon EOS R6,Africa - Western,2022,6609.66
Samsung Galaxy S23,Oceania - New Zealand,2021,3862.09
West Elm Sofa,Europe - Northern,2019,4930.67
Ray-Ban Aviators,Middle East - Levant,2024,423.87
Instant Pot Pro,Africa - Southern,2020,427.19
PlayStation 5,Latin America - Southern,2022,2484.63
West Elm Sofa,North America - Central,2019,5386.42
Apple Watch Series 8,North America - East,2019,2044.14
Nintendo Switch OLED,Oceania - New Zealand,2021,1256.74
Adidas Ultraboost,Middle East - Gulf,2024,1419.81
Rolex Submariner,Europe - Southern,2023,9468.04
Apple Watch Series 8,Asia - Southeastern,2021,346.02
Samsung Galaxy S23,Europe - Eastern,2019,4244.8
Ninja Air Fryer,Middle East - Gulf,2021,1051.37
Herman Miller Chair,Oceania - New Zealand,2019,6988.15
Pottery Barn Dining Table,Africa - Eastern,2023,4986.28
Ninja Air Fryer,North America - Central,2019,274.56
Ray-Ban Aviators,Europe - Southern,2024,766.3
AirPods Pro,North America - East,2022,2517.15
LG OLED TV,North America - West,2020,5575.39
Apple Watch Series 8,Latin America - Southern,2020,1139.4
Nintendo Switch OLED,Europe - Northern,2019,1950.51
KitchenAid Mixer,Europe - Western,2024,3118.65
Herman Miller Chair,North America - West,2020,12285.68
Canon EOS R6,Asia - Eastern,2020,10365.3
AirPods Pro,Latin America - Central,2021,281.48
Pottery Barn Dining Table,Africa - Eastern,2020,3398.4
Samsung QLED TV,Oceania - Australia,2021,6296.21
Sony WH-1000XM5,Middle East - Gulf,2023,1884.59
Canon EOS R6,Africa - Southern,2023,10336.74
AirPods Pro,North America - East,2021,1434.73
Samsung Galaxy S23,North America - West,2020,4807.77
Microsoft Surface Pro,Asia - Southern,2024,5849.76
West Elm Sofa,Africa - Southern,2021,3538.82
West Elm Sofa,North America - Central,2022,3486.33
Sony WH-1000XM5,Europe - Eastern,2020,2282.44
Apple Watch Series 8,Africa - Eastern,2022,791.13
Microsoft Surface Pro,Latin America - Northern,2019,1342.56
MacBook Air M2,Asia - Southern,2022,3913.75
Xbox Series X,Europe - Northern,2023,1333.48
Canon EOS R6,Europe - Eastern,2023,19307.71
Dyson V11 Vacuum,Middle East - Levant,2019,1553.92
Nespresso Vertuo,Africa - Western,2023,477.53
Tempur-Pedic Mattress,North America - West,2021,5074.97
Sony WH-1000XM5,North America - East,2020,1083.81
Google Pixel 7,Latin America - Southern,2022,3459.1
Apple Watch Series 8,Middle East - Levant,2020,545.05
Nintendo Switch OLED,Europe - Northern,2020,515.75
Adidas Ultraboost,Latin America - Central,2019,437.43
Rolex Submariner,Europe - Southern,2020,16764.59
PlayStation 5,Africa - Southern,2019,1549.88
Canon EOS R6,North America - West,2021,6442.62
Xbox Series X,Asia - Southern,2021,940.71
Xbox Series X,Oceania - New Zealand,2019,465.28
AirPods Pro,Africa - Eastern,2019,117.98
Lululemon Align Leggings,North America - Central,2024,563.53
Vitamix Blender,Africa - Western,2021,1137.94
LG OLED TV,North America - East,2019,2841.76
Ninja Air Fryer,Asia - Southeastern,2020,817.15
PlayStation 5,Africa - Southern,2024,1630.68
Samsung QLED TV,Middle East - Gulf,2024,10849.81
Tempur-Pedic Mattress,Africa - Southern,2020,882.49
West Elm Sofa,Latin America - Northern,2021,9081.37
Nintendo Switch OLED,Asia - Southern,2024,633.17
iPhone 14 Pro,Asia - Southern,2024,6747.83
AirPods Pro,Europe - Western,2019,758.98
MacBook Air M2,North America - Central,2020,7077.87
Ray-Ban Aviators,Europe - Eastern,2020,436.23
GoPro Hero 11,Africa - Southern,2020,512.8
Google Pixel 7,Latin America - Central,2023,3320.29
Lululemon Align Leggings,Europe - Southern,2022,336.81
Samsung Galaxy S23,Europe - Southern,2024,928.74
Adidas Ultraboost,Africa - Western,2020,184.03
Tempur-Pedic Mattress,Africa - Western,2020,914.88
GoPro Hero 11,North America - Central,2022,1309.19
iPhone 14 Pro,Europe - Northern,2024,1324.82
Instant Pot Pro,Middle East - Gulf,2024,114.44
Lululemon Align Leggings,Latin America - Southern,2021,218.48
Nespresso Vertuo,Latin America - Northern,2020,191.18
Rolex Submariner,Asia - Southern,2019,16308.79
Breville Coffee Maker,Asia - Eastern,2023,822.84
Microsoft Surface Pro,Europe - Eastern,2022,9806.56
Breville Coffee Maker,Africa - Eastern,2022,421.5
LG OLED TV,Asia - Southeastern,2023,11960.86
MacBook Air M2,Oceania - New Zealand,2023,9519.34
Microsoft Surface Pro,North America - East,2019,7891.31
Nintendo Switch OLED,Middle East - Levant,2024,669.7
Rolex Submariner,Asia - Southeastern,2024,39587.0
Nespresso Vertuo,Middle East - Levant,2022,162.46
Ninja Air Fryer,Europe - Eastern,2021,541.51
Samsung Galaxy S23,Latin America - Northern,2023,3652.24
IKEA Billy Bookcase,Latin America - Northern,2019,248.15
Nintendo Switch OLED,Asia - Eastern,2020,255.64
Apple Watch Series 8,Africa - Western,2023,1176.33
Canon EOS R6,Africa - Western,2019,5576.26
Nike Air Force 1,Europe - Western,2024,864.81
AirPods Pro,Middle East - Levant,2019,1585.5
Dyson V11 Vacuum,Asia - Southeastern,2019,288.51
Herman Miller Chair,Europe - Southern,2023,8151.61
Xbox Series X,Oceania - Australia,2024,1535.89
Nespresso Vertuo,Asia - Eastern,2024,645.07
Microsoft Surface Pro,Europe - Eastern,2021,4583.13
Ray-Ban Aviators,Europe - Northern,2022,900.14
Nespresso Vertuo,Latin America - Southern,2020,838.32
Samsung QLED TV,Oceania - New Zealand,2019,1351.06
Pottery Barn Dining Table,North America - Central,2024,11783.7
IKEA Billy Bookcase,Europe - Northern,2019,399.44
Herman Miller Chair,North America - East,2020,3731.21
Tempur-Pedic Mattress,Latin America - Southern,2021,1134.25
KitchenAid Mixer,Middle East - Gulf,2024,4089.63
KitchenAid Mixer,Middle East - Levant,2021,1581.77
Xbox Series X,North America - West,2021,3339.49
MacBook Air M2,Latin America - Southern,2019,2503.97
Nespresso Vertuo,Asia - Southern,2021,329.86
Samsung Galaxy S23,Latin America - Central,2020,1168.08
Canon EOS R6,Africa - Southern,2024,2062.15
KitchenAid Mixer,Africa - Eastern,2023,896.68
MacBook Air M2,Oceania - New Zealand,2021,7515.26
iPad Pro,Africa - Western,2020,1763.75
Lululemon Align Leggings,Asia - Eastern,2020,243.86
MacBook Air M2,Europe - Eastern,2021,4788.36
Roomba i7+,Latin America - Southern,2024,3150.95
West Elm Sofa,Africa - Western,2021,5031.84
Pottery Barn Dining Table,Europe - Northern,2023,6424.35
Xbox Series X,Oceania - Australia,2023,4155.22
IKEA Billy Bookcase,Oceania - Australia,2023,317.58
Ray-Ban Aviators,Middle East - Levant,2021,429.93
Ninja Air Fryer,Oceania - Australia,2021,685.99
Vitamix Blender,North America - East,2022,3233.9
Google Pixel 7,Africa - Eastern,2019,1776.26
Adidas Ultraboost,Middle East - Levant,2023,286.67
Sony WH-1000XM5,Africa - Southern,2024,1709.57
Microsoft Surface Pro,Africa - Southern,2023,3932.91
Microsoft Surface Pro,North America - East,2023,9473.53
Google Pixel 7,North America - West,2023,3183.93
Apple Watch Series 8,Africa - Western,2024,933.26
Adidas Ultraboost,Europe - Northern,2019,184.86
Ninja Air Fryer,Middle East - Levant,2024,678.24
PlayStation 5,Africa - Western,2023,452.18
Samsung QLED TV,Asia - Eastern,2021,4239.11
Pottery Barn Dining Table,Europe - Northern,2022,7582.31
Sony WH-1000XM5,Europe - Southern,2021,3295.04
Roomba i7+,Africa - Eastern,2024,2684.73
Breville Coffee Maker,Europe - Western,2022,2193.89
Rolex Submariner,Latin America - Northern,2024,16332.66
iPad Pro,Middle East - Levant,2024,6754.69
Roomba i7+,Asia - Southern,2020,491.89
iPad Pro,Middle East - Levant,2020,2847.46
MacBook Air M2,Asia - Eastern,2020,2744.99
Dell XPS 13,North America - Central,2020,6996.66
KitchenAid Mixer,North America - West,2023,868.67
Levi's 501 Jeans,Latin America - Southern,2020,138.48
Vitamix Blender,Africa - Eastern,2021,1077.73
Sony WH-1000XM5,North America - Central,2023,1641.93
iPhone 14 Pro,Asia - Southern,2023,7465.6
Instant Pot Pro,Africa - Eastern,2020,205.53
Google Pixel 7,North America - Central,2021,1566.03
Tempur-Pedic Mattress,Europe - Western,2023,4173.27
Dell XPS 13,Europe - Eastern,2023,7262.1
Rolex Submariner,North America - East,2020,6533.53
Levi's 501 Jeans,Europe - Western,2020,216.46
Adidas Ultraboost,Asia - Southern,2020,252.03
Breville Coffee Maker,Europe - Southern,2019,838.93
GoPro Hero 11,Europe - Southern,2019,2274.88
Pottery Barn Dining Table,Latin America - Southern,2024,3463.25
Vitamix Blender,Europe - Eastern,2020,1282.93
Dyson V11 Vacuum,Oceania - Australia,2023,622.86
Roomba i7+,Europe - Eastern,2019,3473.48
Nike Air Force 1,Latin America - Northern,2022,382.28
Sony WH-1000XM5,Europe - Eastern,2022,1689.64
Dyson V11 Vacuum,Europe - Northern,2020,1850.6
IKEA Billy Bookcase,Africa - Southern,2019,244.75
Ninja Air Fryer,Africa - Eastern,2020,45.09
Lululemon Align Leggings,Asia - Southern,2023,298.72
MacBook Air M2,Africa - Southern,2023,1825.13
Nespresso Vertuo,Europe - Southern,2023,1432.12
Nike Air Force 1,Middle East - Gulf,2019,434.81
Breville Coffee Maker,Europe - Western,2023,1817.89
Dell XPS 13,North America - East,2020,4240.72
Nintendo Switch OLED,Africa - Southern,2021,536.77
Ray-Ban Aviators,Asia - Southern,2021,558.11
Breville Coffee Maker,Africa - Eastern,2023,751.61
Nespresso Vertuo,Europe - Northern,2022,944.77
Microsoft Surface Pro,Africa - Western,2023,4306.27
Samsung QLED TV,Asia - Eastern,2023,10815.45
MacBook Air M2,Africa - Eastern,2019,3701.25
Xbox Series X,Europe - Southern,2022,539.09
Google Pixel 7,Africa - Eastern,2019,1776.26
Adidas Ultraboost,Middle East - Levant,2023,286.67
Canon EOS R6,Middle East - Gulf,2024,25207.2
Vitamix Blender,Asia - Southern,2023,2139.81
LG OLED TV,Europe - Southern,2021,1782.96
Vitamix Blender,Oceania - New Zealand,2021,960.57
Nintendo Switch OLED,Africa - Southern,2023,469.11
Rolex Submariner,Europe - Western,2023,19124.18
Lululemon Align Leggings,Europe - Eastern,2021,351.51
PlayStation 5,North America - East,2024,1448.31
LG OLED TV,Europe - Eastern,2021,5432.37
Xbox Series X,Europe - Eastern,2024,4477.17
GoPro Hero 11,Europe - Southern,2024,2324.83
Canon EOS R6,Middle East - Levant,2020,7792.58
MacBook Air M2,Europe - Western,2024,15857.14
KitchenAid Mixer,Latin America - Central,2019,349.91
Dell XPS 13,Europe - Northern,2021,2368.4
Nintendo Switch OLED,Latin America - Southern,2023,650.24
Nespresso Vertuo,Europe - Western,2019,1040.15
Levi's 501 Jeans,North America - Central,2020,291.73
Nespresso Vertuo,Latin America - Southern,2019,448.07
Ninja Air Fryer,North America - West,2019,741.61
PlayStation 5,North America - East,2019,3573.25
Rolex Submariner,Europe - Northern,2019,24321.98
Nike Air Force 1,North America - East,2021,734.47
Instant Pot Pro,Africa - Western,2019,371.57
Herman Miller Chair,Europe - Eastern,2024,3155.16
Levi's 501 Jeans,Europe - Southern,2022,46.63
Dyson V11 Vacuum,Oceania - New Zealand,2019,2207.84
Lululemon Align Leggings,Africa - Southern,2023,91.68
GoPro Hero 11,Europe - Northern,2019,2991.93
Levi's 501 Jeans,Latin America - Central,2024,316.04
Canon EOS R6,Europe - Western,2022,27009.99
Nintendo Switch OLED,Europe - Northern,2022,1768.12
Dell XPS 13,Europe - Western,2020,3452.02
Google Pixel 7,Latin America - Northern,2021,381.41
Microsoft Surface Pro,Europe - Western,2020,8689.08
Samsung Galaxy S23,Latin America - Northern,2021,1161.9
GoPro Hero 11,North America - Central,2023,491.21
Tempur-Pedic Mattress,Middle East - Levant,2021,4026.55
Instant Pot Pro,Europe - Northern,2023,1267.25
AirPods Pro,Asia - Southeastern,2023,1008.41
iPad Pro,Middle East - Gulf,2022,2947.02
Microsoft Surface Pro,Africa - Southern,2021,5489.23
Sony WH-1000XM5,Asia - Eastern,2021,1863.36
Nintendo Switch OLED,Latin America - Central,2022,310.16
Vitamix Blender,Latin America - Southern,2023,280.26
Xbox Series X,Europe - Northern,2019,3543.81
iPad Pro,Asia - Southern,2022,4475.02
Herman Miller Chair,Europe - Western,2021,10416.93
Vitamix Blender,Europe - Southern,2024,1447.19
Ninja Air Fryer,North America - Central,2021,1184.5
Dyson V11 Vacuum,Latin America - Northern,2020,1412.71
AirPods Pro,Latin America - Central,2024,1559.61
IKEA Billy Bookcase,North America - East,2023,508.51
PlayStation 5,North America - East,2022,1246.36
Adidas Ultraboost,Latin America - Southern,2022,102.6
KitchenAid Mixer,Latin America - Central,2023,1546.26
Roomba i7+,Latin America - Southern,2019,2176.43
Dell XPS 13,North America - Central,2023,9128.08
Roomba i7+,Oceania - New Zealand,2019,3324.86
Pottery Barn Dining Table,Oceania - Australia,2020,6192.19
Lululemon Align Leggings,Asia - Eastern,2022,336.92
Canon EOS R6,Latin America - Southern,2022,6361.54
Nike Air Force 1,Latin America - Central,2021,63.76
Vitamix Blender,Africa - Western,2021,1137.94
Samsung QLED TV,Africa - Southern,2019,3102.83
Apple Watch Series 8,Asia - Southern,2021,420.38
AirPods Pro,Europe - Northern,2020,485.57
Roomba i7+,Asia - Southeastern,2024,4865.82
Samsung QLED TV,Europe - Southern,2024,9242.48
AirPods Pro,Africa - Eastern,2019,117.98
West Elm Sofa,Middle East - Levant,2020,1112.47
Nintendo Switch OLED,Asia - Eastern,2019,1873.83
Ray-Ban Aviators,North America - Central,2023,1160.38
Ninja Air Fryer,Africa - Western,2022,286.44
KitchenAid Mixer,Asia - Eastern,2024,2841.08
GoPro Hero 11,Middle East - Gulf,2019,1249.39
Xbox Series X,Asia - Southern,2024,542.17
Ninja Air Fryer,North America - West,2020,584.63
Ray-Ban Aviators,Oceania - Australia,2019,273.24
Canon EOS R6,Middle East - Gulf,2020,4823.75
IKEA Billy Bookcase,Oceania - Australia,2019,566.3
Dyson V11 Vacuum,Europe - Southern,2020,858.2
Samsung QLED TV,North America - East,2023,9766.29
Ray-Ban Aviators,North America - Central,2019,265.17
KitchenAid Mixer,Latin America - Central,2020,448.22
Instant Pot Pro,Middle East - Gulf,2021,728.53
Instant Pot Pro,Oceania - New Zealand,2024,609.41
Roomba i7+,Latin America - Southern,2021,3197.84
Xbox Series X,Latin America - Northern,2021,2026.65
Rolex Submariner,North America - East,2021,11954.31
Microsoft Surface Pro,Europe - Eastern,2023,1415.47
AirPods Pro,Africa - Eastern,2019,117.98
GoPro Hero 11,Latin America - Southern,2023,2187.1
AirPods Pro,Europe - Northern,2021,1267.45
West Elm Sofa,Europe - Western,2019,2707.02
Sony WH-1000XM5,Asia - Southern,2021,2354.06
PlayStation 5,Oceania - Australia,2019,3820.74
Google Pixel 7,Asia - Southern,2019,3102.16
Levi's 501 Jeans,Europe - Eastern,2019,219.05
Breville Coffee Maker,Latin America - Central,2019,903.09
Samsung Galaxy S23,North America - Central,2022,3461.86
Nintendo Switch OLED,Europe - Eastern,2020,295.26
Nike Air Force 1,Oceania - New Zealand,2022,149.05
Rolex Submariner,Asia - Southeastern,2020,11243.17
Herman Miller Chair,Europe - Eastern,2022,5007.36
Apple Watch Series 8,Oceania - Australia,2021,1834.95
Dell XPS 13,North America - Central,2020,6996.66
iPad Pro,Latin America - Southern,2024,8784.9
iPhone 14 Pro,North America - Central,2024,7016.98
Xbox Series X,North America - West,2019,3361.4
AirPods Pro,North America - Central,2022,1964.8
Sony WH-1000XM5,Europe - Northern,2021,856.64
GoPro Hero 11,North America - West,2019,2590.12
Apple Watch Series 8,Middle East - Gulf,2023,1593.81
Breville Coffee Maker,Asia - Eastern,2024,347.55
Canon EOS R6,North America - East,2024,20688.3
AirPods Pro,Africa - Southern,2023,1430.85
Nike Air Force 1,Middle East - Levant,2021,412.9
Nintendo Switch OLED,Middle East - Levant,2023,1467.87
AirPods Pro,North America - East,2020,2248.44
Roomba i7+,Africa - Southern,2023,3734.25
LG OLED TV,Europe - Western,2020,4742.67
Nike Air Force 1,North America - West,2022,439.72
Nike Air Force 1,Oceania - Australia,2022,70.74
Dell XPS 13,Oceania - New Zealand,2023,14337.75
Dyson V11 Vacuum,Europe - Eastern,2024,4501.72
PlayStation 5,Oceania - Australia,2020,4177.44
Xbox Series X,North America - East,2024,1498.5
Adidas Ultraboost,Middle East - Gulf,2019,250.72
Samsung Galaxy S23,North America - West,2020,4807.77
Ninja Air Fryer,Africa - Southern,2019,124.99
Rolex Submariner,North America - Central,2019,30083.95
Samsung Galaxy S23,Africa - Southern,2020,1383.55
Canon EOS R6,Africa - Southern,2019,11017.78
Samsung QLED TV,Europe - Eastern,2019,5997.92
Samsung Galaxy S23,Latin America - Central,2023,2697.64
Samsung Galaxy S23,Oceania - New Zealand,2022,8517.19
PlayStation 5,Oceania - New Zealand,2019,546.1
Sony WH-1000XM5,Africa - Western,2021,226.94
Google Pixel 7,Africa - Western,2020,880.16
Nintendo Switch OLED,North America - Central,2019,1530.26
Canon EOS R6,Asia - Southern,2019,5487.6
Dyson V11 Vacuum,Middle East - Levant,2021,361.26
IKEA Billy Bookcase,Middle East - Gulf,2023,151.93
Lululemon Align Leggings,Asia - Eastern,2019,141.41
Levi's 501 Jeans,Europe - Western,2024,522.01
Breville Coffee Maker,Latin America - Northern,2023,1063.15
iPad Pro,Asia - Southeastern,2020,6242.3
Samsung Galaxy S23,Europe - Western,2021,6766.26
Xbox Series X,North America - Central,2022,4180.5
Breville Coffee Maker,Africa - Western,2020,820.36
Apple Watch Series 8,Oceania - Australia,2020,1218.62
Herman Miller Chair,Europe - Northern,2019,6051.63
Adidas Ultraboost,North America - Central,2022,504.76
West Elm Sofa,Latin America - Northern,2022,1718.99
LG OLED TV,North America - West,2020,5575.39
GoPro Hero 11,Middle East - Gulf,2022,926.87
Dyson V11 Vacuum,Asia - Southern,2019,1107.62
Dyson V11 Vacuum,Europe - Southern,2020,858.2
West Elm Sofa,Africa - Western,2020,4848.38
Samsung QLED TV,Oceania - New Zealand,2019,1351.06
Levi's 501 Jeans,Latin America - Northern,2023,152.46
Nintendo Switch OLED,North America - Central,2019,1530.26
Rolex Submariner,Latin America - Northern,2024,16332.66
Tempur-Pedic Mattress,Asia - Eastern,2019,2850.21
Nintendo Switch OLED,Latin America - Southern,2021,618.21
GoPro Hero 11,Africa - Western,2021,1935.89
Nintendo Switch OLED,Asia - Eastern,2019,1873.83
Rolex Submariner,Europe - Northern,2021,7139.59
West Elm Sofa,Africa - Western,2022,2546.44
Pottery Barn Dining Table,Middle East - Levant,2021,993.29
Samsung QLED TV,Europe - Western,2022,11137.76
Nintendo Switch OLED,Africa - Southern,2019,1406.28
Ninja Air Fryer,Latin America - Central,2019,439.08
Nespresso Vertuo,Latin America - Southern,2023,634.14
iPad Pro,Latin America - Northern,2023,1903.55
Apple Watch Series 8,Middle East - Gulf,2024,2275.13
iPhone 14 Pro,North America - Central,2019,4125.89
Nike Air Force 1,Africa - Eastern,2021,37.46
Xbox Series X,North America - East,2021,2800.4
Instant Pot Pro,Europe - Southern,2020,202.67
Samsung Galaxy S23,Middle East - Gulf,2022,6704.73
Roomba i7+,Europe - Southern,2024,4379.11
Canon EOS R6,Middle East - Gulf,2024,25207.2
MacBook Air M2,Oceania - Australia,2024,16097.22
Dyson V11 Vacuum,Africa - Western,2021,981.88
KitchenAid Mixer,Africa - Western,2020,361.82
Dyson V11 Vacuum,Middle East - Gulf,2021,3871.81
Microsoft Surface Pro,North America - East,2021,1578.9
Dyson V11 Vacuum,Latin America - Southern,2024,393.09
GoPro Hero 11,Africa - Southern,2020,512.8
Roomba i7+,Middle East - Levant,2021,1861.91
AirPods Pro,North America - East,2022,2517.15
Nintendo Switch OLED,Europe - Northern,2020,515.75
GoPro Hero 11,Latin America - Central,2024,1127.75
LG OLED TV,Europe - Western,2022,5705.84
AirPods Pro,Asia - Eastern,2020,246.4
PlayStation 5,North America - Central,2023,4883.48
Canon EOS R6,Middle East - Levant,2024,5314.8
Dell XPS 13,Middle East - Levant,2019,5710.14
Adidas Ultraboost,North America - East,2019,747.43
PlayStation 5,Latin America - Central,2019,574.33
Rolex Submariner,Asia - Southeastern,2020,11243.17
Apple Watch Series 8,Asia - Southern,2024,1804.53
Adidas Ultraboost,Africa - Western,2023,220.85
Samsung QLED TV,Europe - Western,2019,3165.36
iPhone 14 Pro,Oceania - New Zealand,2024,8030.7
Vitamix Blender,Europe - Northern,2019,2103.49
Rolex Submariner,North America - West,2020,32496.54
KitchenAid Mixer,Latin America - Southern,2024,876.62
Levi's 501 Jeans,Africa - Southern,2021,159.19
LG OLED TV,Asia - Eastern,2020,6358.16
iPhone 14 Pro,Middle East - Gulf,2019,3187.74
Pottery Barn Dining Table,Europe - Northern,2019,3731.72
Ninja Air Fryer,Asia - Southern,2020,437.92
Nike Air Force 1,Europe - Southern,2021,355.32
Google Pixel 7,Africa - Eastern,2019,1776.26
Levi's 501 Jeans,Europe - Southern,2021,163.9
LG OLED TV,Middle East - Gulf,2019,2345.9
Nintendo Switch OLED,North America - West,2022,4307.05
GoPro Hero 11,Europe - Western,2021,2639.26
Vitamix Blender,Africa - Western,2020,199.92
Samsung QLED TV,Latin America - Central,2024,5730.24
Herman Miller Chair,North America - East,2022,11617.62
IKEA Billy Bookcase,Europe - Eastern,2024,366.71
Sony WH-1000XM5,Latin America - Southern,2021,2543.32
MacBook Air M2,North America - East,2019,8801.12
Nintendo Switch OLED,Europe - Eastern,2019,1281.99
PlayStation 5,Oceania - New Zealand,2019,546.1
Rolex Submariner,Europe - Southern,2023,9468.04
Breville Coffee Maker,Middle East - Levant,2020,950.26
GoPro Hero 11,Oceania - New Zealand,2022,922.44
Google Pixel 7,Asia - Southern,2024,1456.45
Rolex Submariner,Asia - Eastern,2022,10280.1
Nike Air Force 1,Asia - Eastern,2019,49.03
Levi's 501 Jeans,Oceania - New Zealand,2023,62.62
iPhone 14 Pro,Africa - Western,2021,4915.46
Roomba i7+,Oceania - Australia,2021,3860.82
Canon EOS R6,Asia - Eastern,2022,23315.84
Nintendo Switch OLED,Asia - Southern,2023,2291.2
Adidas Ultraboost,Africa - Western,2019,62.92
iPad Pro,Asia - Eastern,2023,11503.29
Nintendo Switch OLED,Europe - Southern,2022,2525.58
Apple Watch Series 8,Asia - Southeastern,2021,346.02
MacBook Air M2,Europe - Eastern,2022,7570.39
Roomba i7+,Africa - Eastern,2022,2518.01
Roomba i7+,Europe - Northern,2023,4840.87
MacBook Air M2,Latin America - Central,2019,1994.37
Microsoft Surface Pro,Europe - Northern,2021,6691.1
IKEA Billy Bookcase,North America - West,2022,163.72
KitchenAid Mixer,Middle East - Gulf,2020,922.12
iPhone 14 Pro,Africa - Eastern,2020,2065.25
Apple Watch Series 8,Europe - Southern,2019,813.83
Lululemon Align Leggings,Europe - Eastern,2019,377.53
IKEA Billy Bookcase,North America - East,2022,569.23
Nintendo Switch OLED,Latin America - Southern,2022,1761.62
Nike Air Force 1,Asia - Eastern,2020,167.07
Sony WH-1000XM5,Africa - Southern,2019,1597.08
PlayStation 5,Europe - Eastern,2020,1906.08
Adidas Ultraboost,Latin America - Southern,2023,638.43
iPhone 14 Pro,Oceania - Australia,2023,1230.61
Google Pixel 7,Asia - Southeastern,2019,1724.03
Tempur-Pedic Mattress,Latin America - Northern,2023,1350.09
Tempur-Pedic Mattress,Latin America - Central,2023,1534.13
Breville Coffee Maker,Africa - Southern,2023,1204.77
GoPro Hero 11,Asia - Southeastern,2019,1307.13
Samsung QLED TV,North America - West,2021,11713.41
iPhone 14 Pro,North America - East,2020,1271.33
MacBook Air M2,Middle East - Gulf,2023,6763.08
iPhone 14 Pro,Asia - Eastern,2022,4407.59
Nespresso Vertuo,Latin America - Southern,2021,644.04
Canon EOS R6,Oceania - Australia,2021,3393.06
Canon EOS R6,Latin America - Southern,2021,13924.73
Nike Air Force 1,Latin America - Southern,2019,100.47
Sony WH-1000XM5,Africa - Eastern,2022,707.08
Dyson V11 Vacuum,Latin America - Southern,2023,4129.45
Nintendo Switch OLED,Latin America - Southern,2021,618.21
KitchenAid Mixer,Europe - Southern,2020,675.89
Breville Coffee Maker,Europe - Western,2021,2665.87
Sony WH-1000XM5,North America - West,2019,399.39
Nespresso Vertuo,Latin America - Northern,2022,295.14
Breville Coffee Maker,Europe - Eastern,2022,1660.36
Rolex Submariner,North America - East,2019,5220.72
Nespresso Vertuo,Africa - Southern,2022,1006.5
KitchenAid Mixer,Africa - Western,2024,1697.99
Tempur-Pedic Mattress,Middle East - Levant,2020,6838.38
Levi's 501 Jeans,Latin America - Southern,2022,389.83
IKEA Billy Bookcase,Latin America - Southern,2024,278.25
Levi's 501 Jeans,Asia - Southern,2020,139.54
West Elm Sofa,Asia - Southern,2021,2690.0
Canon EOS R6,Africa - Southern,2024,2062.15
Sony WH-1000XM5,Asia - Eastern,2024,4063.73
Sony WH-1000XM5,Middle East - Gulf,2024,2589.37
Xbox Series X,Asia - Eastern,2023,601.55
Sony WH-1000XM5,North America - Central,2019,2172.93
KitchenAid Mixer,Asia - Eastern,2020,536.63
MacBook Air M2,Asia - Southeastern,2021,3293.99
Nike Air Force 1,Oceania - New Zealand,2021,136.83
Canon EOS R6,Africa - Southern,2019,11017.78
Canon EOS R6,North America - West,2021,6442.62
Rolex Submariner,Asia - Eastern,2019,40550.36
Xbox Series X,Europe - Eastern,2022,3436.13
KitchenAid Mixer,North America - Central,2023,3919.72
Sony WH-1000XM5,Middle East - Levant,2020,1397.01
Ninja Air Fryer,Africa - Eastern,2020,45.09
Samsung QLED TV,Europe - Northern,2024,10676.87
Pottery Barn Dining Table,Latin America - Central,2024,5594.4
Microsoft Surface Pro,Latin America - Central,2021,3618.64
MacBook Air M2,Asia - Southern,2020,734.57
IKEA Billy Bookcase,Oceania - New Zealand,2019,183.87
iPad Pro,Latin America - Southern,2022,5387.56
Instant Pot Pro,Latin America - Southern,2022,238.83
Xbox Series X,North America - West,2019,3361.4
Nintendo Switch OLED,Latin America - Central,2019,740.63
Ray-Ban Aviators,Middle East - Levant,2023,409.26
Samsung Galaxy S23,North America - Central,2023,3957.73
Microsoft Surface Pro,Latin America - Northern,2019,1342.56
PlayStation 5,Asia - Southern,2020,1348.29
Nespresso Vertuo,Europe - Western,2019,1040.15
Roomba i7+,Asia - Eastern,2022,3898.36
Google Pixel 7,Oceania - New Zealand,2021,1321.56
Dyson V11 Vacuum,Middle East - Gulf,2019,982.83
West Elm Sofa,Europe - Northern,2020,7382.56
GoPro Hero 11,Oceania - New Zealand,2021,1864.0
GoPro Hero 11,Europe - Southern,2019,2274.88
MacBook Air M2,Oceania - Australia,2023,9151.07
MacBook Air M2,North America - West,2021,7401.99
iPhone 14 Pro,North America - Central,2022,4288.23
Google Pixel 7,Asia - Eastern,2023,738.3
Pottery Barn Dining Table,Middle East - Levant,2024,6095.54
AirPods Pro,Europe - Eastern,2019,149.27
Microsoft Surface Pro,Africa - Eastern,2020,2200.92
Dell XPS 13,Asia - Eastern,2022,4779.7
Ray-Ban Aviators,Asia - Southern,2019,491.69
Adidas Ultraboost,Middle East - Levant,2023,286.67
Xbox Series X,Africa - Southern,2021,746.07
MacBook Air M2,Africa - Eastern,2021,3370.45
PlayStation 5,Middle East - Levant,2020,2379.88
IKEA Billy Bookcase,Europe - Western,2019,422.99
MacBook Air M2,Europe - Eastern,2019,7016.87
GoPro Hero 11,Latin America - Northern,2021,1594.22
LG OLED TV,Europe - Northern,2022,3317.66
Breville Coffee Maker,Europe - Southern,2020,1182.19
MacBook Air M2,Asia - Eastern,2024,6746.5
Pottery Barn Dining Table,Europe - Northern,2019,3731.72
Levi's 501 Jeans,Middle East - Levant,2023,234.58
LG OLED TV,Europe - Western,2023,5879.85
Canon EOS R6,Africa - Southern,2019,11017.78
PlayStation 5,Europe - Northern,2020,1629.04
Nike Air Force 1,Africa - Eastern,2022,194.0
Nespresso Vertuo,North America - West,2020,631.72
Nike Air Force 1,Middle East - Gulf,2021,421.01
AirPods Pro,Africa - Eastern,2024,361.59
Nike Air Force 1,North America - East,2024,339.92
Ray-Ban Aviators,Europe - Eastern,2020,436.23
Lululemon Align Leggings,Oceania - New Zealand,2024,500.55
Levi's 501 Jeans,Middle East - Gulf,2020,114.31
Breville Coffee Maker,Middle East - Levant,2020,950.26
Canon EOS R6,Africa - Southern,2023,10336.74
IKEA Billy Bookcase,Europe - Northern,2019,399.44
Levi's 501 Jeans,Africa - Western,2024,37.24
KitchenAid Mixer,North America - Central,2022,2121.47
Ray-Ban Aviators,Asia - Eastern,2022,328.11
Nespresso Vertuo,Oceania - Australia,2019,1059.31
iPad Pro,Asia - Eastern,2022,8080.28
Lululemon Align Leggings,Asia - Southern,2023,298.72
Nintendo Switch OLED,Latin America - Southern,2023,650.24
Adidas Ultraboost,Europe - Western,2023,178.5
PlayStation 5,Europe - Southern,2023,2941.52
Lululemon Align Leggings,Asia - Southern,2020,130.45
Pottery Barn Dining Table,Asia - Southern,2020,1307.5
iPhone 14 Pro,Middle East - Gulf,2023,7913.87
Levi's 501 Jeans,North America - Central,2020,291.73
Apple Watch Series 8,Africa - Western,2022,366.45
Rolex Submariner,North America - East,2021,11954.31
Apple Watch Series 8,Oceania - New Zealand,2021,239.91
Pottery Barn Dining Table,Asia - Eastern,2023,4412.33
Instant Pot Pro,Africa - Western,2019,371.57
Samsung Galaxy S23,Latin America - Southern,2023,5731.62
iPad Pro,North America - Central,2022,6398.2
Samsung QLED TV,Asia - Southern,2019,758.87
Nintendo Switch OLED,Africa - Eastern,2020,866.26
GoPro Hero 11,Africa - Eastern,2022,1168.19
Instant Pot Pro,Latin America - Northern,2021,462.03
Herman Miller Chair,Africa - Southern,2023,1372.28
KitchenAid Mixer,Oceania - Australia,2020,1582.81
Rolex Submariner,Latin America - Southern,2024,9547.23
Nespresso Vertuo,Africa - Western,2023,477.53
Samsung Galaxy S23,Oceania - Australia,2021,2814.91
Instant Pot Pro,Latin America - Northern,2021,462.03
Adidas Ultraboost,Latin America - Northern,2021,89.37
Vitamix Blender,Latin America - Southern,2024,2588.95
Apple Watch Series 8,Africa - Eastern,2022,791.13
Rolex Submariner,Africa - Southern,2023,28915.85
Lululemon Align Leggings,North America - East,2019,162.14
Vitamix Blender,Asia - Southeastern,2019,904.45
Pottery Barn Dining Table,Africa - Eastern,2019,3533.25
Nintendo Switch OLED,Europe - Eastern,2021,2233.96
Vitamix Blender,Latin America - Central,2019,404.55
Google Pixel 7,Asia - Eastern,2022,3678.56
LG OLED TV,Oceania - Australia,2024,11793.4
Samsung QLED TV,Europe - Northern,2024,10676.87
Roomba i7+,Africa - Eastern,2021,1913.08
PlayStation 5,Asia - Eastern,2021,3013.48
Ninja Air Fryer,Latin America - Central,2021,349.39
MacBook Air M2,North America - Central,2024,12445.82
Lululemon Align Leggings,Middle East - Gulf,2023,305.11
LG OLED TV,Africa - Southern,2020,7097.37
MacBook Air M2,Asia - Eastern,2023,6219.26
Samsung QLED TV,Europe - Northern,2021,2527.93
Canon EOS R6,Europe - Western,2020,7926.26
Nike Air Force 1,Asia - Eastern,2019,49.03
AirPods Pro,Europe - Northern,2019,1467.68
Apple Watch Series 8,Europe - Western,2023,2543.67
IKEA Billy Bookcase,North America - Central,2021,327.22
Vitamix Blender,Asia - Southern,2022,1935.01
IKEA Billy Bookcase,Europe - Western,2020,495.21
AirPods Pro,Europe - Northern,2023,354.32
iPad Pro,North America - Central,2022,6398.2
Google Pixel 7,North America - East,2020,1459.78
Xbox Series X,Oceania - New Zealand,2024,2637.44
Nespresso Vertuo,Oceania - New Zealand,2024,1456.11
Lululemon Align Leggings,Europe - Northern,2019,366.58
AirPods Pro,Latin America - Southern,2019,1047.21
Herman Miller Chair,Europe - Western,2024,1455.4
Samsung Galaxy S23,Africa - Southern,2020,1383.55
Tempur-Pedic Mattress,Asia - Southeastern,2023,3889.12
Tempur-Pedic Mattress,Africa - Southern,2024,8806.33
AirPods Pro,Latin America - Central,2021,281.48
Ninja Air Fryer,North America - Central,2022,904.6
Tempur-Pedic Mattress,Africa - Eastern,2020,4538.28
Xbox Series X,Asia - Eastern,2022,463.01
Dell XPS 13,Europe - Southern,2021,2002.5
Nintendo Switch OLED,Latin America - Central,2024,2114.61
Sony WH-1000XM5,Middle East - Gulf,2022,950.58
Lululemon Align Leggings,Oceania - Australia,2022,146.71
Adidas Ultraboost,Africa - Southern,2019,405.1
IKEA Billy Bookcase,North America - East,2024,103.39
KitchenAid Mixer,Europe - Eastern,2024,1738.82
Tempur-Pedic Mattress,Africa - Southern,2020,882.49
Apple Watch Series 8,Latin America - Northern,2023,645.59
GoPro Hero 11,Africa - Southern,2019,1299.1
West Elm Sofa,Europe - Northern,2024,7383.61
iPad Pro,North America - East,2021,6318.55
Canon EOS R6,Europe - Western,2022,27009.99
Adidas Ultraboost,Europe - Southern,2019,320.61
Levi's 501 Jeans,Africa - Eastern,2022,147.25
Nike Air Force 1,Asia - Southern,2020,282.84
Instant Pot Pro,North America - West,2020,619.6
Ray-Ban Aviators,Africa - Southern,2021,76.44
Rolex Submariner,Europe - Eastern,2022,19279.01
Instant Pot Pro,Asia - Southeastern,2022,86.41
Samsung QLED TV,Latin America - Southern,2023,6533.47
iPhone 14 Pro,Asia - Southeastern,2021,6214.65
Dell XPS 13,Europe - Western,2020,3452.02
iPhone 14 Pro,Middle East - Gulf,2019,3187.74
Herman Miller Chair,Africa - Eastern,2024,1828.96
Levi's 501 Jeans,Latin America - Northern,2021,229.59
West Elm Sofa,Asia - Southeastern,2019,3343.74
Canon EOS R6,North America - Central,2019,14639.94
Canon EOS R6,North America - Central,2019,14639.94
Levi's 501 Jeans,Latin America - Southern,2022,389.83
Breville Coffee Maker,Africa - Southern,2023,1204.77
Google Pixel 7,Asia - Southeastern,2021,3578.59
GoPro Hero 11,Africa - Eastern,2024,2729.07
Breville Coffee Maker,Africa - Western,2020,820.36
Dell XPS 13,Africa - Southern,2021,3838.46
PlayStation 5,Middle East - Levant,2020,2379.88
Adidas Ultraboost,Latin America - Southern,2022,102.6
GoPro Hero 11,Europe - Southern,2022,423.01
West Elm Sofa,Africa - Southern,2024,5563.42
Dell XPS 13,Europe - Northern,2023,1438.19
IKEA Billy Bookcase,Asia - Southeastern,2024,622.7
Rolex Submariner,Latin America - Central,2021,12646.52
Adidas Ultraboost,Africa - Eastern,2019,157.68
PlayStation 5,North America - East,2024,1448.31
Rolex Submariner,Middle East - Gulf,2022,12891.42
Instant Pot Pro,North America - Central,2022,758.89
Nespresso Vertuo,North America - Central,2020,732.73
PlayStation 5,Middle East - Levant,2019,281.68
LG OLED TV,Europe - Northern,2022,3317.66
Dyson V11 Vacuum,Latin America - Central,2020,1767.49
Sony WH-1000XM5,Europe - Western,2020,423.3
Dell XPS 13,North America - Central,2020,6996.66
West Elm Sofa,Asia - Southeastern,2022,11528.22
iPhone 14 Pro,Europe - Northern,2019,5808.18
PlayStation 5,Middle East - Gulf,2023,1151.64
PlayStation 5,North America - Central,2022,4010.83
Vitamix Blender,North America - West,2024,796.22
iPhone 14 Pro,Middle East - Levant,2021,1244.78
Instant Pot Pro,Europe - Southern,2022,362.43
Nespresso Vertuo,Latin America - Northern,2020,191.18
iPhone 14 Pro,Europe - Southern,2022,1717.08
Dyson V11 Vacuum,Europe - Western,2021,1885.77
Instant Pot Pro,Latin America - Central,2021,233.45
Adidas Ultraboost,Latin America - Southern,2022,102.6
Microsoft Surface Pro,North America - West,2023,18121.67
Nike Air Force 1,Asia - Southern,2019,182.68
Ninja Air Fryer,Asia - Southern,2022,942.08
Nintendo Switch OLED,Africa - Southern,2020,602.04
Vitamix Blender,Latin America - Central,2022,1095.84
Herman Miller Chair,Europe - Northern,2019,6051.63
MacBook Air M2,Latin America - Southern,2022,3311.75
Lululemon Align Leggings,Oceania - Australia,2021,71.31
LG OLED TV,Europe - Western,2020,4742.67
West Elm Sofa,Middle East - Gulf,2021,10431.88
PlayStation 5,North America - West,2022,4814.04
West Elm Sofa,Africa - Eastern,2021,4764.0
Samsung Galaxy S23,Latin America - Central,2019,3628.17
Dyson V11 Vacuum,Middle East - Levant,2021,361.26
Nespresso Vertuo,North America - Central,2024,250.96
iPhone 14 Pro,North America - West,2020,2058.76
Apple Watch Series 8,Europe - Southern,2020,1837.49
West Elm Sofa,Europe - Western,2022,11459.26
Herman Miller Chair,Asia - Eastern,2020,2570.8
iPad Pro,Latin America - Southern,2019,3176.42
Vitamix Blender,Latin America - Northern,2019,962.56
Ray-Ban Aviators,North America - Central,2020,335.18
Microsoft Surface Pro,Africa - Southern,2019,4427.4
Dyson V11 Vacuum,Asia - Southeastern,2019,288.51
Canon EOS R6,Africa - Southern,2024,2062.15
iPhone 14 Pro,Europe - Western,2024,9070.75
Microsoft Surface Pro,Africa - Southern,2024,8168.2
Ninja Air Fryer,North America - Central,2023,1019.57
Google Pixel 7,Latin America - Southern,2023,446.36
Pottery Barn Dining Table,Africa - Western,2021,3407.91
Samsung QLED TV,Africa - Southern,2022,2142.47
AirPods Pro,Asia - Southeastern,2020,918.3
Nintendo Switch OLED,Europe - Southern,2023,2869.42
KitchenAid Mixer,North America - Central,2020,2053.69
iPhone 14 Pro,Europe - Northern,2022,7545.63
KitchenAid Mixer,Africa - Western,2019,1208.22
Nike Air Force 1,Middle East - Gulf,2019,434.81
Apple Watch Series 8,Oceania - New Zealand,2023,1354.29
iPhone 14 Pro,Africa - Eastern,2022,3786.53
Herman Miller Chair,North America - East,2019,5090.42
Microsoft Surface Pro,Oceania - Australia,2019,2470.12
Lululemon Align Leggings,Europe - Northern,2021,114.17
iPhone 14 Pro,North America - Central,2020,3739.59
Nike Air Force 1,Latin America - Southern,2022,382.84
Xbox Series X,Africa - Eastern,2021,524.32
Nike Air Force 1,Latin America - Central,2021,63.76
Breville Coffee Maker,North America - Central,2024,1187.04
Google Pixel 7,Europe - Western,2021,3487.21
AirPods Pro,Latin America - Central,2022,1509.03
Apple Watch Series 8,Africa - Western,2024,933.26
iPad Pro,Europe - Western,2024,5164.24
GoPro Hero 11,Asia - Southeastern,2023,1310.41
Microsoft Surface Pro,Middle East - Levant,2021,9515.86
Dyson V11 Vacuum,Africa - Eastern,2023,2762.32
Nike Air Force 1,Latin America - Northern,2023,261.94
Lululemon Align Leggings,Europe - Western,2020,382.98
Dell XPS 13,Middle East - Gulf,2020,6688.91
KitchenAid Mixer,Oceania - New Zealand,2024,2485.84
Tempur-Pedic Mattress,Asia - Southern,2020,8671.82
Canon EOS R6,Europe - Western,2020,7926.26
Dell XPS 13,Europe - Northern,2019,6245.68
Lululemon Align Leggings,Europe - Western,2023,331.72
Ray-Ban Aviators,Africa - Western,2019,314.38
Nintendo Switch OLED,North America - West,2022,4307.05
Tempur-Pedic Mattress,Europe - Eastern,2021,8530.58
GoPro Hero 11,Europe - Eastern,2024,1668.05
Rolex Submariner,Middle East - Levant,2022,23006.54
Tempur-Pedic Mattress,Middle East - Levant,2019,910.49
Nike Air Force 1,North America - East,2021,734.47
MacBook Air M2,Latin America - Central,2024,6326.9
Adidas Ultraboost,Africa - Western,2021,111.06
Nintendo Switch OLED,Latin America - Southern,2021,618.21
Dell XPS 13,Africa - Southern,2019,2377.87
Vitamix Blender,Asia - Southeastern,2020,786.09
Ninja Air Fryer,Europe - Southern,2024,1076.19
Rolex Submariner,Oceania - Australia,2021,55236.72
Ray-Ban Aviators,Europe - Western,2020,281.13
LG OLED TV,Asia - Southeastern,2023,11960.86
Pottery Barn Dining Table,Middle East - Levant,2021,993.29
West Elm Sofa,Middle East - Levant,2022,7825.05
Sony WH-1000XM5,Asia - Southern,2019,1647.01
Breville Coffee Maker,Europe - Northern,2019,959.44
West Elm Sofa,Africa - Eastern,2021,4764.0
Nike Air Force 1,Latin America - Southern,2024,154.42
Vitamix Blender,Middle East - Levant,2020,1041.11
Vitamix Blender,Europe - Eastern,2021,546.46
Pottery Barn Dining Table,Europe - Southern,2020,7302.04
Samsung QLED TV,North America - West,2019,10382.64
Instant Pot Pro,Europe - Eastern,2022,503.63
Levi's 501 Jeans,Latin America - Central,2022,135.3
Levi's 501 Jeans,Europe - Western,2022,402.61
KitchenAid Mixer,Asia - Southern,2024,1582.8
Dyson V11 Vacuum,Asia - Southern,2023,1365.64
Ninja Air Fryer,North America - Central,2024,177.74
Sony WH-1000XM5,Asia - Southern,2020,1552.16
iPad Pro,Asia - Southern,2022,4475.02
Roomba i7+,Asia - Eastern,2023,1405.23
AirPods Pro,Europe - Eastern,2022,2226.32
iPad Pro,North America - Central,2020,4847.38
Samsung QLED TV,Europe - Southern,2020,2595.78
Lululemon Align Leggings,Middle East - Gulf,2024,574.31
Instant Pot Pro,Africa - Western,2023,685.56
Ray-Ban Aviators,North America - Central,2022,225.15
Ninja Air Fryer,Latin America - Central,2019,439.08
AirPods Pro,Latin America - Northern,2022,189.71
Ninja Air Fryer,Middle East - Gulf,2024,1127.85
Nespresso Vertuo,Europe - Northern,2023,525.26
Google Pixel 7,Asia - Eastern,2024,1970.6
Ninja Air Fryer,North America - East,2019,1006.49
Herman Miller Chair,Middle East - Gulf,2024,6983.19
iPhone 14 Pro,Oceania - Australia,2019,5401.78
LG OLED TV,Asia - Southeastern,2021,2986.0
Pottery Barn Dining Table,Middle East - Levant,2022,8460.71
Samsung Galaxy S23,Africa - Eastern,2020,3148.88
KitchenAid Mixer,North America - West,2022,1702.45
Google Pixel 7,Africa - Southern,2023,1724.31
Vitamix Blender,North America - West,2023,4102.55
Tempur-Pedic Mattress,Asia - Southeastern,2021,9525.58
Rolex Submariner,Europe - Eastern,2024,39884.08
MacBook Air M2,Asia - Southern,2024,2269.3
Canon EOS R6,Oceania - New Zealand,2020,17177.65
GoPro Hero 11,North America - East,2019,420.86
Ray-Ban Aviators,Latin America - Southern,2022,578.15
Nespresso Vertuo,Middle East - Gulf,2024,265.09
Breville Coffee Maker,Asia - Southern,2024,460.39
KitchenAid Mixer,North America - Central,2019,2001.02
AirPods Pro,Asia - Southeastern,2022,670.65
AirPods Pro,Europe - Western,2024,1719.37
PlayStation 5,Africa - Western,2022,2175.55
Levi's 501 Jeans,Asia - Eastern,2023,518.34
Adidas Ultraboost,Asia - Eastern,2019,428.09
Microsoft Surface Pro,North America - East,2021,1578.9
Vitamix Blender,Africa - Western,2021,1137.94
Microsoft Surface Pro,Middle East - Levant,2024,8737.17
Ray-Ban Aviators,Asia - Southeastern,2024,908.51
West Elm Sofa,Oceania - Australia,2023,1910.93
Sony WH-1000XM5,Asia - Southeastern,2019,1060.93
iPad Pro,North America - Central,2022,6398.2
Vitamix Blender,Middle East - Levant,2024,1040.84
Lululemon Align Leggings,Oceania - Australia,2022,146.71
Adidas Ultraboost,Asia - Eastern,2023,643.09
Instant Pot Pro,Europe - Southern,2023,295.21
Ray-Ban Aviators,Middle East - Levant,2021,429.93
Nintendo Switch OLED,Latin America - Central,2024,2114.61
Samsung QLED TV,Asia - Southern,2020,6938.88
Roomba i7+,Middle East - Levant,2022,3977.68
LG OLED TV,Middle East - Gulf,2021,10547.11
Sony WH-1000XM5,Latin America - Southern,2021,2543.32
Lululemon Align Leggings,Middle East - Levant,2023,181.96
Herman Miller Chair,North America - Central,2019,2893.04
IKEA Billy Bookcase,Latin America - Central,2020,117.45
Pottery Barn Dining Table,Europe - Western,2024,5688.34
Vitamix Blender,Europe - Northern,2024,5153.17
Nike Air Force 1,Europe - Northern,2021,58.27
Pottery Barn Dining Table,Middle East - Gulf,2024,8320.04
Nike Air Force 1,North America - Central,2023,403.89
Pottery Barn Dining Table,Oceania - Australia,2020,6192.19
Ray-Ban Aviators,Asia - Southeastern,2023,77.89
Roomba i7+,Europe - Western,2024,6513.67
GoPro Hero 11,Europe - Eastern,2023,3351.45
Samsung Galaxy S23,Latin America - Northern,2019,3931.29
Nike Air Force 1,Asia - Eastern,2021,173.94
Adidas Ultraboost,Oceania - New Zealand,2021,873.58
Vitamix Blender,Europe - Eastern,2019,817.81
Samsung Galaxy S23,Africa - Western,2022,596.83
Lululemon Align Leggings,Europe - Southern,2021,314.6
Samsung QLED TV,Africa - Southern,2019,3102.83
Xbox Series X,Latin America - Northern,2023,1359.76
Samsung QLED TV,Latin America - Southern,2021,2941.96
Google Pixel 7,Latin America - Northern,2024,3878.94
Nike Air Force 1,North America - West,2019,147.79
Pottery Barn Dining Table,Middle East - Gulf,2021,1090.37
Rolex Submariner,North America - East,2024,56329.23
Ray-Ban Aviators,Middle East - Gulf,2020,673.88
Adidas Ultraboost,Latin America - Central,2022,398.57
Nintendo Switch OLED,North America - Central,2020,2718.66
Dell XPS 13,North America - East,2020,4240.72
Samsung Galaxy S23,Europe - Northern,2019,2754.44
Ninja Air Fryer,Oceania - Australia,2019,202.05
Adidas Ultraboost,Europe - Southern,2023,1156.05
PlayStation 5,North America - Central,2023,4883.48
Ninja Air Fryer,Europe - Northern,2020,590.09
Levi's 501 Jeans,Africa - Southern,2020,222.03
Dell XPS 13,Latin America - Southern,2024,7369.42
IKEA Billy Bookcase,Middle East - Levant,2021,348.64
Vitamix Blender,Asia - Southeastern,2023,1323.41
Adidas Ultraboost,Europe - Western,2021,449.33
iPad Pro,Asia - Eastern,2023,11503.29
Canon EOS R6,Europe - Northern,2020,16988.74
Breville Coffee Maker,Asia - Southern,2021,820.34
LG OLED TV,North America - Central,2019,7598.58
West Elm Sofa,North America - East,2023,3783.93
PlayStation 5,Europe - Northern,2023,2906.95
Microsoft Surface Pro,Africa - Western,2020,4468.62
Ninja Air Fryer,Asia - Southeastern,2022,1010.43
Samsung QLED TV,Oceania - New Zealand,2019,1351.06
Roomba i7+,Europe - Western,2019,2455.97
Levi's 501 Jeans,Asia - Southeastern,2020,37.09
Samsung QLED TV,North America - Central,2019,4010.75
IKEA Billy Bookcase,Oceania - Australia,2023,317.58
Breville Coffee Maker,Oceania - New Zealand,2023,1317.02
GoPro Hero 11,Europe - Western,2022,516.26
KitchenAid Mixer,Middle East - Levant,2021,1581.77
Levi's 501 Jeans,Middle East - Levant,2024,315.82
Instant Pot Pro,Asia - Southeastern,2024,944.14
Sony WH-1000XM5,Oceania - New Zealand,2021,3822.63
iPad Pro,Europe - Southern,2019,3822.71
Adidas Ultraboost,Europe - Northern,2023,235.26
Samsung QLED TV,Africa - Southern,2023,3329.39
Dyson V11 Vacuum,North America - Central,2023,1332.51
Ray-Ban Aviators,North America - Central,2019,265.17
Nintendo Switch OLED,Asia - Southeastern,2020,837.58
Breville Coffee Maker,Africa - Eastern,2021,565.99
Herman Miller Chair,Europe - Northern,2020,6990.67
GoPro Hero 11,Europe - Western,2019,2880.41
Samsung QLED TV,Middle East - Gulf,2024,10849.81
Google Pixel 7,Latin America - Central,2023,3320.29
iPad Pro,Middle East - Gulf,2021,7506.5
Xbox Series X,Europe - Northern,2020,3121.5
LG OLED TV,Middle East - Levant,2022,11854.47
Apple Watch Series 8,Asia - Southern,2022,242.44
Canon EOS R6,Latin America - Central,2024,13282.82
Canon EOS R6,Asia - Southeastern,2022,8390.23
GoPro Hero 11,Asia - Southern,2019,2213.84
Canon EOS R6,Africa - Southern,2021,9706.88
Samsung Galaxy S23,Asia - Southern,2022,5118.21
Instant Pot Pro,Oceania - Australia,2022,888.82
KitchenAid Mixer,Middle East - Levant,2023,1341.95
Lululemon Align Leggings,North America - Central,2021,341.54
Adidas Ultraboost,Europe - Southern,2024,235.05
Vitamix Blender,Europe - Eastern,2023,2314.54
Levi's 501 Jeans,Asia - Eastern,2022,57.94
Dyson V11 Vacuum,Oceania - New Zealand,2021,4677.06
Adidas Ultraboost,North America - Central,2022,504.76
Canon EOS R6,Africa - Southern,2024,2062.15
Ninja Air Fryer,Europe - Western,2019,683.31
Google Pixel 7,North America - East,2024,4206.18
Apple Watch Series 8,Europe - Southern,2024,2094.14
LG OLED TV,North America - Central,2020,5123.93
Tempur-Pedic Mattress,North America - West,2022,12961.65
Instant Pot Pro,Latin America - Northern,2023,65.42
PlayStation 5,Asia - Southern,2019,662.06
Ninja Air Fryer,Middle East - Levant,2021,558.98
Sony WH-1000XM5,North America - East,2023,4218.0
IKEA Billy Bookcase,Europe - Southern,2020,122.83
Nike Air Force 1,North America - Central,2020,383.45
Tempur-Pedic Mattress,Middle East - Gulf,2020,7753.68
Instant Pot Pro,Africa - Eastern,2024,481.59
Instant Pot Pro,Latin America - Northern,2021,462.03
AirPods Pro,North America - Central,2022,1964.8
Ray-Ban Aviators,Europe - Southern,2019,484.6
Roomba i7+,Europe - Western,2021,7910.45
Dell XPS 13,Africa - Eastern,2022,3642.22
Pottery Barn Dining Table,Asia - Southern,2019,4007.52
Tempur-Pedic Mattress,Europe - Southern,2024,6964.09
Instant Pot Pro,Europe - Southern,2019,655.09
Google Pixel 7,Asia - Southeastern,2020,1347.27
PlayStation 5,Africa - Western,2024,331.64
Pottery Barn Dining Table,Middle East - Gulf,2021,1090.37
iPhone 14 Pro,Africa - Southern,2021,1416.06
KitchenAid Mixer,Latin America - Central,2020,448.22
Samsung Galaxy S23,North America - West,2021,5246.16
IKEA Billy Bookcase,Europe - Southern,2024,339.96
West Elm Sofa,Oceania - Australia,2022,10881.04
Rolex Submariner,Africa - Eastern,2023,6059.89
Samsung QLED TV,Europe - Western,2019,3165.36
Nespresso Vertuo,Latin America - Northern,2022,295.14
Breville Coffee Maker,Middle East - Levant,2019,477.82
AirPods Pro,Africa - Western,2021,446.98
Ninja Air Fryer,Europe - Eastern,2024,153.17
Dyson V11 Vacuum,Asia - Southeastern,2024,2358.8
Instant Pot Pro,Latin America - Central,2021,233.45
Nintendo Switch OLED,Europe - Northern,2019,1950.51
Canon EOS R6,Middle East - Gulf,2024,25207.2
Tempur-Pedic Mattress,Asia - Southern,2024,1726.83
West Elm Sofa,Europe - Western,2021,12137.06
GoPro Hero 11,Oceania - Australia,2023,451.23
KitchenAid Mixer,Middle East - Levant,2019,1344.21
PlayStation 5,North America - East,2021,6148.63
Samsung QLED TV,Europe - Western,2022,11137.76
MacBook Air M2,Europe - Southern,2020,4256.92
Nintendo Switch OLED,Africa - Western,2024,989.97
Canon EOS R6,Latin America - Southern,2020,10776.1
Samsung Galaxy S23,Africa - Eastern,2023,1883.54
Levi's 501 Jeans,North America - East,2021,228.31
Breville Coffee Maker,Europe - Western,2023,1817.89
iPhone 14 Pro,North America - East,2021,5214.72
Nespresso Vertuo,Africa - Western,2024,1025.79
iPad Pro,Latin America - Central,2021,1279.59
Adidas Ultraboost,Middle East - Levant,2021,139.01
Samsung Galaxy S23,North America - East,2019,3405.3
GoPro Hero 11,North America - West,2022,566.25
Ninja Air Fryer,Asia - Eastern,2024,393.79
Nike Air Force 1,Oceania - Australia,2019,143.67
Instant Pot Pro,North America - West,2020,619.6
Ninja Air Fryer,Asia - Southern,2021,597.36
Vitamix Blender,Asia - Eastern,2019,1831.53
Herman Miller Chair,North America - West,2022,1422.21
Samsung Galaxy S23,Europe - Southern,2019,692.01
Vitamix Blender,Europe - Western,2021,2255.09
MacBook Air M2,North America - Central,2021,2993.98
Herman Miller Chair,Africa - Southern,2021,5035.18
Samsung QLED TV,Latin America - Northern,2020,2449.1
KitchenAid Mixer,Africa - Southern,2019,1363.31
Roomba i7+,Oceania - New Zealand,2023,8579.42
Sony WH-1000XM5,Asia - Southern,2020,1552.16
Samsung QLED TV,Asia - Eastern,2020,8767.75
LG OLED TV,Latin America - Northern,2022,3340.82
Roomba i7+,North America - East,2023,8663.02
GoPro Hero 11,North America - West,2021,3214.67
LG OLED TV,Europe - Eastern,2024,8008.21
Rolex Submariner,Latin America - Central,2022,6434.08
Ninja Air Fryer,North America - East,2019,1006.49
Canon EOS R6,Asia - Southern,2023,9717.69
Dyson V11 Vacuum,Latin America - Southern,2019,1581.0
Rolex Submariner,Africa - Western,2024,11214.37
MacBook Air M2,North America - East,2019,8801.12
Lululemon Align Leggings,Oceania - Australia,2024,77.97
Sony WH-1000XM5,Asia - Southern,2020,1552.16
Samsung QLED TV,Latin America - Central,2019,4968.52
Rolex Submariner,Latin America - Southern,2020,18389.76
Vitamix Blender,Latin America - Northern,2024,1850.5
iPhone 14 Pro,Latin America - Central,2019,3012.45
Microsoft Surface Pro,Asia - Southeastern,2024,7113.0
IKEA Billy Bookcase,Africa - Southern,2023,186.6
Breville Coffee Maker,Africa - Eastern,2024,859.99
Samsung QLED TV,Europe - Western,2020,7634.0
Pottery Barn Dining Table,Africa - Western,2020,5407.09
LG OLED TV,Asia - Southern,2021,4159.44
Roomba i7+,Africa - Eastern,2024,2684.73
Nintendo Switch OLED,Africa - Eastern,2019,529.76
IKEA Billy Bookcase,Latin America - Central,2019,185.43
LG OLED TV,Asia - Southeastern,2020,1200.76
Dell XPS 13,Asia - Eastern,2022,4779.7
GoPro Hero 11,Africa - Southern,2023,1476.46
Dyson V11 Vacuum,North America - East,2020,1074.68
Rolex Submariner,Latin America - Southern,2023,25840.26
Dyson V11 Vacuum,Europe - Eastern,2023,3814.91
IKEA Billy Bookcase,Oceania - Australia,2022,607.73
Google Pixel 7,Africa - Western,2023,460.73
iPad Pro,Europe - Western,2019,4759.12
iPhone 14 Pro,Europe - Southern,2019,6549.12
iPad Pro,Europe - Northern,2023,1356.39
Samsung QLED TV,Europe - Western,2022,11137.76
Apple Watch Series 8,Middle East - Gulf,2024,2275.13
Tempur-Pedic Mattress,Asia - Southern,2023,10702.94
iPad Pro,Asia - Southeastern,2020,6242.3
Xbox Series X,North America - Central,2021,2442.33
Pottery Barn Dining Table,North America - Central,2019,3356.98
Lululemon Align Leggings,North America - Central,2021,341.54
Ninja Air Fryer,Oceania - Australia,2022,291.63
AirPods Pro,Europe - Southern,2021,427.29
Xbox Series X,Asia - Southeastern,2021,2529.11
Ray-Ban Aviators,North America - West,2023,723.9
Nike Air Force 1,Oceania - New Zealand,2022,149.05
Dyson V11 Vacuum,Latin America - Northern,2023,2750.13
Adidas Ultraboost,North America - Central,2024,709.78
Samsung QLED TV,Europe - Northern,2019,2409.16
West Elm Sofa,Europe - Western,2019,2707.02
Dyson V11 Vacuum,Latin America - Southern,2023,4129.45
Vitamix Blender,Asia - Southern,2024,3069.6
West Elm Sofa,Asia - Southern,2019,5391.45
MacBook Air M2,Oceania - Australia,2024,16097.22
Nespresso Vertuo,North America - Central,2024,250.96
iPad Pro,Middle East - Levant,2019,3819.85
Google Pixel 7,Asia - Southeastern,2023,548.69
IKEA Billy Bookcase,Asia - Southeastern,2022,117.13
Adidas Ultraboost,North America - Central,2024,709.78
Samsung Galaxy S23,North America - East,2022,10690.96
Levi's 501 Jeans,Latin America - Southern,2019,86.22
Levi's 501 Jeans,Europe - Southern,2020,358.32
Tempur-Pedic Mattress,North America - Central,2020,1937.59
Canon EOS R6,Latin America - Northern,2024,13045.56
Canon EOS R6,North America - East,2020,13748.81
Levi's 501 Jeans,North America - Central,2019,53.37
iPhone 14 Pro,Africa - Eastern,2022,3786.53
Microsoft Surface Pro,Latin America - Northern,2020,6291.46
GoPro Hero 11,Asia - Southeastern,2023,1310.41
Adidas Ultraboost,Europe - Southern,2023,1156.05
Vitamix Blender,North America - Central,2019,1680.26
Samsung QLED TV,Asia - Southeastern,2020,6249.53
LG OLED TV,Oceania - New Zealand,2023,2048.99
Levi's 501 Jeans,North America - West,2022,622.22
Canon EOS R6,Africa - Southern,2020,9597.69
Pottery Barn Dining Table,Africa - Western,2021,3407.91
West Elm Sofa,Latin America - Southern,2024,7554.91
Apple Watch Series 8,North America - East,2019,2044.14
Nespresso Vertuo,Africa - Western,2023,477.53
AirPods Pro,Africa - Southern,2019,1300.6
Instant Pot Pro,Europe - Southern,2024,980.15
Rolex Submariner,Asia - Southeastern,2024,39587.0
Herman Miller Chair,Latin America - Northern,2022,2881.42
iPad Pro,Africa - Western,2019,1172.9
AirPods Pro,Europe - Western,2020,2154.66
Breville Coffee Maker,North America - West,2022,2193.56
Ninja Air Fryer,Latin America - Central,2022,577.07
Nike Air Force 1,Middle East - Gulf,2022,258.1
AirPods Pro,Middle East - Gulf,2020,656.26
Apple Watch Series 8,Oceania - New Zealand,2022,327.16
Roomba i7+,Africa - Southern,2022,2676.38
Lululemon Align Leggings,Oceania - New Zealand,2023,340.59
Dyson V11 Vacuum,North America - East,2020,1074.68
Herman Miller Chair,North America - East,2024,5591.6
Ninja Air Fryer,Asia - Southeastern,2020,817.15
KitchenAid Mixer,Oceania - New Zealand,2019,722.18
Samsung Galaxy S23,Europe - Western,2024,6294.9
Canon EOS R6,Africa - Eastern,2024,3050.88
Xbox Series X,Europe - Western,2019,1862.29
Ray-Ban Aviators,Middle East - Gulf,2020,673.88
AirPods Pro,Asia - Eastern,2019,222.96
Dyson V11 Vacuum,Asia - Eastern,2019,1449.69
Xbox Series X,Africa - Eastern,2020,1690.08
AirPods Pro,North America - Central,2021,1802.56
Vitamix Blender,North America - East,2022,3233.9
Dell XPS 13,Latin America - Southern,2023,6813.66
Rolex Submariner,Africa - Western,2023,34725.71
Samsung QLED TV,Europe - Northern,2020,9376.48
LG OLED TV,Europe - Eastern,2024,8008.21
KitchenAid Mixer,Africa - Eastern,2019,646.47
Tempur-Pedic Mattress,Middle East - Gulf,2022,8005.11
Dell XPS 13,Africa - Western,2023,5296.89
LG OLED TV,Oceania - New Zealand,2020,8514.16
LG OLED TV,Asia - Southeastern,2022,9802.04
Ninja Air Fryer,Middle East - Levant,2022,727.22
Dyson V11 Vacuum,Europe - Southern,2023,571.35
Dyson V11 Vacuum,Oceania - Australia,2021,2924.81
Breville Coffee Maker,Europe - Northern,2021,429.07
Canon EOS R6,Latin America - Central,2024,13282.82
West Elm Sofa,Africa - Western,2019,6732.96
iPad Pro,Africa - Southern,2024,3142.74
Ray-Ban Aviators,Oceania - New Zealand,2021,621.11
Tempur-Pedic Mattress,Europe - Northern,2019,9518.82
Samsung Galaxy S23,Asia - Southern,2020,3841.95
Google Pixel 7,North America - Central,2020,4347.25
iPhone 14 Pro,Asia - Eastern,2020,1984.26
Nike Air Force 1,Europe - Southern,2024,54.92
KitchenAid Mixer,North America - West,2019,396.89
Ray-Ban Aviators,Europe - Southern,2023,461.05
IKEA Billy Bookcase,Latin America - Southern,2022,482.06
Canon EOS R6,North America - East,2024,20688.3
Nintendo Switch OLED,Oceania - Australia,2024,1808.41
Adidas Ultraboost,Asia - Southern,2019,534.05
iPhone 14 Pro,Asia - Southeastern,2019,1701.37
West Elm Sofa,Latin America - Southern,2020,1131.78
IKEA Billy Bookcase,Europe - Eastern,2024,366.71
PlayStation 5,Europe - Eastern,2022,2856.45
Canon EOS R6,Europe - Eastern,2021,11524.23
iPad Pro,Latin America - Central,2021,1279.59
Nike Air Force 1,Asia - Southeastern,2024,195.88
iPad Pro,Europe - Eastern,2022,2193.87
Breville Coffee Maker,Latin America - Southern,2021,849.45
Microsoft Surface Pro,Latin America - Northern,2023,8772.94
IKEA Billy Bookcase,Latin America - Central,2020,117.45
iPhone 14 Pro,Africa - Eastern,2022,3786.53
Samsung QLED TV,Latin America - Central,2019,4968.52
Lululemon Align Leggings,Europe - Eastern,2023,189.0
Ninja Air Fryer,Middle East - Gulf,2021,1051.37
IKEA Billy Bookcase,North America - Central,2020,139.6
AirPods Pro,Latin America - Central,2023,1683.01
PlayStation 5,Europe - Southern,2023,2941.52
Samsung QLED TV,Africa - Southern,2023,3329.39
Roomba i7+,Oceania - Australia,2020,4791.62
Google Pixel 7,North America - West,2019,3576.65
KitchenAid Mixer,Asia - Southeastern,2020,1545.63
PlayStation 5,Asia - Southeastern,2022,3174.49
Nintendo Switch OLED,Oceania - New Zealand,2022,1385.48
MacBook Air M2,Africa - Eastern,2024,3227.47
Microsoft Surface Pro,Latin America - Southern,2021,7451.89
Sony WH-1000XM5,Middle East - Gulf,2022,950.58
Pottery Barn Dining Table,Africa - Western,2019,4057.05
Nintendo Switch OLED,North America - East,2020,1368.65
Herman Miller Chair,Asia - Eastern,2023,4435.94
Sony WH-1000XM5,Latin America - Southern,2019,195.96
Vitamix Blender,Latin America - Northern,2024,1850.5
Levi's 501 Jeans,Latin America - Central,2019,123.08
Tempur-Pedic Mattress,Asia - Southeastern,2020,4118.67
iPad Pro,North America - East,2019,2068.52
Ninja Air Fryer,Europe - Eastern,2022,727.07
Dyson V11 Vacuum,Africa - Eastern,2019,954.62
Nintendo Switch OLED,Asia - Southeastern,2020,837.58
Tempur-Pedic Mattress,Africa - Southern,2021,2704.95
LG OLED TV,Middle East - Levant,2024,9243.7
Vitamix Blender,Oceania - New Zealand,2019,2634.54
Nike Air Force 1,Europe - Southern,2020,169.24
iPad Pro,Europe - Eastern,2021,3882.27
Tempur-Pedic Mattress,North America - West,2019,15870.06
Rolex Submariner,Latin America - Southern,2019,12421.09
Roomba i7+,Europe - Northern,2022,2582.16
AirPods Pro,Latin America - Southern,2023,205.5
iPad Pro,Europe - Western,2024,5164.24
Dell XPS 13,North America - East,2023,12512.08
Canon EOS R6,North America - West,2023,23862.93
Canon EOS R6,Oceania - Australia,2019,9533.68
Breville Coffee Maker,Asia - Southeastern,2023,1128.27
LG OLED TV,Africa - Eastern,2019,2669.18
Vitamix Blender,North America - East,2024,507.25
Roomba i7+,Oceania - Australia,2019,2750.24
Ninja Air Fryer,Middle East - Gulf,2019,231.55
KitchenAid Mixer,Latin America - Northern,2023,1982.24
Rolex Submariner,Middle East - Levant,2021,23683.31
Levi's 501 Jeans,Oceania - New Zealand,2020,450.81
Adidas Ultraboost,Europe - Eastern,2020,310.55
KitchenAid Mixer,Oceania - New Zealand,2023,3899.51
West Elm Sofa,North America - Central,2023,11038.96
MacBook Air M2,Europe - Western,2024,15857.14
Samsung Galaxy S23,Europe - Eastern,2021,5781.5
PlayStation 5,North America - Central,2022,4010.83
Rolex Submariner,North America - Central,2019,30083.95
GoPro Hero 11,Europe - Northern,2019,2991.93
LG OLED TV,Europe - Eastern,2024,8008.21
Sony WH-1000XM5,North America - West,2023,2851.94
MacBook Air M2,Asia - Eastern,2022,8214.59
West Elm Sofa,North America - Central,2024,10853.72
Roomba i7+,Europe - Southern,2024,4379.11
Roomba i7+,Oceania - Australia,2023,3032.0
Samsung QLED TV,Oceania - New Zealand,2021,7819.14
Adidas Ultraboost,North America - West,2023,611.05
KitchenAid Mixer,Middle East - Levant,2021,1581.77
LG OLED TV,North America - Central,2022,5021.19
Pottery Barn Dining Table,North America - East,2021,7166.96
Samsung QLED TV,Europe - Eastern,2024,6769.77
MacBook Air M2,Europe - Eastern,2023,1333.69
Sony WH-1000XM5,Europe - Southern,2020,1674.71
Apple Watch Series 8,Oceania - New Zealand,2020,748.15
Breville Coffee Maker,Africa - Southern,2021,164.35
Google Pixel 7,Africa - Southern,2023,1724.31
West Elm Sofa,Europe - Western,2020,3804.33
KitchenAid Mixer,Latin America - Southern,2021,1063.98
Dell XPS 13,Asia - Eastern,2020,689.17
Dell XPS 13,Latin America - Northern,2024,2097.64
iPhone 14 Pro,Asia - Southern,2022,4246.91
Herman Miller Chair,Middle East - Gulf,2022,2132.37
Rolex Submariner,Latin America - Northern,2024,16332.66
Ninja Air Fryer,Europe - Southern,2023,136.93
AirPods Pro,North America - East,2019,458.19
Nintendo Switch OLED,Latin America - Northern,2022,242.42
Vitamix Blender,Asia - Southeastern,2019,904.45
PlayStation 5,North America - Central,2024,644.12
Microsoft Surface Pro,Latin America - Northern,2023,8772.94
AirPods Pro,Latin America - Southern,2021,536.4
AirPods Pro,Africa - Southern,2024,555.72
Nintendo Switch OLED,Latin America - Northern,2022,242.42
Ray-Ban Aviators,North America - East,2023,1072.08
Google Pixel 7,Africa - Eastern,2024,906.53
Levi's 501 Jeans,Latin America - Central,2021,136.17
Pottery Barn Dining Table,Africa - Western,2024,3086.83
KitchenAid Mixer,Asia - Southern,2024,1582.8
Nespresso Vertuo,Europe - Western,2021,589.04
iPad Pro,Latin America - Southern,2023,4635.47
MacBook Air M2,North America - West,2021,7401.99
Dell XPS 13,Europe - Southern,2024,4995.67
Dyson V11 Vacuum,Oceania - New Zealand,2021,4677.06
Rolex Submariner,Latin America - Southern,2022,40602.05
Nespresso Vertuo,Oceania - New Zealand,2019,307.48
Breville Coffee Maker,North America - West,2020,1656.26
KitchenAid Mixer,Africa - Western,2024,1697.99
Apple Watch Series 8,Asia - Southern,2021,420.38
IKEA Billy Bookcase,Middle East - Gulf,2021,277.67
Tempur-Pedic Mattress,Middle East - Levant,2024,3112.3
Instant Pot Pro,Asia - Southern,2020,198.48
West Elm Sofa,North America - West,2020,6633.13
Roomba i7+,Africa - Eastern,2020,1094.83
Breville Coffee Maker,North America - West,2020,1656.26
Xbox Series X,Africa - Eastern,2024,1835.67
iPad Pro,Latin America - Southern,2023,4635.47
Microsoft Surface Pro,Europe - Southern,2019,923.95
Pottery Barn Dining Table,North America - West,2019,5940.54
Vitamix Blender,North America - Central,2024,504.87
West Elm Sofa,Africa - Southern,2024,5563.42
Apple Watch Series 8,Asia - Southern,2024,1804.53
Lululemon Align Leggings,North America - West,2019,267.83
Sony WH-1000XM5,Asia - Eastern,2023,1220.78
MacBook Air M2,Asia - Eastern,2021,4014.18
Canon EOS R6,Latin America - Central,2019,9381.21
AirPods Pro,Middle East - Gulf,2024,1882.64
Xbox Series X,North America - Central,2024,2234.78
Nespresso Vertuo,Europe - Northern,2022,944.77
Microsoft Surface Pro,Oceania - New Zealand,2023,7893.16
Apple Watch Series 8,North America - East,2021,508.07
Lululemon Align Leggings,Middle East - Gulf,2019,177.73
Samsung QLED TV,Latin America - Northern,2019,894.49
KitchenAid Mixer,North America - West,2022,1702.45
Ray-Ban Aviators,Africa - Southern,2023,305.68
IKEA Billy Bookcase,Europe - Northern,2022,137.94
PlayStation 5,Africa - Southern,2024,1630.68
Ninja Air Fryer,Oceania - New Zealand,2019,216.9
MacBook Air M2,Africa - Western,2020,4168.23
Instant Pot Pro,Asia - Southeastern,2023,696.54
GoPro Hero 11,Latin America - Central,2024,1127.75
GoPro Hero 11,Europe - Southern,2021,1011.77
Instant Pot Pro,Asia - Eastern,2019,256.83
Microsoft Surface Pro,Asia - Southern,2023,1353.53
Instant Pot Pro,Middle East - Gulf,2023,277.88
Vitamix Blender,Oceania - Australia,2020,828.07
Sony WH-1000XM5,Middle East - Gulf,2020,840.77
Xbox Series X,Africa - Southern,2020,924.57
Vitamix Blender,Asia - Eastern,2023,473.08
Sony WH-1000XM5,Europe - Northern,2022,2761.08
Sony WH-1000XM5,Europe - Western,2019,399.93
Samsung QLED TV,Africa - Southern,2024,2570.21
LG OLED TV,Asia - Southeastern,2020,1200.76
PlayStation 5,Africa - Southern,2022,3007.84
Dyson V11 Vacuum,Africa - Southern,2022,1558.51
Vitamix Blender,Middle East - Gulf,2024,1108.57
Vitamix Blender,Latin America - Southern,2020,210.57
Herman Miller Chair,Middle East - Levant,2020,2039.14
Sony WH-1000XM5,Oceania - New Zealand,2019,647.28
Xbox Series X,Middle East - Levant,2021,1372.02
Lululemon Align Leggings,Oceania - New Zealand,2020,286.63
Samsung QLED TV,North America - Central,2019,4010.75
IKEA Billy Bookcase,North America - East,2024,103.39
Pottery Barn Dining Table,Oceania - New Zealand,2020,6990.66
IKEA Billy Bookcase,Oceania - New Zealand,2023,642.23
Dell XPS 13,Latin America - Southern,2023,6813.66
MacBook Air M2,Asia - Southern,2022,3913.75
Roomba i7+,Africa - Eastern,2022,2518.01
Nike Air Force 1,Asia - Southeastern,2020,116.07
Xbox Series X,Latin America - Southern,2019,983.13
Ninja Air Fryer,North America - East,2023,1578.17
Samsung Galaxy S23,Europe - Southern,2024,928.74
Rolex Submariner,North America - East,2019,5220.72
Microsoft Surface Pro,Europe - Eastern,2024,13590.88
Herman Miller Chair,Oceania - Australia,2021,9063.31
Apple Watch Series 8,Asia - Southeastern,2024,1172.15
Dell XPS 13,Latin America - Southern,2022,4908.53
AirPods Pro,Asia - Southeastern,2020,918.3
Microsoft Surface Pro,Latin America - Central,2021,3618.64
Rolex Submariner,Africa - Eastern,2023,6059.89
Apple Watch Series 8,Asia - Eastern,2019,421.51
Vitamix Blender,Middle East - Levant,2019,1212.54
Canon EOS R6,Latin America - Southern,2021,13924.73
IKEA Billy Bookcase,Asia - Eastern,2023,282.59
Tempur-Pedic Mattress,Latin America - Central,2020,3806.11
GoPro Hero 11,North America - West,2023,1231.9
Nintendo Switch OLED,Asia - Eastern,2024,3851.48
Dell XPS 13,Europe - Southern,2019,3883.86
Tempur-Pedic Mattress,Europe - Western,2020,8596.89
KitchenAid Mixer,North America - East,2023,1028.34
Breville Coffee Maker,Asia - Southern,2020,1220.54
Levi's 501 Jeans,Oceania - New Zealand,2024,546.4
Apple Watch Series 8,Europe - Northern,2024,323.23
Herman Miller Chair,Oceania - New Zealand,2019,6988.15
Canon EOS R6,Europe - Western,2022,27009.99
Instant Pot Pro,Europe - Northern,2023,1267.25
AirPods Pro,Asia - Southern,2019,380.81
Xbox Series X,Latin America - Northern,2022,856.47
MacBook Air M2,Middle East - Gulf,2020,4674.89
Pottery Barn Dining Table,Oceania - New Zealand,2021,7382.87
AirPods Pro,North America - Central,2023,2200.37
Vitamix Blender,Middle East - Levant,2024,1040.84
Herman Miller Chair,Oceania - Australia,2023,1639.15
Herman Miller Chair,Middle East - Levant,2019,5179.53
Samsung QLED TV,North America - West,2021,11713.41
iPad Pro,North America - Central,2024,3068.17
Vitamix Blender,Africa - Eastern,2019,576.24
West Elm Sofa,Latin America - Northern,2021,9081.37
Apple Watch Series 8,Asia - Southern,2024,1804.53
Apple Watch Series 8,Europe - Western,2024,300.81
Rolex Submariner,North America - East,2022,43688.68
Apple Watch Series 8,Latin America - Southern,2021,156.63
iPad Pro,Middle East - Gulf,2022,2947.02
West Elm Sofa,Middle East - Gulf,2023,5022.51
MacBook Air M2,Latin America - Central,2023,6489.21
iPhone 14 Pro,Africa - Eastern,2023,3921.04
Herman Miller Chair,North America - Central,2024,1617.1
Levi's 501 Jeans,Europe - Western,2024,522.01
LG OLED TV,Middle East - Levant,2021,5945.65
KitchenAid Mixer,Africa - Southern,2022,1249.91
Adidas Ultraboost,Oceania - Australia,2023,903.63
GoPro Hero 11,Latin America - Central,2022,1791.21
Dyson V11 Vacuum,Oceania - New Zealand,2024,4705.63
Instant Pot Pro,Africa - Eastern,2024,481.59
GoPro Hero 11,Europe - Western,2024,3017.34
Rolex Submariner,Latin America - Southern,2024,9547.23
AirPods Pro,North America - Central,2019,991.82
Adidas Ultraboost,Asia - Southern,2019,534.05
Pottery Barn Dining Table,Latin America - Central,2021,558.95
Tempur-Pedic Mattress,Oceania - Australia,2023,11106.65
PlayStation 5,Europe - Southern,2022,2566.72
Instant Pot Pro,Asia - Southern,2021,346.16
Dell XPS 13,Europe - Western,2019,7549.14
Google Pixel 7,North America - East,2021,6432.24
Levi's 501 Jeans,Latin America - Northern,2023,152.46
Google Pixel 7,North America - Central,2022,716.99
iPhone 14 Pro,North America - East,2020,1271.33
Herman Miller Chair,Europe - Eastern,2021,1905.98
Apple Watch Series 8,Europe - Eastern,2023,203.84
Ninja Air Fryer,Oceania - Australia,2023,641.99
Nike Air Force 1,Europe - Northern,2021,58.27
Google Pixel 7,Europe - Northern,2024,1962.36
Microsoft Surface Pro,Africa - Southern,2023,3932.91
Vitamix Blender,North America - Central,2023,1829.23
Nintendo Switch OLED,Middle East - Gulf,2023,2979.71
Herman Miller Chair,Europe - Southern,2019,3035.42
Samsung QLED TV,North America - West,2023,11172.24
Nike Air Force 1,Europe - Northern,2019,234.6
Instant Pot Pro,Asia - Southern,2024,102.47
Adidas Ultraboost,Africa - Western,2023,220.85
iPhone 14 Pro,Europe - Western,2021,1106.04
LG OLED TV,Latin America - Southern,2024,6964.6
LG OLED TV,Asia - Southern,2023,7763.91
MacBook Air M2,Asia - Southern,2023,10835.22
Dell XPS 13,Europe - Northern,2019,6245.68
Levi's 501 Jeans,Oceania - Australia,2024,278.08
Microsoft Surface Pro,Oceania - New Zealand,2021,3600.15
Samsung Galaxy S23,Middle East - Levant,2021,519.53
Canon EOS R6,Latin America - Central,2024,13282.82
iPad Pro,Asia - Southern,2024,2671.5
LG OLED TV,Asia - Southeastern,2019,1773.52
Levi's 501 Jeans,Africa - Eastern,2024,281.84
Microsoft Surface Pro,Middle East - Gulf,2021,1205.46
Roomba i7+,Africa - Eastern,2021,1913.08
Dell XPS 13,Europe - Northern,2024,1346.2
Roomba i7+,Africa - Western,2021,1023.63
Vitamix Blender,Europe - Western,2022,2789.67
AirPods Pro,Europe - Western,2019,758.98
Xbox Series X,Europe - Western,2019,1862.29
West Elm Sofa,Latin America - Northern,2019,6709.62
Adidas Ultraboost,North America - West,2020,1039.69
IKEA Billy Bookcase,Asia - Southern,2024,123.29
Xbox Series X,Africa - Southern,2020,924.57
Xbox Series X,Asia - Eastern,2023,601.55
Roomba i7+,Europe - Northern,2022,2582.16
LG OLED TV,Latin America - Northern,2021,5690.13
Dyson V11 Vacuum,Africa - Southern,2024,2457.8
Tempur-Pedic Mattress,Latin America - Northern,2022,2279.57
Canon EOS R6,North America - Central,2019,14639.94
MacBook Air M2,North America - East,2023,7610.97
Ninja Air Fryer,North America - Central,2019,274.56
West Elm Sofa,Oceania - New Zealand,2021,1908.56
iPhone 14 Pro,Oceania - New Zealand,2022,5169.21
Nike Air Force 1,Europe - Western,2024,864.81
Herman Miller Chair,Africa - Eastern,2022,4288.36
Lululemon Align Leggings,Africa - Eastern,2024,286.06
AirPods Pro,Latin America - Southern,2024,760.35
Samsung QLED TV,Africa - Southern,2021,3396.78
Dyson V11 Vacuum,Latin America - Central,2021,2076.22
Instant Pot Pro,Latin America - Northern,2023,65.42
Canon EOS R6,North America - Central,2019,14639.94
PlayStation 5,Africa - Southern,2023,2403.38
Nespresso Vertuo,Middle East - Levant,2019,583.34
Lululemon Align Leggings,Oceania - Australia,2023,159.39
Dell XPS 13,Europe - Southern,2020,3373.06
GoPro Hero 11,North America - Central,2024,3649.14
Sony WH-1000XM5,Latin America - Central,2023,695.48
Levi's 501 Jeans,Asia - Eastern,2023,518.34
Microsoft Surface Pro,Oceania - Australia,2021,3200.27
West Elm Sofa,Oceania - New Zealand,2022,8099.89
Nintendo Switch OLED,Latin America - Central,2022,310.16
Roomba i7+,Latin America - Central,2023,2613.82
Sony WH-1000XM5,Middle East - Levant,2024,2293.22
Nespresso Vertuo,Europe - Eastern,2020,384.26
Ninja Air Fryer,Oceania - New Zealand,2023,1195.82
Xbox Series X,Europe - Eastern,2021,1279.59
Ninja Air Fryer,Latin America - Central,2021,349.39
Adidas Ultraboost,Middle East - Gulf,2022,612.22
Dell XPS 13,Asia - Southeastern,2022,1991.12
Ray-Ban Aviators,Europe - Western,2020,281.13
GoPro Hero 11,Asia - Southern,2024,2376.58
Microsoft Surface Pro,Africa - Eastern,2022,6489.17
Dyson V11 Vacuum,Middle East - Levant,2023,2003.13
iPhone 14 Pro,Asia - Southern,2020,1097.8
Pottery Barn Dining Table,Asia - Southeastern,2021,7998.11
Pottery Barn Dining Table,Europe - Western,2021,7422.72
Pottery Barn Dining Table,Europe - Eastern,2024,2497.45
Herman Miller Chair,North America - West,2024,14770.55
KitchenAid Mixer,Asia - Southeastern,2019,483.0
Tempur-Pedic Mattress,North America - East,2021,4475.02
Vitamix Blender,Oceania - New Zealand,2021,960.57
iPhone 14 Pro,North America - West,2022,1390.79
Ninja Air Fryer,Latin America - Central,2023,292.11
Instant Pot Pro,Asia - Southern,2024,102.47
Canon EOS R6,Latin America - Southern,2024,13051.43
West Elm Sofa,North America - West,2019,6107.02
IKEA Billy Bookcase,Asia - Southern,2023,365.61
Samsung Galaxy S23,North America - West,2019,5658.38
Lululemon Align Leggings,Oceania - Australia,2022,146.71
Pottery Barn Dining Table,Asia - Southeastern,2021,7998.11
Ninja Air Fryer,Middle East - Gulf,2022,1026.48
Tempur-Pedic Mattress,Asia - Eastern,2021,11859.71
Adidas Ultraboost,Oceania - New Zealand,2023,162.58
AirPods Pro,Europe - Southern,2024,1196.76
Dyson V11 Vacuum,Asia - Southern,2024,2142.28
Sony WH-1000XM5,Africa - Western,2019,880.85
PlayStation 5,Africa - Eastern,2019,786.48
Samsung QLED TV,Oceania - Australia,2019,4881.05
Herman Miller Chair,Africa - Eastern,2024,1828.96
Levi's 501 Jeans,Asia - Southeastern,2020,37.09
Adidas Ultraboost,Latin America - Northern,2022,229.97
KitchenAid Mixer,Europe - Southern,2023,2711.76
iPad Pro,Europe - Southern,2021,1182.94
Microsoft Surface Pro,Asia - Southern,2024,5849.76
Dell XPS 13,Oceania - Australia,2021,4907.84
Adidas Ultraboost,Africa - Western,2020,184.03
Levi's 501 Jeans,North America - West,2020,269.03
PlayStation 5,Middle East - Levant,2019,281.68
Samsung Galaxy S23,Middle East - Gulf,2021,6350.99
Apple Watch Series 8,North America - Central,2021,1594.27
Herman Miller Chair,Africa - Western,2022,2487.99
Google Pixel 7,Latin America - Southern,2019,978.34
Samsung Galaxy S23,Asia - Southern,2020,3841.95
Ray-Ban Aviators,Oceania - Australia,2024,949.96
IKEA Billy Bookcase,Europe - Northern,2022,137.94
Dyson V11 Vacuum,Middle East - Gulf,2021,3871.81
West Elm Sofa,North America - East,2024,19730.06
Dyson V11 Vacuum,Europe - Southern,2020,858.2
IKEA Billy Bookcase,Asia - Southern,2023,365.61
Microsoft Surface Pro,Latin America - Southern,2023,4232.57
Vitamix Blender,Europe - Northern,2019,2103.49
Nike Air Force 1,Europe - Eastern,2024,76.12
iPad Pro,North America - West,2024,13939.4
Ninja Air Fryer,Latin America - Central,2022,577.07
PlayStation 5,Africa - Southern,2024,1630.68
Microsoft Surface Pro,Africa - Southern,2020,7841.88
Herman Miller Chair,Asia - Eastern,2024,2131.63
Instant Pot Pro,Asia - Eastern,2019,256.83
Dyson V11 Vacuum,Europe - Northern,2022,3221.51
AirPods Pro,North America - Central,2020,627.64
LG OLED TV,Europe - Eastern,2024,8008.21
Nespresso Vertuo,Middle East - Gulf,2021,387.14
iPhone 14 Pro,Europe - Western,2019,6572.67
Roomba i7+,Latin America - Northern,2019,1362.54
iPad Pro,Europe - Eastern,2022,2193.87
Roomba i7+,Latin America - Northern,2022,1741.47
Google Pixel 7,Africa - Southern,2019,2894.57
Vitamix Blender,Asia - Southeastern,2019,904.45
KitchenAid Mixer,Latin America - Southern,2023,2271.21
Rolex Submariner,Oceania - New Zealand,2021,4929.81
Samsung QLED TV,Europe - Southern,2023,6522.86
Levi's 501 Jeans,Latin America - Central,2023,235.6
Xbox Series X,Latin America - Southern,2023,3075.97
PlayStation 5,Oceania - Australia,2020,4177.44
Levi's 501 Jeans,Europe - Southern,2019,202.4
KitchenAid Mixer,Europe - Western,2020,1833.55
Levi's 501 Jeans,Africa - Western,2019,25.37
Rolex Submariner,Middle East - Gulf,2020,35602.75
iPhone 14 Pro,Latin America - Northern,2020,2047.46
Canon EOS R6,North America - West,2023,23862.93
Samsung QLED TV,North America - West,2021,11713.41
Instant Pot Pro,Europe - Southern,2021,676.27
Samsung QLED TV,Latin America - Northern,2020,2449.1
Vitamix Blender,Middle East - Levant,2022,2592.16
Google Pixel 7,Europe - Western,2024,1670.54
Dyson V11 Vacuum,Oceania - New Zealand,2021,4677.06
Breville Coffee Maker,Europe - Eastern,2021,970.19
Nintendo Switch OLED,Africa - Southern,2019,1406.28
Xbox Series X,North America - East,2019,3096.56
Microsoft Surface Pro,Africa - Eastern,2019,4673.14
Roomba i7+,Oceania - New Zealand,2024,1168.0
Samsung QLED TV,North America - East,2023,9766.29
Dell XPS 13,Europe - Western,2024,11066.53
Apple Watch Series 8,Latin America - Northern,2023,645.59
Canon EOS R6,Latin America - Northern,2023,7376.91
Rolex Submariner,Asia - Eastern,2024,29764.28
Ray-Ban Aviators,North America - West,2019,380.71
Dell XPS 13,Asia - Eastern,2019,3828.37
Canon EOS R6,Europe - Southern,2023,2789.32
Samsung Galaxy S23,Latin America - Central,2023,2697.64
Apple Watch Series 8,Latin America - Northern,2020,1034.97
PlayStation 5,Africa - Southern,2023,2403.38
Nintendo Switch OLED,Asia - Southeastern,2022,323.93
Adidas Ultraboost,Latin America - Central,2021,678.39
Levi's 501 Jeans,North America - West,2021,81.55
Dyson V11 Vacuum,Asia - Southeastern,2020,1128.31
AirPods Pro,Europe - Southern,2020,950.55
Lululemon Align Leggings,Latin America - Central,2022,199.03
Ray-Ban Aviators,Middle East - Gulf,2021,280.34
Adidas Ultraboost,Oceania - New Zealand,2024,601.85
Instant Pot Pro,Latin America - Northern,2019,57.72
Canon EOS R6,Latin America - Southern,2022,6361.54
KitchenAid Mixer,Oceania - New Zealand,2022,410.78
Levi's 501 Jeans,Europe - Western,2024,522.01
LG OLED TV,North America - East,2020,7870.47
Herman Miller Chair,Latin America - Southern,2020,672.49
GoPro Hero 11,Middle East - Levant,2024,2846.89
Tempur-Pedic Mattress,Europe - Western,2022,12664.59
Adidas Ultraboost,North America - Central,2021,416.96
Dyson V11 Vacuum,Europe - Northern,2023,1790.74
Canon EOS R6,Latin America - Northern,2019,9968.79
Google Pixel 7,Europe - Northern,2023,4401.84
LG OLED TV,Asia - Southern,2022,6836.58
Ninja Air Fryer,Asia - Southeastern,2024,861.63
Levi's 501 Jeans,Asia - Southeastern,2022,385.64
Samsung QLED TV,Latin America - Northern,2023,5560.33
PlayStation 5,Europe - Eastern,2020,1906.08
Samsung Galaxy S23,North America - West,2023,6569.48
Sony WH-1000XM5,Africa - Eastern,2023,1089.62
KitchenAid Mixer,Africa - Southern,2024,1610.86
Adidas Ultraboost,North America - Central,2021,416.96
Canon EOS R6,Latin America - Central,2019,9381.21
Dyson V11 Vacuum,Latin America - Central,2021,2076.22
GoPro Hero 11,Europe - Southern,2020,1590.05
Samsung QLED TV,North America - Central,2019,4010.75
Canon EOS R6,North America - West,2021,6442.62
Rolex Submariner,Europe - Southern,2023,9468.04
iPhone 14 Pro,Asia - Eastern,2020,1984.26
iPhone 14 Pro,Europe - Southern,2024,5903.62
Dell XPS 13,Europe - Southern,2021,2002.5
iPad Pro,Latin America - Central,2019,3088.49
Google Pixel 7,Latin America - Northern,2019,606.66
Instant Pot Pro,Middle East - Gulf,2024,114.44
GoPro Hero 11,Asia - Southern,2022,1156.24
Samsung Galaxy S23,Africa - Southern,2021,3639.36
Apple Watch Series 8,Asia - Eastern,2023,1859.74
MacBook Air M2,Africa - Eastern,2023,1757.73
AirPods Pro,Asia - Southeastern,2021,749.38
Samsung Galaxy S23,Asia - Southern,2024,2792.78
AirPods Pro,Europe - Western,2020,2154.66
Canon EOS R6,North America - Central,2020,7202.61
West Elm Sofa,Africa - Western,2024,8208.34
Canon EOS R6,Latin America - Southern,2021,13924.73
Instant Pot Pro,Latin America - Central,2021,233.45
Nintendo Switch OLED,Latin America - Southern,2021,618.21
Rolex Submariner,Africa - Southern,2024,5751.82
Canon EOS R6,Latin America - Central,2019,9381.21
Lululemon Align Leggings,Oceania - Australia,2021,71.31
Ninja Air Fryer,North America - West,2020,584.63
iPad Pro,Africa - Western,2022,2346.86
Nespresso Vertuo,North America - Central,2024,250.96
Rolex Submariner,Latin America - Northern,2023,3831.26
GoPro Hero 11,Europe - Northern,2020,1463.01
AirPods Pro,Asia - Southern,2019,380.81
GoPro Hero 11,Middle East - Gulf,2019,1249.39
Tempur-Pedic Mattress,Oceania - New Zealand,2023,19204.78
Xbox Series X,Latin America - Northern,2019,2106.01
Rolex Submariner,North America - West,2024,11402.07
GoPro Hero 11,Asia - Southeastern,2022,2651.67
Canon EOS R6,Africa - Western,2022,6609.66
Instant Pot Pro,North America - West,2023,1381.54
Microsoft Surface Pro,Africa - Western,2023,4306.27
PlayStation 5,Asia - Southeastern,2020,2011.68
Herman Miller Chair,Latin America - Southern,2020,672.49
Pottery Barn Dining Table,Africa - Western,2023,2297.81
Instant Pot Pro,Africa - Eastern,2021,110.13
Ninja Air Fryer,Middle East - Levant,2023,366.55
Adidas Ultraboost,Middle East - Levant,2023,286.67
Nintendo Switch OLED,Africa - Southern,2020,602.04
Instant Pot Pro,North America - East,2024,1025.92
West Elm Sofa,Africa - Southern,2022,3722.56
Pottery Barn Dining Table,Asia - Eastern,2020,2616.08
Rolex Submariner,Europe - Western,2020,11728.25
GoPro Hero 11,North America - West,2019,2590.12
Tempur-Pedic Mattress,Europe - Southern,2019,9990.6
Ray-Ban Aviators,Middle East - Gulf,2023,892.87
Instant Pot Pro,Africa - Eastern,2021,110.13
West Elm Sofa,Europe - Northern,2019,4930.67
iPhone 14 Pro,Latin America - Southern,2023,884.73
iPad Pro,Europe - Southern,2021,1182.94
Nespresso Vertuo,Europe - Eastern,2022,279.42
GoPro Hero 11,Latin America - Southern,2019,1007.22
IKEA Billy Bookcase,Europe - Eastern,2022,274.89
Samsung Galaxy S23,Europe - Southern,2024,928.74
Breville Coffee Maker,Europe - Eastern,2020,1051.71
Microsoft Surface Pro,Middle East - Levant,2024,8737.17
PlayStation 5,Europe - Northern,2019,2467.38
Xbox Series X,Asia - Eastern,2024,3889.0
Roomba i7+,Oceania - Australia,2019,2750.24
Apple Watch Series 8,Europe - Eastern,2024,598.01
PlayStation 5,Europe - Eastern,2024,1060.27
iPhone 14 Pro,North America - East,2019,2540.44
Dyson V11 Vacuum,Oceania - Australia,2021,2924.81
Ray-Ban Aviators,Middle East - Levant,2019,209.19
Dyson V11 Vacuum,Africa - Southern,2021,1568.32
Tempur-Pedic Mattress,Europe - Eastern,2024,11603.56
Rolex Submariner,North America - Central,2019,30083.95
Samsung Galaxy S23,Latin America - Northern,2020,508.28
Nespresso Vertuo,Europe - Northern,2021,142.12
AirPods Pro,Europe - Southern,2019,877.63
Samsung QLED TV,Europe - Eastern,2022,9292.42
Tempur-Pedic Mattress,North America - West,2022,12961.65
AirPods Pro,Asia - Eastern,2022,819.62
Tempur-Pedic Mattress,Africa - Western,2023,1389.55
GoPro Hero 11,North America - East,2022,4445.16
Google Pixel 7,Latin America - Southern,2023,446.36
Instant Pot Pro,Asia - Southern,2019,561.77
Tempur-Pedic Mattress,Latin America - Northern,2021,6113.22
Dell XPS 13,North America - West,2024,4171.34
Herman Miller Chair,Latin America - Northern,2020,5359.63
Levi's 501 Jeans,Africa - Western,2019,25.37
Microsoft Surface Pro,Latin America - Central,2020,5315.48
Nespresso Vertuo,North America - East,2019,383.87
Levi's 501 Jeans,Africa - Western,2023,121.54
Ninja Air Fryer,Africa - Eastern,2021,320.99
Instant Pot Pro,Africa - Eastern,2022,61.9
iPhone 14 Pro,Africa - Southern,2024,2903.39
iPad Pro,Asia - Southeastern,2020,6242.3
iPhone 14 Pro,Europe - Northern,2021,6412.19
Adidas Ultraboost,Asia - Eastern,2022,1038.16
iPhone 14 Pro,North America - Central,2020,3739.59
Instant Pot Pro,Europe - Eastern,2024,892.87
iPhone 14 Pro,Europe - Northern,2020,1987.28
West Elm Sofa,Africa - Western,2021,5031.84
West Elm Sofa,Oceania - Australia,2021,7311.59
Levi's 501 Jeans,North America - East,2023,72.57
Levi's 501 Jeans,North America - West,2022,622.22
PlayStation 5,Latin America - Central,2020,1682.09
Apple Watch Series 8,Europe - Southern,2021,1273.72
Tempur-Pedic Mattress,Asia - Southern,2024,1726.83
LG OLED TV,Oceania - Australia,2021,13999.36
iPhone 14 Pro,North America - East,2021,5214.72
Google Pixel 7,Europe - Eastern,2019,1913.99
Pottery Barn Dining Table,Europe - Eastern,2022,6783.6
LG OLED TV,Asia - Southern,2020,9849.73
Vitamix Blender,Oceania - New Zealand,2019,2634.54
Ray-Ban Aviators,Latin America - Southern,2022,578.15
Apple Watch Series 8,North America - Central,2019,881.39
Pottery Barn Dining Table,Europe - Western,2021,7422.72
AirPods Pro,Latin America - Southern,2020,192.0
Sony WH-1000XM5,Europe - Western,2024,4485.07
Samsung QLED TV,Europe - Eastern,2020,3420.78
Herman Miller Chair,Africa - Eastern,2020,1611.12
Pottery Barn Dining Table,Europe - Southern,2024,13199.38
Rolex Submariner,Middle East - Levant,2022,23006.54
Breville Coffee Maker,Europe - Northern,2021,429.07
Dyson V11 Vacuum,Europe - Eastern,2022,4486.37
Herman Miller Chair,Oceania - Australia,2019,2214.35
Instant Pot Pro,Latin America - Southern,2022,238.83
Xbox Series X,Oceania - New Zealand,2023,2494.23
Dell XPS 13,Asia - Southeastern,2022,1991.12
Samsung QLED TV,Europe - Eastern,2024,6769.77
Instant Pot Pro,Oceania - New Zealand,2022,621.99
Google Pixel 7,Asia - Eastern,2024,1970.6
Nintendo Switch OLED,Oceania - Australia,2022,3111.48
Sony WH-1000XM5,Europe - Southern,2021,3295.04
Adidas Ultraboost,Latin America - Central,2020,252.06
iPad Pro,Africa - Southern,2020,3420.49
KitchenAid Mixer,North America - Central,2019,2001.02
Canon EOS R6,Middle East - Gulf,2021,15670.08
Dyson V11 Vacuum,North America - Central,2024,1807.06
PlayStation 5,Africa - Eastern,2020,968.1
MacBook Air M2,Middle East - Levant,2022,8881.41
Ninja Air Fryer,Europe - Western,2019,683.31
West Elm Sofa,Europe - Southern,2024,12068.5
MacBook Air M2,Middle East - Gulf,2020,4674.89
Dell XPS 13,Oceania - Australia,2021,4907.84
Rolex Submariner,Africa - Eastern,2020,9226.0
Dyson V11 Vacuum,Europe - Northern,2023,1790.74
West Elm Sofa,Africa - Western,2022,2546.44
Ray-Ban Aviators,Africa - Eastern,2021,127.25
Google Pixel 7,Europe - Western,2024,1670.54
Ninja Air Fryer,Latin America - Northern,2019,121.74
Dyson V11 Vacuum,Africa - Eastern,2020,617.48
GoPro Hero 11,Europe - Northern,2019,2991.93
Lululemon Align Leggings,Oceania - New Zealand,2020,286.63
Rolex Submariner,Oceania - New Zealand,2023,24123.28
Herman Miller Chair,North America - East,2019,5090.42
Samsung Galaxy S23,Europe - Eastern,2021,5781.5
Tempur-Pedic Mattress,North America - East,2022,21473.83
Samsung QLED TV,Oceania - Australia,2020,2462.71
Sony WH-1000XM5,Asia - Eastern,2024,4063.73
MacBook Air M2,Europe - Eastern,2021,4788.36
iPhone 14 Pro,Latin America - Central,2024,3322.36
Nintendo Switch OLED,Africa - Eastern,2024,848.65
Dyson V11 Vacuum,Asia - Eastern,2024,610.07
PlayStation 5,Middle East - Gulf,2023,1151.64
PlayStation 5,Europe - Western,2024,2552.59
GoPro Hero 11,Asia - Southern,2020,565.78
Breville Coffee Maker,North America - East,2024,1740.53
Ray-Ban Aviators,Latin America - Central,2024,74.57
Microsoft Surface Pro,Latin America - Central,2022,3462.19
iPad Pro,North America - Central,2024,3068.17
Xbox Series X,Latin America - Southern,2020,3200.08
Xbox Series X,North America - West,2021,3339.49
Nintendo Switch OLED,Europe - Eastern,2020,295.26
Levi's 501 Jeans,Asia - Eastern,2019,145.96
Dyson V11 Vacuum,Latin America - Northern,2024,2429.17
Ray-Ban Aviators,Africa - Southern,2023,305.68
Tempur-Pedic Mattress,Latin America - Central,2024,5675.96
Samsung QLED TV,North America - West,2020,8758.16
Microsoft Surface Pro,Oceania - Australia,2021,3200.27
PlayStation 5,Middle East - Levant,2022,4120.39
MacBook Air M2,Asia - Eastern,2022,8214.59
Nike Air Force 1,Oceania - Australia,2023,323.18
Samsung Galaxy S23,Asia - Southern,2021,2525.43
IKEA Billy Bookcase,Latin America - Northern,2020,236.46
AirPods Pro,Latin America - Northern,2021,610.52
Dell XPS 13,Asia - Southeastern,2024,6145.9
Nintendo Switch OLED,Asia - Eastern,2022,2392.07
Lululemon Align Leggings,North America - East,2019,162.14
Rolex Submariner,Asia - Southern,2024,4668.8
Apple Watch Series 8,Latin America - Central,2019,312.44
Canon EOS R6,Latin America - Southern,2019,15816.82
Dyson V11 Vacuum,Middle East - Gulf,2024,713.34
Xbox Series X,Middle East - Levant,2019,1533.78
Breville Coffee Maker,Oceania - New Zealand,2019,1378.41
Levi's 501 Jeans,Europe - Western,2023,595.12
Dyson V11 Vacuum,Europe - Northern,2019,1682.06
Samsung Galaxy S23,Middle East - Levant,2022,759.43
Samsung QLED TV,Middle East - Levant,2022,4016.68
Microsoft Surface Pro,Latin America - Northern,2023,8772.94
Samsung QLED TV,Latin America - Southern,2023,6533.47
Vitamix Blender,North America - East,2023,2242.32
Nintendo Switch OLED,North America - Central,2021,1490.22
Xbox Series X,North America - West,2022,2660.68
GoPro Hero 11,North America - Central,2024,3649.14
Levi's 501 Jeans,Africa - Eastern,2019,117.74
Samsung QLED TV,Asia - Eastern,2021,4239.11
Herman Miller Chair,Latin America - Northern,2020,5359.63
IKEA Billy Bookcase,Europe - Eastern,2022,274.89
Tempur-Pedic Mattress,Africa - Southern,2023,8536.32
Pottery Barn Dining Table,Africa - Southern,2023,6608.52
Tempur-Pedic Mattress,Latin America - Southern,2021,1134.25
Apple Watch Series 8,Africa - Western,2024,933.26
Nike Air Force 1,Africa - Western,2024,105.63
Ninja Air Fryer,Latin America - Southern,2019,148.45
iPhone 14 Pro,North America - East,2023,6889.15
Xbox Series X,Middle East - Gulf,2024,4166.4
Microsoft Surface Pro,Africa - Southern,2019,4427.4
Rolex Submariner,Latin America - Northern,2020,5242.7
iPad Pro,Europe - Western,2020,6808.67
Roomba i7+,Africa - Eastern,2023,2409.55
GoPro Hero 11,Oceania - New Zealand,2020,452.87
KitchenAid Mixer,North America - West,2021,3703.91
iPad Pro,Africa - Southern,2020,3420.49
LG OLED TV,Oceania - Australia,2023,11665.85
Tempur-Pedic Mattress,Asia - Southern,2020,8671.82
Lululemon Align Leggings,Middle East - Levant,2020,208.05
Google Pixel 7,Europe - Western,2024,1670.54
Ray-Ban Aviators,Europe - Eastern,2020,436.23
Pottery Barn Dining Table,Europe - Northern,2020,6668.63
KitchenAid Mixer,North America - Central,2023,3919.72
Rolex Submariner,Europe - Southern,2020,16764.59
Herman Miller Chair,Asia - Eastern,2024,2131.63
Nike Air Force 1,Middle East - Levant,2022,98.38
Tempur-Pedic Mattress,Europe - Southern,2024,6964.09
iPad Pro,Africa - Western,2024,3121.58
Rolex Submariner,Middle East - Gulf,2019,12611.58
Adidas Ultraboost,Oceania - Australia,2023,903.63
Nintendo Switch OLED,Europe - Eastern,2022,2282.48
Herman Miller Chair,Africa - Eastern,2024,1828.96
Apple Watch Series 8,North America - West,2019,1505.09
LG OLED TV,Europe - Southern,2024,1987.35
Canon EOS R6,Latin America - Southern,2019,15816.82
Sony WH-1000XM5,Oceania - Australia,2019,728.91
Herman Miller Chair,North America - East,2019,5090.42
LG OLED TV,Latin America - Central,2023,9911.14
Pottery Barn Dining Table,Africa - Southern,2019,1319.12
Levi's 501 Jeans,Europe - Northern,2023,238.82
West Elm Sofa,North America - Central,2020,6170.78
Microsoft Surface Pro,Oceania - New Zealand,2024,11740.51
Dyson V11 Vacuum,Europe - Northern,2024,2826.88
Nike Air Force 1,Latin America - Northern,2023,261.94
Pottery Barn Dining Table,Africa - Southern,2023,6608.52
Ninja Air Fryer,Oceania - New Zealand,2019,216.9
iPhone 14 Pro,Africa - Western,2023,3744.53
Sony WH-1000XM5,Middle East - Levant,2021,798.59
Dell XPS 13,Middle East - Levant,2022,5364.22
Tempur-Pedic Mattress,Asia - Southern,2019,8672.07
Microsoft Surface Pro,Europe - Western,2021,8436.17
Ray-Ban Aviators,Asia - Eastern,2022,328.11
Dyson V11 Vacuum,Oceania - New Zealand,2020,1024.66
KitchenAid Mixer,Europe - Eastern,2021,1003.2
Ninja Air Fryer,Asia - Southern,2024,1037.29
iPad Pro,North America - East,2020,5404.42
Microsoft Surface Pro,North America - West,2022,16052.89
Samsung Galaxy S23,Latin America - Northern,2019,3931.29
PlayStation 5,Asia - Southern,2020,1348.29
Adidas Ultraboost,Asia - Southern,2021,547.92
Nintendo Switch OLED,Latin America - Central,2019,740.63
Apple Watch Series 8,Latin America - Southern,2020,1139.4
Ray-Ban Aviators,North America - East,2019,512.96
Vitamix Blender,Oceania - Australia,2020,828.07
Pottery Barn Dining Table,Latin America - Central,2020,1854.42
Apple Watch Series 8,Europe - Northern,2024,323.23
Dyson V11 Vacuum,Asia - Eastern,2022,500.23
Nespresso Vertuo,North America - East,2020,559.34
KitchenAid Mixer,Latin America - Northern,2019,1617.98
iPad Pro,Latin America - Northern,2022,3537.02
Levi's 501 Jeans,North America - East,2023,72.57
Ninja Air Fryer,Oceania - Australia,2024,1161.72
Lululemon Align Leggings,North America - West,2024,365.16
Microsoft Surface Pro,Latin America - Northern,2020,6291.46
Ninja Air Fryer,Europe - Southern,2021,349.39
West Elm Sofa,Europe - Southern,2021,3090.38
Canon EOS R6,North America - Central,2019,14639.94
MacBook Air M2,Oceania - New Zealand,2019,1308.75
Samsung QLED TV,Europe - Southern,2020,2595.78
Sony WH-1000XM5,Africa - Western,2024,505.7
West Elm Sofa,Oceania - Australia,2023,1910.93
Ray-Ban Aviators,Latin America - Central,2023,448.25
Dyson V11 Vacuum,Latin America - Central,2019,1980.2
Lululemon Align Leggings,North America - West,2024,365.16
Sony WH-1000XM5,Europe - Western,2020,423.3
Nike Air Force 1,Africa - Western,2023,133.71
Nespresso Vertuo,Europe - Eastern,2021,1035.98
Pottery Barn Dining Table,Asia - Southeastern,2024,9161.38
MacBook Air M2,North America - West,2023,12883.11
MacBook Air M2,Africa - Southern,2024,3023.22
iPad Pro,Africa - Eastern,2020,3635.3
Samsung QLED TV,North America - East,2023,9766.29
LG OLED TV,Latin America - Northern,2021,5690.13
Adidas Ultraboost,Oceania - New Zealand,2019,533.01
Dell XPS 13,Middle East - Levant,2022,5364.22
Ray-Ban Aviators,Asia - Southern,2024,622.37
Vitamix Blender,Europe - Eastern,2019,817.81
KitchenAid Mixer,Europe - Southern,2023,2711.76
Dyson V11 Vacuum,Oceania - New Zealand,2022,2589.03
Samsung QLED TV,Latin America - Northern,2019,894.49
AirPods Pro,Africa - Southern,2021,342.0
GoPro Hero 11,Europe - Western,2024,3017.34
West Elm Sofa,Asia - Southeastern,2021,7879.92
Nike Air Force 1,Latin America - Southern,2020,108.36
Apple Watch Series 8,North America - East,2020,968.64
Lululemon Align Leggings,Europe - Northern,2019,366.58
Dell XPS 13,Middle East - Levant,2021,3953.65
iPhone 14 Pro,Asia - Southern,2024,6747.83
Nike Air Force 1,Oceania - New Zealand,2023,549.84
Google Pixel 7,Middle East - Gulf,2019,3108.46
Canon EOS R6,Asia - Southeastern,2024,10587.68
Microsoft Surface Pro,North America - Central,2021,13665.78
Herman Miller Chair,North America - East,2020,3731.21
Samsung QLED TV,Asia - Southeastern,2023,3420.77
Pottery Barn Dining Table,Asia - Eastern,2019,7211.75
Ray-Ban Aviators,Middle East - Gulf,2022,681.27
KitchenAid Mixer,Asia - Southern,2022,312.68
Sony WH-1000XM5,Europe - Western,2020,423.3
Microsoft Surface Pro,Europe - Northern,2022,9710.75
Samsung QLED TV,Africa - Southern,2024,2570.21
Dyson V11 Vacuum,Africa - Southern,2024,2457.8
West Elm Sofa,Europe - Northern,2021,6094.67
LG OLED TV,North America - West,2022,3836.35
Nike Air Force 1,Latin America - Southern,2024,154.42
Nintendo Switch OLED,North America - West,2020,3582.4
LG OLED TV,Europe - Southern,2022,1380.07
Roomba i7+,Latin America - Southern,2020,1214.9
iPad Pro,Oceania - New Zealand,2019,6333.3
IKEA Billy Bookcase,Oceania - New Zealand,2021,155.98
KitchenAid Mixer,Latin America - Northern,2019,1617.98
Samsung Galaxy S23,Asia - Southeastern,2021,4243.62
Dyson V11 Vacuum,Oceania - Australia,2023,622.86
Tempur-Pedic Mattress,North America - Central,2023,1939.18
Instant Pot Pro,Europe - Southern,2023,295.21
Herman Miller Chair,Asia - Southern,2020,3277.11
Lululemon Align Leggings,Africa - Eastern,2023,300.02
LG OLED TV,Asia - Southern,2021,4159.44
Dell XPS 13,Europe - Southern,2019,3883.86
Samsung QLED TV,Europe - Southern,2021,2954.56
KitchenAid Mixer,Europe - Southern,2023,2711.76
Lululemon Align Leggings,North America - West,2019,267.83
Tempur-Pedic Mattress,Africa - Western,2022,3666.8
Nike Air Force 1,Asia - Eastern,2021,173.94
Nespresso Vertuo,Latin America - Central,2021,512.22
Vitamix Blender,Europe - Southern,2022,1204.86
iPhone 14 Pro,North America - Central,2020,3739.59
Herman Miller Chair,Middle East - Levant,2019,5179.53
West Elm Sofa,Europe - Eastern,2019,4439.62
Nespresso Vertuo,Africa - Eastern,2021,372.71
Sony WH-1000XM5,Europe - Western,2023,2460.9
LG OLED TV,Oceania - New Zealand,2021,1869.73
IKEA Billy Bookcase,Latin America - Northern,2021,151.46
Xbox Series X,Latin America - Northern,2022,856.47
Dell XPS 13,Oceania - Australia,2024,9362.35
GoPro Hero 11,North America - Central,2020,1224.84
Instant Pot Pro,Africa - Eastern,2021,110.13
Herman Miller Chair,Europe - Southern,2022,6216.58
iPhone 14 Pro,Europe - Southern,2019,6549.12
LG OLED TV,Europe - Western,2020,4742.67
Adidas Ultraboost,Asia - Eastern,2022,1038.16
Apple Watch Series 8,Latin America - Southern,2020,1139.4
Xbox Series X,Africa - Western,2024,1680.59
Tempur-Pedic Mattress,Latin America - Central,2024,5675.96
Lululemon Align Leggings,Middle East - Levant,2021,319.89
Rolex Submariner,North America - Central,2024,47656.16
Microsoft Surface Pro,Oceania - Australia,2019,2470.12
Xbox Series X,Latin America - Southern,2023,3075.97
LG OLED TV,Asia - Eastern,2020,6358.16
PlayStation 5,Asia - Southern,2024,3427.87
IKEA Billy Bookcase,Latin America - Northern,2021,151.46
Adidas Ultraboost,Latin America - Northern,2022,229.97
Nespresso Vertuo,Oceania - New Zealand,2024,1456.11
Roomba i7+,Middle East - Gulf,2021,604.86
Roomba i7+,Europe - Western,2022,4684.23
Breville Coffee Maker,Middle East - Levant,2019,477.82
Tempur-Pedic Mattress,Africa - Southern,2024,8806.33
Adidas Ultraboost,North America - West,2020,1039.69
Google Pixel 7,Europe - Eastern,2022,2208.26
Adidas Ultraboost,Africa - Eastern,2022,66.2
Lululemon Align Leggings,Latin America - Central,2024,204.9
Microsoft Surface Pro,Europe - Southern,2024,7850.86
Google Pixel 7,Middle East - Levant,2024,3602.48
West Elm Sofa,Europe - Southern,2022,2583.24
GoPro Hero 11,North America - West,2019,2590.12
Nintendo Switch OLED,Asia - Southern,2021,967.42
MacBook Air M2,Europe - Western,2023,6436.99
LG OLED TV,Asia - Southern,2021,4159.44
Canon EOS R6,Europe - Western,2019,3089.39
Apple Watch Series 8,North America - East,2021,508.07
Sony WH-1000XM5,Africa - Eastern,2021,1875.48
Microsoft Surface Pro,Latin America - Northern,2022,2599.51
Nike Air Force 1,Latin America - Northern,2021,124.79
Rolex Submariner,Europe - Northern,2019,24321.98
Adidas Ultraboost,Africa - Western,2021,111.06
Adidas Ultraboost,Europe - Northern,2024,155.2
iPad Pro,Middle East - Gulf,2023,4696.2
Nintendo Switch OLED,Europe - Eastern,2022,2282.48
Herman Miller Chair,Europe - Eastern,2022,5007.36
iPhone 14 Pro,Asia - Eastern,2021,1064.4
Nespresso Vertuo,Oceania - Australia,2020,1362.46
West Elm Sofa,North America - West,2024,2788.72
iPad Pro,North America - Central,2021,6389.15
Sony WH-1000XM5,Asia - Southern,2019,1647.01
AirPods Pro,Latin America - Southern,2022,1077.37
Apple Watch Series 8,Oceania - New Zealand,2021,239.91
Rolex Submariner,North America - East,2020,6533.53
Microsoft Surface Pro,Africa - Eastern,2024,6157.19
Adidas Ultraboost,Europe - Northern,2024,155.2
Adidas Ultraboost,North America - Central,2022,504.76
Nespresso Vertuo,Middle East - Levant,2024,881.03
Nike Air Force 1,North America - West,2019,147.79
LG OLED TV,Latin America - Southern,2019,4958.33
LG OLED TV,Latin America - Central,2023,9911.14
Nintendo Switch OLED,Middle East - Gulf,2024,3191.93
Dell XPS 13,Asia - Eastern,2024,10742.06
Dyson V11 Vacuum,Middle East - Levant,2024,1697.57
Lululemon Align Leggings,Latin America - Southern,2020,206.52
Samsung QLED TV,Asia - Eastern,2023,10815.45
Dell XPS 13,Africa - Southern,2024,8597.05
Breville Coffee Maker,North America - East,2020,1982.83
Rolex Submariner,Europe - Western,2020,11728.25
Breville Coffee Maker,Oceania - New Zealand,2023,1317.02
West Elm Sofa,Europe - Northern,2023,7595.93
Xbox Series X,Oceania - Australia,2024,1535.89
Ray-Ban Aviators,Latin America - Central,2019,328.05
Sony WH-1000XM5,Latin America - Central,2020,1007.06
Apple Watch Series 8,Africa - Southern,2023,1457.22
iPad Pro,Africa - Western,2019,1172.9
Nespresso Vertuo,Europe - Western,2019,1040.15
Tempur-Pedic Mattress,North America - West,2024,14884.42
Dell XPS 13,Asia - Eastern,2022,4779.7
MacBook Air M2,Europe - Northern,2022,8498.94
Levi's 501 Jeans,Europe - Southern,2023,187.65
Breville Coffee Maker,Latin America - Northern,2022,364.87
Samsung QLED TV,Latin America - Central,2024,5730.24
MacBook Air M2,Europe - Eastern,2023,1333.69
Xbox Series X,Africa - Eastern,2019,869.78
AirPods Pro,Latin America - Central,2020,247.48
AirPods Pro,Europe - Eastern,2024,1423.46
Nike Air Force 1,Latin America - Northern,2024,294.77
LG OLED TV,North America - Central,2021,5135.5
Breville Coffee Maker,Asia - Southeastern,2024,587.19
Pottery Barn Dining Table,Africa - Eastern,2022,3381.34
Dyson V11 Vacuum,Middle East - Levant,2022,986.0
LG OLED TV,Middle East - Levant,2024,9243.7
Sony WH-1000XM5,Asia - Southern,2023,3661.72
Breville Coffee Maker,Middle East - Gulf,2020,1805.79
IKEA Billy Bookcase,Africa - Western,2020,202.5
Samsung QLED TV,Latin America - Northern,2019,894.49
Microsoft Surface Pro,Latin America - Southern,2024,10310.3
IKEA Billy Bookcase,Latin America - Central,2019,185.43
Microsoft Surface Pro,Europe - Southern,2023,6341.31
Xbox Series X,Africa - Western,2021,686.59
Lululemon Align Leggings,Africa - Southern,2020,208.24
Ray-Ban Aviators,Latin America - Northern,2020,252.79
iPad Pro,North America - East,2022,11157.5
Instant Pot Pro,Europe - Eastern,2020,212.33
Tempur-Pedic Mattress,Africa - Eastern,2023,6492.36
KitchenAid Mixer,Africa - Southern,2019,1363.31
Instant Pot Pro,Asia - Southern,2020,198.48
MacBook Air M2,Asia - Eastern,2019,6591.67
Ninja Air Fryer,Latin America - Central,2021,349.39
Lululemon Align Leggings,Middle East - Levant,2024,62.03
Dell XPS 13,Latin America - Southern,2022,4908.53
Roomba i7+,Africa - Western,2021,1023.63
iPhone 14 Pro,Oceania - Australia,2024,8164.64
Microsoft Surface Pro,Asia - Southern,2022,2091.4
Rolex Submariner,North America - Central,2020,32141.07
West Elm Sofa,Europe - Northern,2019,4930.67
Breville Coffee Maker,Africa - Southern,2019,1028.34
Nintendo Switch OLED,Europe - Northern,2019,1950.51
Lululemon Align Leggings,Asia - Eastern,2022,336.92
Nespresso Vertuo,Europe - Western,2020,832.56
Google Pixel 7,Europe - Western,2024,1670.54
iPhone 14 Pro,Asia - Southern,2021,5346.77
MacBook Air M2,Europe - Eastern,2019,7016.87
Nespresso Vertuo,Latin America - Central,2023,766.13
Tempur-Pedic Mattress,Europe - Southern,2020,6278.59
Nespresso Vertuo,Asia - Eastern,2019,305.92
Ray-Ban Aviators,Latin America - Northern,2023,619.34
Google Pixel 7,Latin America - Central,2022,3102.92
Roomba i7+,Europe - Eastern,2022,1138.04
West Elm Sofa,Middle East - Levant,2023,11550.33
Google Pixel 7,Middle East - Gulf,2022,3635.04
Adidas Ultraboost,Asia - Southeastern,2024,607.8
Rolex Submariner,Europe - Northern,2019,24321.98
Pottery Barn Dining Table,Africa - Southern,2024,4104.28
AirPods Pro,Asia - Southern,2024,969.21
Instant Pot Pro,Middle East - Gulf,2024,114.44
West Elm Sofa,Europe - Western,2022,11459.26
Levi's 501 Jeans,Europe - Western,2020,216.46
Samsung QLED TV,Africa - Southern,2021,3396.78
Dell XPS 13,Asia - Southern,2021,8201.97
Google Pixel 7,Europe - Eastern,2020,3711.63
Dell XPS 13,Latin America - Northern,2020,4990.05
iPhone 14 Pro,Europe - Southern,2021,5810.46
IKEA Billy Bookcase,Europe - Northern,2024,113.94
Nike Air Force 1,Europe - Eastern,2023,123.63
MacBook Air M2,Europe - Northern,2020,4233.84
Breville Coffee Maker,Africa - Eastern,2021,565.99
Dell XPS 13,Oceania - New Zealand,2022,10557.36
Rolex Submariner,Asia - Southern,2024,4668.8
Instant Pot Pro,Middle East - Gulf,2022,663.29
Breville Coffee Maker,Europe - Eastern,2023,1587.25
Google Pixel 7,North America - West,2024,5901.37
Rolex Submariner,Asia - Southern,2020,36118.05
Xbox Series X,Latin America - Northern,2021,2026.65
Roomba i7+,Africa - Southern,2022,2676.38
Xbox Series X,Asia - Eastern,2022,463.01
iPhone 14 Pro,Latin America - Southern,2021,813.14
Microsoft Surface Pro,Asia - Southeastern,2022,7113.57
Google Pixel 7,Middle East - Levant,2023,2582.88
Ninja Air Fryer,Latin America - Central,2023,292.11
Instant Pot Pro,North America - West,2021,651.59
Microsoft Surface Pro,Latin America - Northern,2020,6291.46
Breville Coffee Maker,Europe - Eastern,2023,1587.25
AirPods Pro,Latin America - Northern,2023,1054.09
Levi's 501 Jeans,North America - Central,2020,291.73
Samsung QLED TV,North America - East,2021,7260.85
Apple Watch Series 8,Asia - Southeastern,2021,346.02
Microsoft Surface Pro,Middle East - Gulf,2022,12129.07
Nintendo Switch OLED,Europe - Northern,2023,3054.53
Google Pixel 7,North America - West,2019,3576.65
Nike Air Force 1,Middle East - Gulf,2021,421.01
Breville Coffee Maker,North America - West,2022,2193.56
Xbox Series X,Oceania - New Zealand,2022,4913.53
Dyson V11 Vacuum,Oceania - Australia,2021,2924.81
Samsung QLED TV,Latin America - Southern,2023,6533.47
Nike Air Force 1,Asia - Eastern,2019,49.03
Dyson V11 Vacuum,Europe - Eastern,2023,3814.91
West Elm Sofa,Asia - Eastern,2019,1227.57
Xbox Series X,Europe - Southern,2021,2450.25
Dell XPS 13,North America - Central,2024,3485.87
KitchenAid Mixer,Oceania - Australia,2022,1814.04
Xbox Series X,Latin America - Northern,2023,1359.76
MacBook Air M2,North America - West,2023,12883.11
Breville Coffee Maker,Africa - Eastern,2024,859.99
Levi's 501 Jeans,Asia - Southeastern,2024,549.77
Apple Watch Series 8,Asia - Southeastern,2023,1045.68
Sony WH-1000XM5,North America - Central,2023,1641.93
Levi's 501 Jeans,Europe - Northern,2024,149.94
KitchenAid Mixer,North America - West,2019,396.89
Samsung Galaxy S23,Asia - Southern,2021,2525.43
Microsoft Surface Pro,Africa - Western,2024,5184.02
AirPods Pro,Oceania - New Zealand,2021,2024.48
Nespresso Vertuo,Middle East - Levant,2020,556.61
Tempur-Pedic Mattress,Oceania - New Zealand,2022,12267.99
iPhone 14 Pro,Oceania - New Zealand,2023,3202.08
Roomba i7+,Latin America - Northern,2022,1741.47
Levi's 501 Jeans,Africa - Eastern,2022,147.25
Sony WH-1000XM5,Middle East - Levant,2020,1397.01
KitchenAid Mixer,Asia - Southeastern,2021,2209.1
Xbox Series X,Africa - Western,2022,1739.58
Adidas Ultraboost,Europe - Eastern,2019,825.12
Google Pixel 7,Africa - Eastern,2020,1932.32
Lululemon Align Leggings,Europe - Northern,2022,191.16
Levi's 501 Jeans,Europe - Northern,2022,59.67
Microsoft Surface Pro,Europe - Southern,2020,6700.88
KitchenAid Mixer,Latin America - Central,2022,1476.67
iPad Pro,Oceania - Australia,2020,11036.75
GoPro Hero 11,Middle East - Levant,2019,613.61
Sony WH-1000XM5,Europe - Southern,2021,3295.04
Tempur-Pedic Mattress,Africa - Western,2024,4872.22
Dell XPS 13,North America - West,2022,4790.68
iPhone 14 Pro,Latin America - Southern,2024,5375.71
iPad Pro,Europe - Western,2020,6808.67
Roomba i7+,Oceania - New Zealand,2019,3324.86
IKEA Billy Bookcase,Middle East - Gulf,2020,156.33
iPhone 14 Pro,Middle East - Levant,2019,2787.88
Google Pixel 7,North America - East,2023,5888.14
Nike Air Force 1,Asia - Eastern,2022,145.73
Pottery Barn Dining Table,Oceania - Australia,2020,6192.19
KitchenAid Mixer,Europe - Eastern,2023,764.65
IKEA Billy Bookcase,Europe - Eastern,2019,218.34
Herman Miller Chair,Europe - Western,2022,10946.52
Microsoft Surface Pro,Asia - Southeastern,2020,5637.43
Xbox Series X,Oceania - New Zealand,2021,1344.29
Google Pixel 7,Africa - Southern,2022,1513.5
Ninja Air Fryer,Europe - Eastern,2023,314.43
KitchenAid Mixer,Latin America - Southern,2022,1319.69
Ray-Ban Aviators,Asia - Southern,2022,211.97
GoPro Hero 11,North America - Central,2024,3649.14
iPhone 14 Pro,Africa - Western,2021,4915.46
Pottery Barn Dining Table,Africa - Eastern,2019,3533.25
West Elm Sofa,Europe - Eastern,2023,5663.99
GoPro Hero 11,Asia - Eastern,2019,1441.69
Xbox Series X,North America - West,2021,3339.49
Samsung Galaxy S23,Middle East - Gulf,2023,3466.08
Rolex Submariner,Africa - Western,2021,21069.66
AirPods Pro,Asia - Southern,2022,782.36
West Elm Sofa,Latin America - Southern,2024,7554.91
PlayStation 5,Africa - Southern,2021,405.79
Nespresso Vertuo,North America - West,2021,1002.24
Xbox Series X,North America - East,2022,4311.33
Samsung Galaxy S23,Asia - Southeastern,2022,4330.83
Nintendo Switch OLED,Africa - Western,2023,300.54
Tempur-Pedic Mattress,Asia - Eastern,2023,3832.16
Roomba i7+,Europe - Southern,2020,4436.89
Canon EOS R6,Europe - Western,2020,7926.26
Nintendo Switch OLED,North America - West,2024,2566.71
GoPro Hero 11,Latin America - Northern,2020,1433.47
Xbox Series X,Latin America - Southern,2022,1437.21
Apple Watch Series 8,Africa - Eastern,2019,890.53
Nintendo Switch OLED,Middle East - Gulf,2021,344.99
Google Pixel 7,Middle East - Gulf,2023,759.4
iPhone 14 Pro,Middle East - Gulf,2024,12353.8
Ninja Air Fryer,Africa - Southern,2021,389.31
Xbox Series X,Asia - Eastern,2023,601.55
Dyson V11 Vacuum,North America - East,2019,2599.49
Adidas Ultraboost,Latin America - Central,2022,398.57
MacBook Air M2,Asia - Southeastern,2022,7590.48
Lululemon Align Leggings,Asia - Southeastern,2019,219.08
IKEA Billy Bookcase,Oceania - New Zealand,2021,155.98
Google Pixel 7,Middle East - Gulf,2022,3635.04
Samsung QLED TV,Africa - Southern,2023,3329.39
West Elm Sofa,North America - West,2022,11477.38
PlayStation 5,Oceania - Australia,2019,3820.74
Dyson V11 Vacuum,Oceania - New Zealand,2024,4705.63
Canon EOS R6,Europe - Eastern,2021,11524.23
Vitamix Blender,Middle East - Gulf,2020,1854.57
Rolex Submariner,North America - East,2020,6533.53
Canon EOS R6,Africa - Eastern,2021,7321.36
GoPro Hero 11,Asia - Southern,2019,2213.84
IKEA Billy Bookcase,Asia - Eastern,2024,467.35
Apple Watch Series 8,Asia - Southern,2022,242.44
Google Pixel 7,Europe - Southern,2021,2139.95
Microsoft Surface Pro,North America - West,2021,6062.41
iPhone 14 Pro,North America - West,2024,3298.89
PlayStation 5,North America - East,2021,6148.63
Breville Coffee Maker,Africa - Western,2022,151.25
Nespresso Vertuo,North America - West,2020,631.72
Dell XPS 13,Latin America - Central,2023,5976.53
Nintendo Switch OLED,Latin America - Southern,2021,618.21
Herman Miller Chair,Middle East - Gulf,2022,2132.37
Google Pixel 7,Africa - Southern,2023,1724.31
PlayStation 5,Latin America - Central,2023,2100.83
Nintendo Switch OLED,Middle East - Gulf,2023,2979.71
Roomba i7+,Europe - Eastern,2020,4325.67
LG OLED TV,Oceania - Australia,2023,11665.85
Nespresso Vertuo,Oceania - New Zealand,2019,307.48
Microsoft Surface Pro,Europe - Western,2023,5125.57
Dyson V11 Vacuum,Europe - Southern,2020,858.2
Google Pixel 7,Oceania - New Zealand,2022,6027.59
Apple Watch Series 8,Middle East - Gulf,2024,2275.13
Nintendo Switch OLED,North America - East,2023,3696.19
Samsung QLED TV,Europe - Western,2024,17975.03
Microsoft Surface Pro,Asia - Southern,2020,7076.04
Herman Miller Chair,Europe - Northern,2020,6990.67
Rolex Submariner,Latin America - Southern,2019,12421.09
IKEA Billy Bookcase,Latin America - Central,2021,202.47
Herman Miller Chair,Latin America - Northern,2020,5359.63
AirPods Pro,Asia - Southeastern,2020,918.3
GoPro Hero 11,North America - East,2023,6420.86
Canon EOS R6,Latin America - Northern,2021,1844.45
Canon EOS R6,Latin America - Southern,2024,13051.43
GoPro Hero 11,Latin America - Central,2019,1230.95
MacBook Air M2,Europe - Western,2020,10907.34
GoPro Hero 11,Middle East - Levant,2024,2846.89
Canon EOS R6,Europe - Southern,2020,4253.35
IKEA Billy Bookcase,North America - West,2021,85.7
MacBook Air M2,Africa - Western,2020,4168.23
Xbox Series X,Latin America - Southern,2022,1437.21
Apple Watch Series 8,North America - West,2022,1267.9
Lululemon Align Leggings,Middle East - Levant,2020,208.05
Ray-Ban Aviators,Africa - Western,2024,358.27
Breville Coffee Maker,Oceania - Australia,2023,2075.52
Pottery Barn Dining Table,Latin America - Southern,2020,2655.31
Pottery Barn Dining Table,Middle East - Levant,2020,5643.18
Vitamix Blender,Europe - Eastern,2020,1282.93
Tempur-Pedic Mattress,Europe - Southern,2022,9987.08
Adidas Ultraboost,Oceania - Australia,2020,195.67
Instant Pot Pro,Asia - Southeastern,2022,86.41
Lululemon Align Leggings,Latin America - Southern,2024,237.19
Dyson V11 Vacuum,Middle East - Gulf,2021,3871.81
Nespresso Vertuo,Asia - Eastern,2019,305.92
West Elm Sofa,Latin America - Northern,2023,8638.86
Adidas Ultraboost,Latin America - Central,2020,252.06
Dell XPS 13,Asia - Eastern,2020,689.17
Tempur-Pedic Mattress,Africa - Southern,2024,8806.33
PlayStation 5,Europe - Eastern,2023,3145.34
Rolex Submariner,Africa - Western,2023,34725.71
Herman Miller Chair,Asia - Eastern,2024,2131.63
Dyson V11 Vacuum,Middle East - Levant,2023,2003.13
West Elm Sofa,Asia - Southern,2020,9211.15
LG OLED TV,North America - Central,2021,5135.5
LG OLED TV,Oceania - Australia,2021,13999.36
Canon EOS R6,Europe - Northern,2019,15491.21
MacBook Air M2,Europe - Western,2020,10907.34
Sony WH-1000XM5,Asia - Southern,2020,1552.16
LG OLED TV,Africa - Eastern,2019,2669.18
MacBook Air M2,Africa - Western,2021,5820.08
Roomba i7+,North America - West,2023,2822.31
Ninja Air Fryer,Oceania - New Zealand,2023,1195.82
Adidas Ultraboost,Europe - Eastern,2021,93.75
iPad Pro,Asia - Southeastern,2023,1231.29
Samsung QLED TV,Europe - Eastern,2022,9292.42
Nike Air Force 1,Oceania - Australia,2023,323.18
Samsung Galaxy S23,Europe - Eastern,2022,5908.19
Samsung QLED TV,Africa - Western,2022,760.53
IKEA Billy Bookcase,Oceania - Australia,2023,317.58
Canon EOS R6,Latin America - Southern,2020,10776.1
iPhone 14 Pro,Africa - Western,2019,4657.46
Xbox Series X,Europe - Northern,2020,3121.5
iPhone 14 Pro,Oceania - Australia,2024,8164.64
Nike Air Force 1,Latin America - Southern,2020,108.36
Nintendo Switch OLED,Asia - Southern,2023,2291.2
Adidas Ultraboost,Africa - Western,2019,62.92
Herman Miller Chair,Europe - Southern,2022,6216.58
GoPro Hero 11,North America - Central,2020,1224.84
MacBook Air M2,Latin America - Southern,2021,806.78
Dyson V11 Vacuum,North America - East,2020,1074.68
Pottery Barn Dining Table,Latin America - Southern,2023,8220.13
Apple Watch Series 8,Asia - Southeastern,2019,421.81
Nespresso Vertuo,North America - West,2021,1002.24
Google Pixel 7,Oceania - New Zealand,2022,6027.59
Tempur-Pedic Mattress,Europe - Western,2022,12664.59
Ray-Ban Aviators,Europe - Northern,2022,900.14
Nintendo Switch OLED,North America - East,2021,3116.8
Canon EOS R6,Asia - Eastern,2019,12338.99
Roomba i7+,North America - East,2022,2968.04
KitchenAid Mixer,Latin America - Central,2019,349.91
Vitamix Blender,Oceania - Australia,2023,3039.91
Levi's 501 Jeans,Africa - Eastern,2020,113.11
Microsoft Surface Pro,Africa - Eastern,2020,2200.92
iPad Pro,Latin America - Northern,2023,1903.55
AirPods Pro,Oceania - Australia,2021,2261.38
Nintendo Switch OLED,Africa - Southern,2022,1413.29
Ray-Ban Aviators,Europe - Western,2024,881.86
Nintendo Switch OLED,Africa - Southern,2021,536.77
Nespresso Vertuo,Latin America - Northern,2021,247.35
Rolex Submariner,Africa - Western,2019,18113.47
iPhone 14 Pro,Middle East - Gulf,2022,10137.2
Samsung QLED TV,Middle East - Levant,2024,8125.17
iPad Pro,Latin America - Central,2019,3088.49
GoPro Hero 11,Africa - Eastern,2019,1031.27
West Elm Sofa,Oceania - Australia,2021,7311.59
Ray-Ban Aviators,Africa - Eastern,2020,238.96
West Elm Sofa,Latin America - Northern,2024,9003.4
Rolex Submariner,Asia - Eastern,2022,10280.1
MacBook Air M2,Latin America - Southern,2019,2503.97
Vitamix Blender,Africa - Western,2021,1137.94
PlayStation 5,Asia - Southeastern,2021,2244.33
Microsoft Surface Pro,Asia - Eastern,2020,8260.46
West Elm Sofa,North America - East,2019,1437.06
Roomba i7+,Asia - Eastern,2021,2490.0
Microsoft Surface Pro,Oceania - Australia,2021,3200.27
Dyson V11 Vacuum,Asia - Eastern,2019,1449.69
Dyson V11 Vacuum,Asia - Southern,2022,2960.72
iPhone 14 Pro,Middle East - Levant,2022,4779.13
Vitamix Blender,Africa - Western,2020,199.92
Instant Pot Pro,North America - West,2019,716.29
Google Pixel 7,Oceania - New Zealand,2020,677.18
IKEA Billy Bookcase,North America - Central,2019,324.79
Google Pixel 7,Oceania - New Zealand,2022,6027.59
Ray-Ban Aviators,Latin America - Southern,2023,513.62
Vitamix Blender,Latin America - Southern,2019,393.62
iPad Pro,Asia - Eastern,2020,853.35
Dell XPS 13,Middle East - Gulf,2022,8433.14
Nespresso Vertuo,Asia - Southeastern,2024,1246.49
Nike Air Force 1,Asia - Southeastern,2024,195.88
Microsoft Surface Pro,Latin America - Northern,2022,2599.51
Canon EOS R6,Oceania - Australia,2022,14675.29
Samsung QLED TV,Europe - Southern,2021,2954.56
AirPods Pro,Europe - Southern,2019,877.63
Adidas Ultraboost,Asia - Southern,2022,745.34
IKEA Billy Bookcase,Europe - Western,2021,433.54
Apple Watch Series 8,Asia - Southeastern,2020,1213.67
PlayStation 5,Asia - Eastern,2021,3013.48
Nike Air Force 1,Middle East - Levant,2022,98.38
Dyson V11 Vacuum,Europe - Northern,2022,3221.51
Nintendo Switch OLED,Asia - Eastern,2019,1873.83
Microsoft Surface Pro,Oceania - New Zealand,2020,4532.34
Tempur-Pedic Mattress,North America - West,2021,5074.97
PlayStation 5,Latin America - Southern,2023,2450.02
Adidas Ultraboost,Africa - Southern,2020,298.53
Nintendo Switch OLED,North America - West,2022,4307.05
Sony WH-1000XM5,Asia - Southern,2022,1837.68
Adidas Ultraboost,North America - East,2023,934.2
Levi's 501 Jeans,Asia - Southeastern,2024,549.77
Samsung QLED TV,Oceania - New Zealand,2021,7819.14
West Elm Sofa,Asia - Southeastern,2022,11528.22
iPad Pro,Middle East - Levant,2022,768.93
iPhone 14 Pro,Middle East - Gulf,2020,6296.06
Xbox Series X,Oceania - New Zealand,2023,2494.23
AirPods Pro,Latin America - Central,2023,1683.01
PlayStation 5,Europe - Northern,2022,602.6
Breville Coffee Maker,North America - East,2023,1688.78
Sony WH-1000XM5,Latin America - Central,2019,918.16
Instant Pot Pro,Africa - Southern,2022,67.47
Ninja Air Fryer,Africa - Southern,2020,244.77
Roomba i7+,Europe - Western,2023,6593.89
KitchenAid Mixer,Asia - Southern,2019,1382.06
Apple Watch Series 8,Oceania - Australia,2024,362.11
Apple Watch Series 8,Asia - Southern,2023,664.38
Breville Coffee Maker,Europe - Eastern,2024,2364.31
GoPro Hero 11,Europe - Southern,2023,2436.69
Instant Pot Pro,Europe - Northern,2024,872.38
Pottery Barn Dining Table,Latin America - Central,2019,1713.05
Tempur-Pedic Mattress,Latin America - Southern,2024,12904.75
Sony WH-1000XM5,Latin America - Central,2022,976.24
West Elm Sofa,North America - West,2022,11477.38
Ray-Ban Aviators,Latin America - Northern,2021,163.99
Ninja Air Fryer,Latin America - Central,2021,349.39
Nike Air Force 1,Asia - Eastern,2024,169.16
Nintendo Switch OLED,Latin America - Southern,2021,618.21
Pottery Barn Dining Table,Asia - Southern,2019,4007.52
Dyson V11 Vacuum,Europe - Southern,2023,571.35
Dyson V11 Vacuum,North America - Central,2024,1807.06
Ninja Air Fryer,Middle East - Gulf,2019,231.55
Microsoft Surface Pro,North America - Central,2024,11481.18
Breville Coffee Maker,Asia - Southeastern,2020,397.45
Herman Miller Chair,Europe - Eastern,2021,1905.98
Google Pixel 7,Europe - Northern,2020,2996.72
Canon EOS R6,Oceania - New Zealand,2019,3971.22
Nike Air Force 1,Asia - Southern,2023,293.67
iPhone 14 Pro,Middle East - Levant,2024,1938.44
LG OLED TV,Africa - Western,2019,2436.34
PlayStation 5,Oceania - Australia,2024,5523.31
Samsung QLED TV,Middle East - Levant,2024,8125.17
Vitamix Blender,Oceania - Australia,2022,1789.5
Ninja Air Fryer,Europe - Eastern,2022,727.07
Nike Air Force 1,Latin America - Southern,2024,154.42
Adidas Ultraboost,Latin America - Southern,2019,346.01
Xbox Series X,Oceania - Australia,2020,1598.59
Xbox Series X,Africa - Eastern,2021,524.32
Breville Coffee Maker,Europe - Southern,2020,1182.19
Nespresso Vertuo,Middle East - Levant,2021,125.0
Herman Miller Chair,Latin America - Northern,2019,3839.23
Dyson V11 Vacuum,Oceania - Australia,2021,2924.81
Xbox Series X,Oceania - New Zealand,2024,2637.44
Samsung QLED TV,North America - West,2022,12848.4
Tempur-Pedic Mattress,Latin America - Central,2024,5675.96
Nintendo Switch OLED,Africa - Southern,2022,1413.29
Pottery Barn Dining Table,Africa - Western,2022,6585.99
Apple Watch Series 8,Latin America - Southern,2024,2131.23
Samsung Galaxy S23,Europe - Eastern,2019,4244.8
Adidas Ultraboost,North America - Central,2020,587.24
GoPro Hero 11,Africa - Eastern,2023,575.42
iPad Pro,Oceania - New Zealand,2019,6333.3
West Elm Sofa,Asia - Eastern,2023,9535.2
Sony WH-1000XM5,Africa - Eastern,2020,1277.64
Herman Miller Chair,North America - West,2023,8506.61
Nintendo Switch OLED,Africa - Southern,2021,536.77
GoPro Hero 11,Latin America - Central,2023,1935.2
Nintendo Switch OLED,Africa - Eastern,2020,866.26
Nike Air Force 1,Africa - Southern,2019,62.68
iPad Pro,Latin America - Northern,2023,1903.55
Breville Coffee Maker,Europe - Eastern,2020,1051.71
LG OLED TV,Africa - Western,2019,2436.34
iPad Pro,Asia - Southern,2022,4475.02
West Elm Sofa,Europe - Southern,2023,3560.34
MacBook Air M2,Latin America - Northern,2023,7322.32
Samsung Galaxy S23,Africa - Southern,2020,1383.55
AirPods Pro,Latin America - Southern,2021,536.4
Samsung QLED TV,Europe - Western,2021,11425.93
Canon EOS R6,Oceania - New Zealand,2020,17177.65
Rolex Submariner,Middle East - Levant,2024,24218.54
Nespresso Vertuo,Asia - Eastern,2023,708.6
Breville Coffee Maker,Africa - Western,2020,820.36
West Elm Sofa,Latin America - Southern,2019,714.17
Xbox Series X,Europe - Southern,2023,3751.83
Rolex Submariner,North America - East,2021,11954.31
Canon EOS R6,Latin America - Southern,2020,10776.1
MacBook Air M2,Africa - Western,2023,3189.61
iPad Pro,Europe - Western,2020,6808.67
Nike Air Force 1,Europe - Western,2024,864.81
PlayStation 5,North America - Central,2020,1174.33
Xbox Series X,Europe - Southern,2023,3751.83
Tempur-Pedic Mattress,North America - Central,2019,5469.67
Pottery Barn Dining Table,Europe - Northern,2020,6668.63
Roomba i7+,North America - Central,2022,897.76
Samsung QLED TV,Africa - Western,2023,3179.83
Tempur-Pedic Mattress,Oceania - New Zealand,2021,8720.88
Samsung Galaxy S23,Europe - Eastern,2021,5781.5
Samsung Galaxy S23,Latin America - Southern,2023,5731.62
LG OLED TV,Oceania - Australia,2024,11793.4
Canon EOS R6,Latin America - Central,2021,11464.97
Herman Miller Chair,Asia - Southern,2024,7396.78
GoPro Hero 11,North America - East,2022,4445.16
Apple Watch Series 8,Middle East - Gulf,2022,1151.83
Samsung QLED TV,Latin America - Northern,2021,2090.28
KitchenAid Mixer,Africa - Southern,2021,1428.89
Vitamix Blender,Asia - Southeastern,2024,2673.52
Nintendo Switch OLED,Africa - Southern,2019,1406.28
Instant Pot Pro,Africa - Southern,2022,67.47
Apple Watch Series 8,Latin America - Northern,2022,1592.23
MacBook Air M2,North America - Central,2023,7579.59
Lululemon Align Leggings,Asia - Southern,2024,479.55
Xbox Series X,Latin America - Central,2023,487.21
Instant Pot Pro,Europe - Eastern,2023,433.31
Dell XPS 13,Latin America - Southern,2024,7369.42
MacBook Air M2,Africa - Southern,2020,3653.68
IKEA Billy Bookcase,North America - East,2019,411.14
GoPro Hero 11,Europe - Western,2019,2880.41
Lululemon Align Leggings,Middle East - Gulf,2020,45.87
Adidas Ultraboost,Latin America - Central,2019,437.43
PlayStation 5,North America - East,2022,1246.36
Ray-Ban Aviators,Africa - Eastern,2019,305.41
AirPods Pro,Africa - Eastern,2022,1127.89
LG OLED TV,Asia - Southeastern,2020,1200.76
Ray-Ban Aviators,North America - West,2021,405.9
Pottery Barn Dining Table,Africa - Eastern,2023,4986.28
Dell XPS 13,North America - Central,2024,3485.87
Adidas Ultraboost,Latin America - Northern,2021,89.37
Roomba i7+,Middle East - Levant,2020,3872.57
Ray-Ban Aviators,Oceania - New Zealand,2020,546.14
Ninja Air Fryer,Africa - Southern,2021,389.31
LG OLED TV,Latin America - Northern,2024,6970.43
Apple Watch Series 8,Oceania - New Zealand,2022,327.16
Nespresso Vertuo,Latin America - Northern,2022,295.14
Herman Miller Chair,Oceania - Australia,2021,9063.31
Rolex Submariner,Europe - Western,2021,26746.46
Samsung QLED TV,Latin America - Northern,2020,2449.1
Roomba i7+,Latin America - Southern,2023,2711.54
Pottery Barn Dining Table,Middle East - Levant,2020,5643.18
LG OLED TV,Asia - Southern,2022,6836.58
Ray-Ban Aviators,Europe - Northern,2023,109.95
GoPro Hero 11,Latin America - Central,2022,1791.21
Dyson V11 Vacuum,Asia - Southeastern,2019,288.51
MacBook Air M2,North America - West,2021,7401.99
Instant Pot Pro,North America - Central,2021,504.59
Apple Watch Series 8,Asia - Southern,2021,420.38
West Elm Sofa,North America - Central,2019,5386.42
Samsung QLED TV,Africa - Eastern,2020,1202.01
iPhone 14 Pro,Latin America - Central,2021,1077.53
MacBook Air M2,Asia - Southeastern,2021,3293.99
Apple Watch Series 8,Oceania - New Zealand,2019,1707.6
Nike Air Force 1,Oceania - New Zealand,2020,284.99
Breville Coffee Maker,Oceania - Australia,2023,2075.52
Adidas Ultraboost,Middle East - Gulf,2020,670.18
PlayStation 5,Africa - Western,2024,331.64
Sony WH-1000XM5,Oceania - New Zealand,2021,3822.63
Dell XPS 13,North America - Central,2022,2761.9
Vitamix Blender,Africa - Southern,2023,1217.74
PlayStation 5,Asia - Southeastern,2022,3174.49
Roomba i7+,North America - Central,2024,2311.2
Herman Miller Chair,Middle East - Levant,2021,1548.56
Nespresso Vertuo,Europe - Western,2021,589.04
PlayStation 5,Europe - Southern,2022,2566.72
Tempur-Pedic Mattress,Europe - Northern,2019,9518.82
MacBook Air M2,Asia - Southeastern,2024,9922.31
Ninja Air Fryer,Africa - Western,2020,519.58
Google Pixel 7,Asia - Southeastern,2020,1347.27
Dyson V11 Vacuum,Asia - Eastern,2021,843.44
Canon EOS R6,Middle East - Gulf,2022,21810.93
Levi's 501 Jeans,Europe - Southern,2023,187.65
MacBook Air M2,Africa - Eastern,2022,5290.41
IKEA Billy Bookcase,Europe - Eastern,2021,390.24
Google Pixel 7,Africa - Southern,2019,2894.57
GoPro Hero 11,Africa - Western,2019,714.46
IKEA Billy Bookcase,Latin America - Central,2023,411.59
Ninja Air Fryer,North America - East,2022,1008.18
KitchenAid Mixer,Middle East - Gulf,2020,922.12
Herman Miller Chair,Latin America - Central,2020,622.84
Nespresso Vertuo,Europe - Western,2022,1406.87
Instant Pot Pro,Middle East - Gulf,2020,861.25
Ray-Ban Aviators,North America - East,2022,955.08
MacBook Air M2,Europe - Western,2021,6188.78
Dell XPS 13,Europe - Western,2020,3452.02
Dyson V11 Vacuum,Europe - Southern,2024,2267.17
Ray-Ban Aviators,Europe - Western,2021,552.68
PlayStation 5,Middle East - Levant,2020,2379.88
Adidas Ultraboost,Africa - Southern,2021,229.95
Ray-Ban Aviators,Asia - Southeastern,2021,522.15
Herman Miller Chair,North America - Central,2023,5124.55
Lululemon Align Leggings,Africa - Southern,2020,208.24
Tempur-Pedic Mattress,Europe - Northern,2023,8325.16
Levi's 501 Jeans,North America - East,2024,545.36
Vitamix Blender,Europe - Southern,2020,297.49
Samsung Galaxy S23,Latin America - Northern,2020,508.28
Pottery Barn Dining Table,Asia - Southern,2019,4007.52
Ray-Ban Aviators,Latin America - Northern,2019,285.53
iPhone 14 Pro,Asia - Eastern,2020,1984.26
iPad Pro,Middle East - Gulf,2024,4682.33
Instant Pot Pro,Latin America - Northern,2022,82.16
Instant Pot Pro,Latin America - Northern,2023,65.42
Levi's 501 Jeans,Asia - Southeastern,2019,85.25
Nike Air Force 1,Asia - Eastern,2021,173.94
Nike Air Force 1,Asia - Southeastern,2024,195.88
Samsung QLED TV,North America - East,2022,1792.74
iPhone 14 Pro,Europe - Northern,2021,6412.19
Tempur-Pedic Mattress,Europe - Southern,2022,9987.08
Instant Pot Pro,Asia - Southern,2022,174.34
Nike Air Force 1,Africa - Southern,2022,71.79
Tempur-Pedic Mattress,Latin America - Southern,2021,1134.25
Vitamix Blender,Africa - Eastern,2020,1220.22
Levi's 501 Jeans,Middle East - Gulf,2021,50.21
Nespresso Vertuo,Asia - Eastern,2022,1069.43
iPad Pro,North America - West,2020,10221.79
Adidas Ultraboost,North America - Central,2024,709.78
Samsung QLED TV,Middle East - Levant,2020,3700.66
Dell XPS 13,Europe - Eastern,2021,4791.6
GoPro Hero 11,Europe - Northern,2022,891.13
Google Pixel 7,Latin America - Northern,2023,1625.55
Google Pixel 7,Europe - Western,2024,1670.54
Sony WH-1000XM5,Europe - Western,2021,2263.31
Sony WH-1000XM5,Africa - Eastern,2024,997.97
Nespresso Vertuo,Europe - Southern,2019,425.05
Samsung QLED TV,Middle East - Gulf,2023,12425.45
Nespresso Vertuo,Latin America - Central,2022,118.84
Sony WH-1000XM5,Africa - Eastern,2021,1875.48
Adidas Ultraboost,Asia - Southeastern,2019,690.35
iPad Pro,North America - Central,2021,6389.15
Ninja Air Fryer,Oceania - Australia,2021,685.99
Dell XPS 13,North America - Central,2023,9128.08
Instant Pot Pro,Latin America - Northern,2019,57.72
Levi's 501 Jeans,Middle East - Levant,2020,334.3
iPad Pro,Europe - Northern,2023,1356.39
AirPods Pro,Oceania - Australia,2023,3218.85
Xbox Series X,Latin America - Southern,2024,3262.94
Lululemon Align Leggings,Africa - Western,2019,155.05
Nike Air Force 1,Europe - Eastern,2024,76.12
Tempur-Pedic Mattress,Oceania - New Zealand,2024,22837.23
Xbox Series X,Asia - Eastern,2023,601.55
AirPods Pro,Asia - Southern,2019,380.81
Nike Air Force 1,Asia - Southern,2019,182.68
Google Pixel 7,Africa - Eastern,2020,1932.32
Levi's 501 Jeans,Middle East - Levant,2024,315.82
Lululemon Align Leggings,Latin America - Northern,2020,279.36
KitchenAid Mixer,Asia - Southern,2024,1582.8
Ray-Ban Aviators,Asia - Southeastern,2019,416.75
Dyson V11 Vacuum,North America - Central,2021,3151.99
IKEA Billy Bookcase,North America - Central,2024,435.89
Xbox Series X,Europe - Western,2019,1862.29
Rolex Submariner,Latin America - Central,2019,16590.53
GoPro Hero 11,Europe - Northern,2019,2991.93
Ninja Air Fryer,Asia - Southern,2021,597.36
iPhone 14 Pro,Middle East - Gulf,2023,7913.87
iPad Pro,North America - Central,2022,6398.2
Lululemon Align Leggings,Oceania - Australia,2019,402.39
Canon EOS R6,Asia - Southeastern,2022,8390.23
Roomba i7+,Asia - Southern,2023,3454.84
Samsung Galaxy S23,Asia - Eastern,2024,3083.58
Roomba i7+,Latin America - Northern,2024,3219.8
IKEA Billy Bookcase,Asia - Southern,2021,115.68
Lululemon Align Leggings,Europe - Northern,2022,191.16
Google Pixel 7,Latin America - Southern,2024,3392.24
Tempur-Pedic Mattress,Europe - Northern,2020,6382.23
Samsung Galaxy S23,Europe - Western,2019,2746.21
Dyson V11 Vacuum,Asia - Southeastern,2022,1945.88
GoPro Hero 11,Africa - Western,2024,1852.84
Breville Coffee Maker,Africa - Eastern,2022,421.5
LG OLED TV,Asia - Southeastern,2021,2986.0
Nespresso Vertuo,Oceania - Australia,2019,1059.31
Google Pixel 7,Asia - Southeastern,2021,3578.59
Breville Coffee Maker,Europe - Eastern,2022,1660.36
Ray-Ban Aviators,North America - Central,2021,580.32
IKEA Billy Bookcase,Oceania - New Zealand,2020,557.02
PlayStation 5,Asia - Southern,2022,3240.07
Nespresso Vertuo,Asia - Southeastern,2021,646.53
Apple Watch Series 8,Europe - Southern,2023,1657.68
PlayStation 5,Europe - Eastern,2020,1906.08
Rolex Submariner,Africa - Southern,2019,21380.73
Vitamix Blender,Europe - Western,2023,1458.04
West Elm Sofa,Latin America - Northern,2020,2648.28
IKEA Billy Bookcase,Africa - Southern,2021,370.89
Google Pixel 7,Asia - Southeastern,2020,1347.27
Nespresso Vertuo,Middle East - Gulf,2019,447.93
Pottery Barn Dining Table,Latin America - Northern,2021,2993.33
Instant Pot Pro,Middle East - Levant,2022,380.71
PlayStation 5,North America - West,2021,1411.85
Instant Pot Pro,Oceania - New Zealand,2024,609.41
Samsung Galaxy S23,North America - Central,2022,3461.86
Adidas Ultraboost,North America - Central,2020,587.24
LG OLED TV,Europe - Northern,2024,7206.97
Vitamix Blender,Latin America - Central,2022,1095.84
Dell XPS 13,North America - West,2019,7715.74
Ninja Air Fryer,North America - Central,2022,904.6
iPad Pro,Asia - Southeastern,2019,1730.62
Nintendo Switch OLED,Asia - Southeastern,2022,323.93
Rolex Submariner,Africa - Western,2022,27100.54
Pottery Barn Dining Table,Oceania - New Zealand,2021,7382.87
Breville Coffee Maker,Europe - Southern,2023,963.48
Tempur-Pedic Mattress,North America - West,2020,7127.6
Samsung Galaxy S23,Asia - Southern,2024,2792.78
Dell XPS 13,Europe - Northern,2021,2368.4
IKEA Billy Bookcase,North America - West,2019,515.45
Samsung QLED TV,Oceania - Australia,2023,6934.31
AirPods Pro,North America - West,2021,1878.95
Samsung Galaxy S23,Asia - Southern,2020,3841.95
Sony WH-1000XM5,Africa - Southern,2021,1079.93
Tempur-Pedic Mattress,Oceania - Australia,2019,10357.13
West Elm Sofa,Europe - Eastern,2020,3510.15
Lululemon Align Leggings,Africa - Southern,2023,91.68
IKEA Billy Bookcase,Africa - Western,2024,239.18
Samsung Galaxy S23,Oceania - New Zealand,2022,8517.19
Sony WH-1000XM5,Asia - Southeastern,2022,565.18
Google Pixel 7,North America - Central,2023,7879.24
Sony WH-1000XM5,Asia - Southern,2023,3661.72
Tempur-Pedic Mattress,Latin America - Southern,2024,12904.75
Instant Pot Pro,Africa - Western,2023,685.56
Canon EOS R6,Latin America - Southern,2021,13924.73
Nike Air Force 1,North America - East,2021,734.47
GoPro Hero 11,Europe - Eastern,2019,746.65
West Elm Sofa,Africa - Southern,2020,2443.39
PlayStation 5,Asia - Eastern,2020,1392.72
Vitamix Blender,Asia - Eastern,2019,1831.53
GoPro Hero 11,Oceania - Australia,2020,454.4
Google Pixel 7,Oceania - New Zealand,2023,6271.24
Pottery Barn Dining Table,Asia - Eastern,2021,2599.06
Vitamix Blender,North America - Central,2024,504.87
IKEA Billy Bookcase,Oceania - New Zealand,2024,69.98
Sony WH-1000XM5,Oceania - Australia,2024,3861.44
Apple Watch Series 8,Oceania - Australia,2024,362.11
Ninja Air Fryer,Africa - Eastern,2024,174.25
West Elm Sofa,North America - West,2022,11477.38
Canon EOS R6,Asia - Southern,2020,7925.66
Rolex Submariner,North America - Central,2023,17138.7
PlayStation 5,Latin America - Central,2019,574.33
West Elm Sofa,Latin America - Central,2022,4522.49
AirPods Pro,Asia - Eastern,2021,1357.35
Samsung Galaxy S23,Asia - Southern,2021,2525.43
Google Pixel 7,Latin America - Southern,2021,1866.19
Instant Pot Pro,Asia - Southeastern,2023,696.54
Ray-Ban Aviators,Latin America - Southern,2024,725.56
Samsung QLED TV,Oceania - New Zealand,2024,3267.18
LG OLED TV,North America - East,2020,7870.47
Adidas Ultraboost,Africa - Western,2021,111.06
KitchenAid Mixer,Latin America - Central,2024,1385.23
Vitamix Blender,North America - East,2020,909.66
AirPods Pro,Latin America - Central,2024,1559.61
Tempur-Pedic Mattress,Africa - Southern,2022,2526.26
Vitamix Blender,North America - East,2021,2510.55
Ninja Air Fryer,Middle East - Gulf,2019,231.55
Ninja Air Fryer,Oceania - Australia,2021,685.99
Roomba i7+,Africa - Western,2021,1023.63
Breville Coffee Maker,Latin America - Central,2024,538.38
Roomba i7+,North America - East,2023,8663.02
Pottery Barn Dining Table,Asia - Southern,2022,3148.92
LG OLED TV,Asia - Eastern,2019,7487.76
Google Pixel 7,Europe - Western,2024,1670.54
Dyson V11 Vacuum,Europe - Western,2019,3153.55
Pottery Barn Dining Table,Oceania - New Zealand,2019,4218.29
Lululemon Align Leggings,Oceania - New Zealand,2023,340.59
Dell XPS 13,Middle East - Gulf,2023,7176.55
KitchenAid Mixer,Africa - Western,2021,1059.2
MacBook Air M2,North America - West,2022,10405.22
Samsung Galaxy S23,Asia - Southeastern,2023,5341.82
West Elm Sofa,Africa - Southern,2019,7243.56
Microsoft Surface Pro,Oceania - New Zealand,2024,11740.51
Pottery Barn Dining Table,Asia - Southeastern,2020,1595.73
Samsung QLED TV,Oceania - Australia,2019,4881.05
Roomba i7+,Latin America - Southern,2021,3197.84
Google Pixel 7,Europe - Southern,2024,3316.58
Breville Coffee Maker,Asia - Eastern,2022,1286.55
Adidas Ultraboost,Latin America - Central,2023,126.52
KitchenAid Mixer,Europe - Eastern,2023,764.65
Dell XPS 13,Asia - Southern,2021,8201.97
IKEA Billy Bookcase,Europe - Southern,2021,253.67
Apple Watch Series 8,Latin America - Central,2024,1888.96
PlayStation 5,Asia - Eastern,2024,717.9
Microsoft Surface Pro,Africa - Eastern,2023,6018.33
Rolex Submariner,Oceania - New Zealand,2024,79414.17
iPad Pro,Africa - Eastern,2023,3608.29
Microsoft Surface Pro,North America - West,2023,18121.67
Roomba i7+,Europe - Northern,2020,540.05
LG OLED TV,Africa - Eastern,2021,4918.09
Xbox Series X,Middle East - Levant,2020,892.4
AirPods Pro,Europe - Western,2020,2154.66
Tempur-Pedic Mattress,Latin America - Northern,2022,2279.57
Dyson V11 Vacuum,Europe - Eastern,2021,2169.03
LG OLED TV,Middle East - Levant,2022,11854.47
West Elm Sofa,Africa - Southern,2019,7243.56
AirPods Pro,Africa - Eastern,2019,117.98
GoPro Hero 11,Latin America - Central,2020,1162.43
Samsung Galaxy S23,Oceania - New Zealand,2021,3862.09
AirPods Pro,Oceania - New Zealand,2019,1925.26
iPad Pro,Africa - Southern,2024,3142.74
LG OLED TV,Africa - Southern,2024,1514.18
GoPro Hero 11,Europe - Eastern,2020,1960.15
Tempur-Pedic Mattress,Oceania - Australia,2019,10357.13
GoPro Hero 11,Europe - Western,2020,1093.92
Lululemon Align Leggings,Europe - Southern,2021,314.6
Microsoft Surface Pro,Europe - Southern,2022,1507.79
Ray-Ban Aviators,Europe - Eastern,2022,449.16
Vitamix Blender,North America - Central,2022,439.71
Microsoft Surface Pro,Oceania - Australia,2021,3200.27
Ray-Ban Aviators,Asia - Eastern,2024,828.12
Pottery Barn Dining Table,Asia - Southeastern,2021,7998.11
Pottery Barn Dining Table,Africa - Eastern,2022,3381.34
AirPods Pro,Europe - Southern,2023,485.94
Xbox Series X,Middle East - Gulf,2022,2958.71
Sony WH-1000XM5,Asia - Southeastern,2022,565.18
Adidas Ultraboost,Asia - Eastern,2020,631.54
Samsung Galaxy S23,Europe - Southern,2023,1997.57
Herman Miller Chair,Africa - Western,2020,3166.88
IKEA Billy Bookcase,Latin America - Northern,2021,151.46
Nespresso Vertuo,Asia - Eastern,2022,1069.43
Levi's 501 Jeans,Middle East - Levant,2024,315.82
PlayStation 5,Latin America - Central,2022,821.6
iPad Pro,Asia - Southern,2019,3523.66
iPhone 14 Pro,Europe - Western,2020,5459.47
Lululemon Align Leggings,Middle East - Gulf,2023,305.11
Samsung Galaxy S23,Europe - Southern,2021,647.84
Ray-Ban Aviators,Europe - Northern,2024,256.05
Dyson V11 Vacuum,Europe - Southern,2023,571.35
iPhone 14 Pro,Oceania - Australia,2024,8164.64
Ray-Ban Aviators,Oceania - Australia,2020,386.49
Rolex Submariner,Asia - Eastern,2023,13072.79
Ray-Ban Aviators,Asia - Eastern,2023,697.54
Dell XPS 13,Latin America - Central,2019,1054.91
Sony WH-1000XM5,Asia - Southeastern,2019,1060.93
Google Pixel 7,Asia - Eastern,2024,1970.6
Breville Coffee Maker,North America - West,2024,2643.7
PlayStation 5,Latin America - Northern,2023,1834.42
IKEA Billy Bookcase,Oceania - Australia,2019,566.3
Pottery Barn Dining Table,Africa - Western,2020,5407.09
Lululemon Align Leggings,North America - East,2021,362.8
LG OLED TV,Europe - Northern,2019,5916.93
Herman Miller Chair,Latin America - Northern,2019,3839.23
Nespresso Vertuo,Middle East - Levant,2020,556.61
Sony WH-1000XM5,Europe - Northern,2022,2761.08
GoPro Hero 11,Europe - Western,2021,2639.26
Ray-Ban Aviators,Africa - Western,2023,243.08
Instant Pot Pro,North America - Central,2024,986.84
Pottery Barn Dining Table,Africa - Southern,2019,1319.12
iPhone 14 Pro,Middle East - Gulf,2022,10137.2
MacBook Air M2,Africa - Western,2024,4314.28
Apple Watch Series 8,Oceania - New Zealand,2023,1354.29
iPhone 14 Pro,North America - Central,2024,7016.98
Nike Air Force 1,North America - East,2021,734.47
Apple Watch Series 8,Europe - Western,2022,745.8
Samsung QLED TV,Asia - Eastern,2019,10224.55
West Elm Sofa,Asia - Southeastern,2024,7366.75
Vitamix Blender,Asia - Eastern,2022,1449.46
KitchenAid Mixer,Europe - Eastern,2024,1738.82
LG OLED TV,Africa - Eastern,2023,3380.58
Nespresso Vertuo,North America - East,2021,1766.07
Ninja Air Fryer,North America - Central,2023,1019.57
Lululemon Align Leggings,North America - East,2020,291.75
iPad Pro,Africa - Eastern,2023,3608.29
IKEA Billy Bookcase,Europe - Western,2023,754.17
Sony WH-1000XM5,Europe - Eastern,2021,1051.1
West Elm Sofa,Europe - Western,2022,11459.26
KitchenAid Mixer,Asia - Eastern,2023,1255.7
Xbox Series X,Europe - Southern,2019,3797.41
Dyson V11 Vacuum,Latin America - Central,2020,1767.49
iPhone 14 Pro,North America - Central,2019,4125.89
Xbox Series X,Africa - Western,2019,470.29
KitchenAid Mixer,Asia - Southeastern,2020,1545.63
Dell XPS 13,Europe - Southern,2021,2002.5
Canon EOS R6,Europe - Northern,2023,3662.18
Sony WH-1000XM5,Oceania - New Zealand,2023,3691.35
Instant Pot Pro,North America - Central,2023,624.42
Dyson V11 Vacuum,Latin America - Central,2020,1767.49
Adidas Ultraboost,Africa - Western,2023,220.85
Samsung QLED TV,Latin America - Southern,2023,6533.47
Xbox Series X,Middle East - Gulf,2019,1425.8
Lululemon Align Leggings,Europe - Southern,2021,314.6
Google Pixel 7,Asia - Southern,2022,490.29
LG OLED TV,Latin America - Central,2021,2149.56
GoPro Hero 11,Europe - Eastern,2023,3351.45
Nintendo Switch OLED,North America - East,2024,3157.79
Levi's 501 Jeans,North America - West,2022,622.22
West Elm Sofa,Asia - Southern,2021,2690.0
West Elm Sofa,Europe - Northern,2024,7383.61
Nike Air Force 1,Asia - Southeastern,2021,414.46
Instant Pot Pro,Europe - Western,2024,1375.67
Ray-Ban Aviators,Oceania - New Zealand,2020,546.14
AirPods Pro,North America - Central,2020,627.64
MacBook Air M2,Africa - Southern,2022,5518.32
PlayStation 5,Latin America - Northern,2020,767.46
Xbox Series X,Asia - Southeastern,2022,4479.73
AirPods Pro,Latin America - Central,2019,977.11
Adidas Ultraboost,Europe - Northern,2019,184.86
Ray-Ban Aviators,Asia - Southeastern,2023,77.89
Ray-Ban Aviators,Oceania - New Zealand,2022,120.19
Nintendo Switch OLED,Asia - Southeastern,2019,1694.45
IKEA Billy Bookcase,Africa - Southern,2023,186.6
KitchenAid Mixer,Latin America - Southern,2024,876.62
AirPods Pro,North America - East,2022,2517.15
Ray-Ban Aviators,Oceania - New Zealand,2022,120.19
Lululemon Align Leggings,Middle East - Levant,2021,319.89
Dyson V11 Vacuum,Europe - Eastern,2022,4486.37
MacBook Air M2,Latin America - Northern,2021,753.68
Nintendo Switch OLED,Europe - Northern,2024,1590.34
Adidas Ultraboost,Oceania - Australia,2021,297.44
IKEA Billy Bookcase,Latin America - Central,2024,174.45
Roomba i7+,Asia - Southern,2022,2400.5
Ninja Air Fryer,North America - Central,2019,274.56
Nike Air Force 1,Europe - Eastern,2021,419.54
PlayStation 5,Middle East - Levant,2023,967.08
Adidas Ultraboost,Latin America - Northern,2021,89.37
Ray-Ban Aviators,Latin America - Central,2021,65.15
AirPods Pro,Asia - Southern,2024,969.21
Adidas Ultraboost,Latin America - Central,2021,678.39
GoPro Hero 11,Latin America - Northern,2020,1433.47
Adidas Ultraboost,Europe - Western,2019,660.18
Nintendo Switch OLED,Europe - Southern,2020,494.25
Apple Watch Series 8,Africa - Southern,2020,1153.12
Breville Coffee Maker,Africa - Southern,2022,668.95
AirPods Pro,North America - East,2022,2517.15
Nespresso Vertuo,Africa - Eastern,2021,372.71
Samsung Galaxy S23,Middle East - Gulf,2020,3917.57
GoPro Hero 11,Oceania - New Zealand,2024,4871.5
Samsung Galaxy S23,Oceania - Australia,2023,2388.0
Nespresso Vertuo,Asia - Southeastern,2021,646.53
Microsoft Surface Pro,Latin America - Northern,2024,5214.36
AirPods Pro,Middle East - Gulf,2022,1910.63
Pottery Barn Dining Table,North America - Central,2024,11783.7
Sony WH-1000XM5,Oceania - New Zealand,2022,543.92
Pottery Barn Dining Table,Asia - Eastern,2022,1046.91
PlayStation 5,Latin America - Northern,2020,767.46
Rolex Submariner,Oceania - Australia,2022,24139.58
AirPods Pro,North America - East,2022,2517.15
Herman Miller Chair,Europe - Eastern,2022,5007.36
Dyson V11 Vacuum,Latin America - Central,2023,2255.23
KitchenAid Mixer,North America - East,2021,3640.51
GoPro Hero 11,Asia - Southeastern,2024,3153.54
GoPro Hero 11,Europe - Eastern,2024,1668.05
Dyson V11 Vacuum,Europe - Eastern,2023,3814.91
LG OLED TV,Africa - Southern,2023,9670.18
Google Pixel 7,Africa - Eastern,2021,1472.31
Vitamix Blender,North America - Central,2022,439.71
Herman Miller Chair,North America - West,2020,12285.68
GoPro Hero 11,Latin America - Central,2023,1935.2
Nespresso Vertuo,Africa - Western,2020,537.09
West Elm Sofa,Europe - Southern,2023,3560.34
Sony WH-1000XM5,North America - West,2024,1401.13
Roomba i7+,North America - East,2021,6300.96
Roomba i7+,Middle East - Levant,2019,779.78
AirPods Pro,Asia - Southeastern,2021,749.38
Canon EOS R6,Africa - Western,2020,4363.88
Instant Pot Pro,North America - West,2020,619.6
Dell XPS 13,North America - East,2023,12512.08
iPhone 14 Pro,Africa - Western,2023,3744.53
Herman Miller Chair,Europe - Northern,2023,7065.16
PlayStation 5,Middle East - Levant,2019,281.68
Microsoft Surface Pro,Middle East - Levant,2024,8737.17
MacBook Air M2,Africa - Western,2021,5820.08
Herman Miller Chair,North America - East,2019,5090.42
GoPro Hero 11,Oceania - New Zealand,2024,4871.5
Roomba i7+,Africa - Southern,2019,747.38
Breville Coffee Maker,Africa - Southern,2024,1930.61
Xbox Series X,Latin America - Central,2020,1801.61
IKEA Billy Bookcase,Asia - Eastern,2019,376.15
iPad Pro,Latin America - Northern,2022,3537.02
Apple Watch Series 8,Latin America - Southern,2021,156.63
GoPro Hero 11,Middle East - Levant,2019,613.61
PlayStation 5,Latin America - Central,2019,574.33
PlayStation 5,Africa - Eastern,2019,786.48
Lululemon Align Leggings,Europe - Western,2023,331.72
iPhone 14 Pro,Africa - Eastern,2020,2065.25
Samsung QLED TV,Africa - Western,2021,1733.5
Xbox Series X,Africa - Western,2020,1480.31
Ray-Ban Aviators,Africa - Eastern,2022,101.83
Nintendo Switch OLED,Oceania - New Zealand,2024,3716.53
KitchenAid Mixer,North America - West,2021,3703.91
Apple Watch Series 8,Europe - Northern,2022,1883.9
Samsung Galaxy S23,Asia - Southern,2020,3841.95
Adidas Ultraboost,Africa - Eastern,2019,157.68
Herman Miller Chair,Europe - Eastern,2023,5406.52
Sony WH-1000XM5,Oceania - Australia,2023,3717.42
LG OLED TV,Africa - Western,2023,6230.47
Lululemon Align Leggings,Africa - Western,2023,80.06
Samsung QLED TV,Asia - Southeastern,2021,3208.86
Dyson V11 Vacuum,Latin America - Central,2021,2076.22
Ninja Air Fryer,Europe - Southern,2021,349.39
Breville Coffee Maker,Latin America - Central,2021,155.71
Dell XPS 13,Europe - Northern,2021,2368.4
Sony WH-1000XM5,Europe - Western,2020,423.3
MacBook Air M2,Africa - Western,2019,2035.36
Nike Air Force 1,Latin America - Northern,2021,124.79
Breville Coffee Maker,Europe - Western,2021,2665.87
Dell XPS 13,Oceania - Australia,2022,3175.17
LG OLED TV,Latin America - Central,2020,7148.59
Nespresso Vertuo,Europe - Southern,2021,297.64
IKEA Billy Bookcase,Latin America - Southern,2023,444.36
iPhone 14 Pro,Middle East - Levant,2020,705.24
iPad Pro,Asia - Eastern,2020,853.35
Ninja Air Fryer,Latin America - Northern,2022,136.99
Levi's 501 Jeans,North America - Central,2021,297.73
Pottery Barn Dining Table,Middle East - Gulf,2021,1090.37
West Elm Sofa,Europe - Northern,2019,4930.67
IKEA Billy Bookcase,Africa - Southern,2020,196.73
Roomba i7+,Asia - Eastern,2020,4785.52
Instant Pot Pro,Africa - Eastern,2021,110.13
iPad Pro,Asia - Southern,2019,3523.66
Xbox Series X,Europe - Eastern,2024,4477.17
Ninja Air Fryer,North America - Central,2022,904.6
iPad Pro,Latin America - Central,2020,590.96
Roomba i7+,Middle East - Gulf,2021,604.86
Samsung QLED TV,Latin America - Northern,2021,2090.28
Samsung QLED TV,Europe - Eastern,2022,9292.42
Breville Coffee Maker,North America - Central,2020,358.14
Herman Miller Chair,Asia - Eastern,2019,963.67
Nintendo Switch OLED,Middle East - Levant,2019,227.21
Rolex Submariner,Middle East - Levant,2020,8075.65
Canon EOS R6,Middle East - Levant,2023,9191.58
Canon EOS R6,Middle East - Gulf,2020,4823.75
Nintendo Switch OLED,Asia - Southeastern,2019,1694.45
Ray-Ban Aviators,Europe - Eastern,2019,310.7
GoPro Hero 11,Middle East - Gulf,2020,2284.83
Dell XPS 13,Asia - Southeastern,2022,1991.12
LG OLED TV,Asia - Southeastern,2019,1773.52
Pottery Barn Dining Table,Europe - Western,2023,12169.28
Herman Miller Chair,Europe - Western,2024,1455.4
Roomba i7+,Europe - Southern,2019,3471.45
Nintendo Switch OLED,North America - Central,2022,2497.77
MacBook Air M2,Latin America - Northern,2021,753.68
Tempur-Pedic Mattress,Africa - Southern,2020,882.49
Nike Air Force 1,Middle East - Levant,2019,329.95
iPhone 14 Pro,Oceania - Australia,2023,1230.61
Roomba i7+,Asia - Eastern,2019,577.81
AirPods Pro,Oceania - Australia,2020,1152.91
Microsoft Surface Pro,Africa - Eastern,2023,6018.33
Samsung QLED TV,North America - Central,2022,1190.51
Lululemon Align Leggings,Europe - Western,2021,87.25
MacBook Air M2,Latin America - Central,2021,5909.26
Xbox Series X,North America - Central,2024,2234.78
GoPro Hero 11,Oceania - New Zealand,2023,507.0
West Elm Sofa,Europe - Southern,2024,12068.5
Breville Coffee Maker,Latin America - Central,2019,903.09
Adidas Ultraboost,Europe - Eastern,2023,115.54
Instant Pot Pro,Europe - Southern,2019,655.09
Nespresso Vertuo,Africa - Western,2019,280.89
Adidas Ultraboost,Latin America - Central,2019,437.43
Dyson V11 Vacuum,North America - Central,2023,1332.51
KitchenAid Mixer,Africa - Southern,2021,1428.89
Roomba i7+,Europe - Southern,2019,3471.45
Microsoft Surface Pro,Asia - Southeastern,2019,2694.74
Dell XPS 13,Asia - Southeastern,2023,1066.94
MacBook Air M2,North America - Central,2021,2993.98
Samsung QLED TV,Latin America - Central,2020,1748.75
AirPods Pro,Middle East - Levant,2024,2187.63
IKEA Billy Bookcase,Africa - Eastern,2022,280.27
Microsoft Surface Pro,Middle East - Gulf,2024,13702.98
West Elm Sofa,Africa - Southern,2022,3722.56
Roomba i7+,Middle East - Levant,2023,2605.68
Microsoft Surface Pro,Latin America - Central,2021,3618.64
Breville Coffee Maker,Latin America - Northern,2019,651.4
Instant Pot Pro,Latin America - Southern,2022,238.83
MacBook Air M2,Middle East - Levant,2022,8881.41
Apple Watch Series 8,Asia - Southeastern,2023,1045.68
Breville Coffee Maker,Middle East - Gulf,2021,227.35
KitchenAid Mixer,Europe - Northern,2021,1159.23
Apple Watch Series 8,Oceania - New Zealand,2023,1354.29
Rolex Submariner,Latin America - Central,2022,6434.08
Dyson V11 Vacuum,Latin America - Southern,2021,1072.15
Nike Air Force 1,Oceania - New Zealand,2024,230.68
iPhone 14 Pro,Oceania - Australia,2023,1230.61
Dell XPS 13,Oceania - New Zealand,2023,14337.75
Lululemon Align Leggings,Africa - Southern,2021,158.88
Google Pixel 7,Europe - Northern,2019,636.87
Xbox Series X,Middle East - Levant,2022,2255.12
Herman Miller Chair,North America - West,2022,1422.21
West Elm Sofa,Latin America - Southern,2021,4544.93
Instant Pot Pro,Oceania - Australia,2019,420.64
Tempur-Pedic Mattress,Asia - Southern,2021,1590.1
LG OLED TV,North America - Central,2023,14002.32
Ninja Air Fryer,Latin America - Northern,2023,120.24
Roomba i7+,North America - East,2022,2968.04
Tempur-Pedic Mattress,Europe - Western,2023,4173.27
PlayStation 5,Europe - Western,2019,2892.89
Apple Watch Series 8,Latin America - Southern,2024,2131.23
West Elm Sofa,Oceania - New Zealand,2022,8099.89
IKEA Billy Bookcase,Latin America - Central,2023,411.59
AirPods Pro,Middle East - Levant,2020,1116.56
Herman Miller Chair,Africa - Southern,2019,2493.96
Breville Coffee Maker,Oceania - Australia,2022,2417.72
West Elm Sofa,Asia - Southern,2020,9211.15
Microsoft Surface Pro,Asia - Southern,2023,1353.53
Herman Miller Chair,Oceania - New Zealand,2021,993.91
Nespresso Vertuo,Africa - Eastern,2020,152.4
MacBook Air M2,Latin America - Southern,2019,2503.97
PlayStation 5,Europe - Northern,2022,602.6
Dell XPS 13,Africa - Southern,2020,1337.83
Ray-Ban Aviators,Europe - Southern,2019,484.6
Nespresso Vertuo,Latin America - Southern,2021,644.04
Apple Watch Series 8,Africa - Eastern,2021,471.12
Samsung Galaxy S23,Europe - Western,2023,3806.64
Breville Coffee Maker,Oceania - Australia,2020,1842.8
IKEA Billy Bookcase,Latin America - Southern,2021,309.31
Samsung QLED TV,North America - West,2024,2056.76
Vitamix Blender,Asia - Eastern,2019,1831.53
Nintendo Switch OLED,Latin America - Southern,2021,618.21
iPad Pro,Oceania - New Zealand,2019,6333.3
Dell XPS 13,Africa - Western,2021,6109.95
Rolex Submariner,Latin America - Southern,2022,40602.05
Breville Coffee Maker,Asia - Southeastern,2024,587.19
MacBook Air M2,Middle East - Gulf,2023,6763.08
Dell XPS 13,Asia - Eastern,2021,2602.45
PlayStation 5,Latin America - Northern,2020,767.46
Tempur-Pedic Mattress,Middle East - Levant,2020,6838.38
Apple Watch Series 8,Asia - Eastern,2021,896.48
Google Pixel 7,North America - Central,2021,1566.03
Rolex Submariner,Africa - Eastern,2023,6059.89
Pottery Barn Dining Table,Africa - Eastern,2023,4986.28
Adidas Ultraboost,Oceania - Australia,2019,194.1
IKEA Billy Bookcase,Africa - Southern,2023,186.6
GoPro Hero 11,North America - Central,2024,3649.14
LG OLED TV,Europe - Southern,2020,7482.81
Samsung QLED TV,North America - Central,2021,7591.64
Dyson V11 Vacuum,Europe - Northern,2022,3221.51
Xbox Series X,North America - West,2020,3731.26
Nike Air Force 1,Latin America - Southern,2023,56.37
Roomba i7+,North America - West,2023,2822.31
Dyson V11 Vacuum,Asia - Eastern,2022,500.23
Microsoft Surface Pro,Africa - Southern,2021,5489.23
Dyson V11 Vacuum,Africa - Western,2023,1164.28
Dyson V11 Vacuum,North America - West,2023,6258.0
Samsung Galaxy S23,Middle East - Gulf,2023,3466.08
LG OLED TV,Europe - Eastern,2024,8008.21
Ray-Ban Aviators,North America - Central,2019,265.17
Dyson V11 Vacuum,Latin America - Southern,2023,4129.45
KitchenAid Mixer,Oceania - Australia,2022,1814.04
Vitamix Blender,Oceania - Australia,2022,1789.5
Google Pixel 7,North America - West,2021,3543.08
Sony WH-1000XM5,Latin America - Northern,2021,1503.33
Microsoft Surface Pro,Asia - Eastern,2020,8260.46
Xbox Series X,Latin America - Southern,2023,3075.97
LG OLED TV,Latin America - Southern,2021,3090.79
Lululemon Align Leggings,Oceania - New Zealand,2020,286.63
Dell XPS 13,Asia - Eastern,2022,4779.7
Instant Pot Pro,Middle East - Levant,2024,193.08
Levi's 501 Jeans,Middle East - Gulf,2024,324.24
Ray-Ban Aviators,Europe - Eastern,2019,310.7
Adidas Ultraboost,Africa - Western,2019,62.92
Xbox Series X,North America - East,2023,5870.9
Nike Air Force 1,Africa - Western,2023,133.71
Dyson V11 Vacuum,Latin America - Central,2024,1184.87
Apple Watch Series 8,Latin America - Northern,2024,1403.36
iPhone 14 Pro,Europe - Western,2024,9070.75
Samsung Galaxy S23,Middle East - Levant,2019,3402.95
iPhone 14 Pro,Europe - Southern,2021,5810.46
Ray-Ban Aviators,North America - West,2023,723.9
Canon EOS R6,Middle East - Levant,2023,9191.58
Pottery Barn Dining Table,Africa - Eastern,2024,2397.72
Lululemon Align Leggings,Africa - Eastern,2020,158.63
Vitamix Blender,Africa - Eastern,2024,1329.84
AirPods Pro,Africa - Eastern,2024,361.59
Levi's 501 Jeans,North America - East,2019,267.98
PlayStation 5,North America - East,2021,6148.63
Samsung QLED TV,Middle East - Gulf,2023,12425.45
Vitamix Blender,Europe - Eastern,2020,1282.93
Vitamix Blender,Asia - Southern,2024,3069.6
LG OLED TV,Europe - Eastern,2024,8008.21
Nike Air Force 1,Asia - Southern,2024,349.95
AirPods Pro,Europe - Western,2022,2677.65
Adidas Ultraboost,Africa - Western,2021,111.06
GoPro Hero 11,Latin America - Northern,2023,1622.3
MacBook Air M2,North America - West,2024,4585.48
Instant Pot Pro,North America - Central,2019,788.95
Sony WH-1000XM5,Europe - Eastern,2019,2036.12
Instant Pot Pro,North America - Central,2021,504.59
Nintendo Switch OLED,Asia - Eastern,2024,3851.48
Canon EOS R6,Europe - Eastern,2019,4438.73
Roomba i7+,Europe - Southern,2022,1467.56
West Elm Sofa,North America - East,2020,12791.28
Tempur-Pedic Mattress,Asia - Southeastern,2020,4118.67
Herman Miller Chair,Africa - Western,2022,2487.99
Nike Air Force 1,Europe - Southern,2022,202.01
Microsoft Surface Pro,Europe - Eastern,2022,9806.56
Lululemon Align Leggings,Africa - Eastern,2023,300.02
Ninja Air Fryer,North America - East,2020,615.0
iPhone 14 Pro,North America - Central,2024,7016.98
Dell XPS 13,Europe - Western,2021,1142.13
Levi's 501 Jeans,Latin America - Central,2020,138.65
iPad Pro,Asia - Eastern,2019,1816.23
Samsung QLED TV,Latin America - Central,2020,1748.75
Roomba i7+,Europe - Northern,2021,3568.25
Sony WH-1000XM5,Africa - Southern,2022,1208.66
Dell XPS 13,Asia - Southeastern,2021,3113.11
LG OLED TV,Oceania - Australia,2024,11793.4
Rolex Submariner,Africa - Western,2019,18113.47
Dyson V11 Vacuum,Asia - Eastern,2020,936.59
Microsoft Surface Pro,North America - East,2021,1578.9
Nespresso Vertuo,North America - Central,2021,305.58
Pottery Barn Dining Table,Africa - Eastern,2021,2506.85
Nike Air Force 1,Asia - Southeastern,2019,143.08
Sony WH-1000XM5,Oceania - New Zealand,2022,543.92
Vitamix Blender,North America - East,2023,2242.32
Lululemon Align Leggings,Middle East - Levant,2024,62.03
Samsung QLED TV,North America - East,2024,2285.95
Samsung Galaxy S23,Latin America - Southern,2019,1004.62
Dyson V11 Vacuum,Asia - Southeastern,2024,2358.8
Breville Coffee Maker,Latin America - Central,2022,1338.97
Xbox Series X,Europe - Southern,2023,3751.83
PlayStation 5,Oceania - Australia,2020,4177.44
IKEA Billy Bookcase,North America - Central,2024,435.89
Nespresso Vertuo,Oceania - Australia,2021,1422.4
Adidas Ultraboost,Latin America - Southern,2024,781.53
Canon EOS R6,Europe - Southern,2019,12435.51
Dyson V11 Vacuum,Africa - Western,2019,1131.66
West Elm Sofa,Middle East - Gulf,2020,8444.18
Herman Miller Chair,North America - East,2022,11617.62
Vitamix Blender,Europe - Eastern,2024,2554.15
Nintendo Switch OLED,Latin America - Northern,2021,2143.25
Instant Pot Pro,Asia - Eastern,2021,83.35
Levi's 501 Jeans,North America - Central,2024,660.0
Samsung Galaxy S23,North America - West,2022,1046.66
Nespresso Vertuo,Oceania - New Zealand,2022,713.67
Samsung QLED TV,Asia - Eastern,2022,9654.09
Breville Coffee Maker,Europe - Southern,2024,1741.62
Nike Air Force 1,Latin America - Northern,2020,176.06
Rolex Submariner,Europe - Northern,2024,60596.76
Vitamix Blender,Africa - Eastern,2024,1329.84
West Elm Sofa,Latin America - Central,2023,4120.96
Xbox Series X,North America - East,2022,4311.33
Apple Watch Series 8,Middle East - Gulf,2019,1696.25
KitchenAid Mixer,Latin America - Southern,2021,1063.98
MacBook Air M2,Asia - Eastern,2024,6746.5
Breville Coffee Maker,Europe - Southern,2019,838.93
Ray-Ban Aviators,Asia - Southeastern,2024,908.51
iPad Pro,North America - East,2024,8971.53
Dyson V11 Vacuum,Asia - Southern,2024,2142.28
Canon EOS R6,Oceania - Australia,2020,11283.78
iPhone 14 Pro,Europe - Eastern,2021,4530.43
Tempur-Pedic Mattress,Asia - Southern,2021,1590.1
MacBook Air M2,Middle East - Gulf,2021,10440.81
Apple Watch Series 8,Latin America - Southern,2023,1368.81
Dell XPS 13,Middle East - Gulf,2019,7286.43
KitchenAid Mixer,Africa - Southern,2021,1428.89
Tempur-Pedic Mattress,Asia - Southeastern,2024,4456.29
Rolex Submariner,Europe - Eastern,2022,19279.01
Dyson V11 Vacuum,Oceania - Australia,2022,3001.55
Xbox Series X,Asia - Southeastern,2023,1367.3
PlayStation 5,Europe - Northern,2022,602.6
Apple Watch Series 8,Latin America - Southern,2019,269.54
Herman Miller Chair,Africa - Southern,2020,1874.53
Adidas Ultraboost,North America - East,2019,747.43
Ninja Air Fryer,Latin America - Southern,2020,274.76
Samsung QLED TV,Europe - Western,2023,16922.05
Ninja Air Fryer,Middle East - Gulf,2023,1311.5
Microsoft Surface Pro,Africa - Eastern,2019,4673.14
Samsung QLED TV,Europe - Eastern,2024,6769.77
iPhone 14 Pro,Africa - Western,2024,1971.25
Sony WH-1000XM5,Europe - Northern,2022,2761.08
LG OLED TV,Oceania - New Zealand,2020,8514.16
Breville Coffee Maker,Oceania - New Zealand,2023,1317.02
Dell XPS 13,Oceania - New Zealand,2022,10557.36
Nespresso Vertuo,North America - West,2019,592.27
Nespresso Vertuo,Africa - Southern,2019,540.0
KitchenAid Mixer,Latin America - Northern,2022,772.9
Xbox Series X,Europe - Western,2020,936.42
IKEA Billy Bookcase,Africa - Eastern,2024,380.28
Dell XPS 13,Middle East - Levant,2019,5710.14
Instant Pot Pro,Africa - Southern,2020,427.19
Nike Air Force 1,Latin America - Southern,2021,45.53
PlayStation 5,North America - East,2023,1498.98
Google Pixel 7,Middle East - Levant,2020,2393.74
AirPods Pro,Oceania - New Zealand,2024,2026.21
Google Pixel 7,Oceania - Australia,2024,3038.85
LG OLED TV,Europe - Western,2023,5879.85
iPhone 14 Pro,Latin America - Southern,2022,3811.95
Samsung QLED TV,North America - East,2024,2285.95
Lululemon Align Leggings,North America - Central,2019,493.66
GoPro Hero 11,Middle East - Levant,2021,238.53
Ninja Air Fryer,Africa - Western,2021,56.96
AirPods Pro,Europe - Northern,2023,354.32
KitchenAid Mixer,Middle East - Gulf,2023,1863.03
Nespresso Vertuo,Europe - Eastern,2023,498.9
Ray-Ban Aviators,Africa - Southern,2022,374.95
Pottery Barn Dining Table,Middle East - Levant,2020,5643.18
Nespresso Vertuo,Europe - Eastern,2022,279.42
Microsoft Surface Pro,Europe - Eastern,2024,13590.88
Samsung Galaxy S23,Middle East - Gulf,2023,3466.08
AirPods Pro,Oceania - New Zealand,2019,1925.26
Rolex Submariner,North America - East,2020,6533.53
Samsung QLED TV,Latin America - Southern,2023,6533.47
Lululemon Align Leggings,Asia - Southern,2023,298.72
Dyson V11 Vacuum,Africa - Eastern,2023,2762.32
iPhone 14 Pro,Middle East - Levant,2022,4779.13
West Elm Sofa,Latin America - Southern,2021,4544.93
Samsung Galaxy S23,Middle East - Levant,2023,5269.21
AirPods Pro,Asia - Southeastern,2021,749.38
Ray-Ban Aviators,Oceania - Australia,2023,295.59
Adidas Ultraboost,Europe - Western,2020,618.81
Microsoft Surface Pro,Oceania - New Zealand,2024,11740.51
Levi's 501 Jeans,Africa - Southern,2024,298.52
Nespresso Vertuo,North America - East,2020,559.34
Pottery Barn Dining Table,Africa - Eastern,2021,2506.85
Google Pixel 7,North America - East,2021,6432.24
Lululemon Align Leggings,Africa - Southern,2023,91.68
KitchenAid Mixer,Europe - Western,2024,3118.65
GoPro Hero 11,Asia - Southeastern,2022,2651.67
Pottery Barn Dining Table,Africa - Southern,2023,6608.52
Levi's 501 Jeans,Latin America - Central,2024,316.04
Roomba i7+,Europe - Southern,2023,3385.36
Xbox Series X,Asia - Southeastern,2021,2529.11
Canon EOS R6,Middle East - Levant,2021,12078.36
Microsoft Surface Pro,Europe - Northern,2022,9710.75
Ray-Ban Aviators,Europe - Eastern,2024,555.52
Instant Pot Pro,Latin America - Northern,2022,82.16
Sony WH-1000XM5,North America - East,2021,3301.01
Google Pixel 7,Latin America - Northern,2024,3878.94
Adidas Ultraboost,Oceania - New Zealand,2022,1212.82
Pottery Barn Dining Table,North America - West,2024,8718.08
LG OLED TV,Europe - Eastern,2021,5432.37
Nike Air Force 1,Latin America - Southern,2021,45.53
MacBook Air M2,Oceania - Australia,2021,9824.88
GoPro Hero 11,Latin America - Northern,2019,1303.73
Adidas Ultraboost,Asia - Eastern,2021,727.75
Dell XPS 13,Oceania - Australia,2024,9362.35
Dyson V11 Vacuum,Oceania - New Zealand,2021,4677.06
Apple Watch Series 8,North America - West,2023,2681.82
iPad Pro,Latin America - Central,2022,3480.04
IKEA Billy Bookcase,Middle East - Levant,2022,172.26
Samsung QLED TV,Europe - Western,2022,11137.76
iPad Pro,Europe - Eastern,2022,2193.87
Tempur-Pedic Mattress,Asia - Eastern,2024,10444.14
Canon EOS R6,Europe - Northern,2023,3662.18
iPad Pro,Latin America - Southern,2022,5387.56
Ninja Air Fryer,Europe - Southern,2019,817.82
Nike Air Force 1,Africa - Southern,2024,43.83
GoPro Hero 11,Latin America - Central,2023,1935.2
PlayStation 5,North America - Central,2023,4883.48
iPad Pro,Latin America - Southern,2019,3176.42
Lululemon Align Leggings,Middle East - Gulf,2020,45.87
GoPro Hero 11,Latin America - Central,2024,1127.75
Lululemon Align Leggings,Africa - Southern,2023,91.68
Apple Watch Series 8,Middle East - Gulf,2021,1041.07
Lululemon Align Leggings,Europe - Western,2024,434.32
Samsung Galaxy S23,Europe - Northern,2024,3753.27
Rolex Submariner,Europe - Western,2023,19124.18
IKEA Billy Bookcase,North America - East,2019,411.14
Ray-Ban Aviators,Asia - Southeastern,2024,908.51
Dyson V11 Vacuum,Africa - Western,2021,981.88
Samsung QLED TV,Europe - Eastern,2024,6769.77
Nike Air Force 1,Asia - Southeastern,2021,414.46
Dyson V11 Vacuum,Oceania - Australia,2021,2924.81
Levi's 501 Jeans,North America - East,2024,545.36
iPad Pro,Oceania - New Zealand,2023,1577.76
AirPods Pro,Europe - Northern,2020,485.57
Tempur-Pedic Mattress,Middle East - Levant,2024,3112.3
Sony WH-1000XM5,Africa - Western,2020,1665.13
Breville Coffee Maker,Europe - Eastern,2024,2364.31
PlayStation 5,Asia - Southern,2023,4120.0
Sony WH-1000XM5,Latin America - Central,2019,918.16
GoPro Hero 11,Oceania - Australia,2021,3511.82
Sony WH-1000XM5,Europe - Southern,2024,2255.12
IKEA Billy Bookcase,Middle East - Gulf,2023,151.93
iPad Pro,Middle East - Gulf,2021,7506.5
KitchenAid Mixer,Middle East - Levant,2024,2779.53
Nintendo Switch OLED,Asia - Eastern,2021,2304.42
Pottery Barn Dining Table,Middle East - Levant,2024,6095.54
GoPro Hero 11,Africa - Western,2022,727.56
Roomba i7+,Europe - Southern,2019,3471.45
Nike Air Force 1,Middle East - Levant,2022,98.38
Adidas Ultraboost,Africa - Eastern,2019,157.68
Vitamix Blender,Middle East - Levant,2020,1041.11
Levi's 501 Jeans,Africa - Eastern,2020,113.11
West Elm Sofa,North America - East,2019,1437.06
Tempur-Pedic Mattress,Europe - Eastern,2024,11603.56
AirPods Pro,Europe - Eastern,2024,1423.46
Dyson V11 Vacuum,North America - Central,2019,2721.45
Roomba i7+,Middle East - Gulf,2021,604.86
Samsung Galaxy S23,Oceania - Australia,2021,2814.91
iPhone 14 Pro,Latin America - Central,2021,1077.53
Nike Air Force 1,Latin America - Central,2019,191.95
Tempur-Pedic Mattress,Europe - Northern,2022,17560.32
Tempur-Pedic Mattress,Latin America - Northern,2024,8974.62
Tempur-Pedic Mattress,Europe - Northern,2024,13792.71
iPhone 14 Pro,Middle East - Gulf,2020,6296.06
Tempur-Pedic Mattress,Africa - Western,2023,1389.55
Ray-Ban Aviators,Oceania - Australia,2020,386.49
Instant Pot Pro,Europe - Northern,2021,782.34
Ninja Air Fryer,Middle East - Gulf,2020,725.33
Samsung QLED TV,North America - Central,2024,9348.05
Apple Watch Series 8,Middle East - Gulf,2022,1151.83
Ray-Ban Aviators,Asia - Eastern,2024,828.12
iPhone 14 Pro,Africa - Western,2021,4915.46
Ninja Air Fryer,Europe - Southern,2019,817.82
Ninja Air Fryer,Asia - Southeastern,2023,1047.85
Samsung QLED TV,Asia - Southeastern,2024,12635.34
KitchenAid Mixer,Oceania - New Zealand,2019,722.18
MacBook Air M2,Middle East - Levant,2023,8928.69
IKEA Billy Bookcase,Latin America - Southern,2022,482.06
Microsoft Surface Pro,Oceania - New Zealand,2021,3600.15
Rolex Submariner,Europe - Western,2023,19124.18
Instant Pot Pro,Europe - Northern,2021,782.34
Samsung QLED TV,Europe - Southern,2023,6522.86
Samsung Galaxy S23,Africa - Eastern,2024,4554.6
Nike Air Force 1,Latin America - Southern,2019,100.47
KitchenAid Mixer,Europe - Western,2021,2547.17
Xbox Series X,Oceania - Australia,2024,1535.89
Nespresso Vertuo,Asia - Eastern,2023,708.6
Tempur-Pedic Mattress,Oceania - New Zealand,2024,22837.23
Vitamix Blender,Europe - Western,2023,1458.04
Vitamix Blender,North America - West,2022,884.21
Sony WH-1000XM5,Oceania - Australia,2021,2329.24
Nintendo Switch OLED,Europe - Southern,2024,447.54
Dell XPS 13,Africa - Southern,2021,3838.46
Apple Watch Series 8,Europe - Southern,2020,1837.49
Pottery Barn Dining Table,Europe - Eastern,2024,2497.45
Adidas Ultraboost,Asia - Southeastern,2019,690.35
Sony WH-1000XM5,Africa - Western,2022,1631.41
Samsung QLED TV,Africa - Western,2020,2582.31
Herman Miller Chair,North America - East,2019,5090.42
Roomba i7+,North America - West,2019,2069.49
Canon EOS R6,Africa - Southern,2024,2062.15
Samsung Galaxy S23,Africa - Western,2022,596.83
Nike Air Force 1,Europe - Eastern,2022,44.66
LG OLED TV,Africa - Southern,2023,9670.18
Levi's 501 Jeans,Oceania - New Zealand,2024,546.4
iPad Pro,Europe - Eastern,2020,4680.08
KitchenAid Mixer,Middle East - Gulf,2019,2014.89
Samsung QLED TV,North America - Central,2023,12769.28
Lululemon Align Leggings,Oceania - New Zealand,2019,189.89
Dell XPS 13,Africa - Southern,2019,2377.87
Apple Watch Series 8,Oceania - Australia,2019,2080.49
KitchenAid Mixer,Middle East - Levant,2021,1581.77
Rolex Submariner,Latin America - Southern,2023,25840.26
Samsung QLED TV,Middle East - Gulf,2020,4509.39
Levi's 501 Jeans,Middle East - Gulf,2023,271.75
Ray-Ban Aviators,North America - Central,2020,335.18
Vitamix Blender,Middle East - Gulf,2023,2310.87
Pottery Barn Dining Table,Asia - Southern,2022,3148.92
Rolex Submariner,Oceania - Australia,2020,10767.29
Levi's 501 Jeans,Africa - Southern,2022,198.32
Sony WH-1000XM5,Africa - Western,2020,1665.13
MacBook Air M2,Asia - Southeastern,2023,10012.39
Apple Watch Series 8,North America - Central,2020,461.85
Herman Miller Chair,Asia - Eastern,2023,4435.94
Dell XPS 13,Europe - Eastern,2019,2891.61
Vitamix Blender,Europe - Southern,2020,297.49
iPad Pro,Africa - Eastern,2023,3608.29
GoPro Hero 11,Oceania - Australia,2019,3573.67
Dell XPS 13,Middle East - Levant,2024,5419.34
Herman Miller Chair,Europe - Western,2019,4714.73
Apple Watch Series 8,Africa - Eastern,2023,1247.14
Nike Air Force 1,Europe - Eastern,2023,123.63
Ray-Ban Aviators,Europe - Eastern,2023,710.52
LG OLED TV,Africa - Western,2022,6108.59
Tempur-Pedic Mattress,Europe - Northern,2020,6382.23
Ninja Air Fryer,Europe - Southern,2021,349.39
Levi's 501 Jeans,Oceania - New Zealand,2020,450.81
LG OLED TV,Europe - Western,2021,7192.45
Apple Watch Series 8,Europe - Northern,2019,1273.8
Apple Watch Series 8,Oceania - Australia,2019,2080.49
Samsung QLED TV,Asia - Southern,2022,6704.53
Roomba i7+,Europe - Western,2020,3990.93
iPhone 14 Pro,Latin America - Southern,2021,813.14
Rolex Submariner,North America - East,2023,82614.31
Microsoft Surface Pro,North America - West,2023,18121.67
Google Pixel 7,Latin America - Central,2023,3320.29
Lululemon Align Leggings,Middle East - Levant,2022,99.75
Pottery Barn Dining Table,North America - East,2022,6059.08
Nike Air Force 1,Oceania - Australia,2020,538.13
Sony WH-1000XM5,Latin America - Central,2021,1260.34
IKEA Billy Bookcase,Middle East - Levant,2024,374.8
Apple Watch Series 8,Middle East - Levant,2020,545.05
Vitamix Blender,North America - East,2024,507.25
Nike Air Force 1,Europe - Eastern,2021,419.54
MacBook Air M2,Middle East - Gulf,2019,3321.81
Nike Air Force 1,Latin America - Central,2022,394.24
Samsung QLED TV,Africa - Eastern,2022,4812.2
Roomba i7+,North America - East,2021,6300.96
KitchenAid Mixer,Europe - Western,2021,2547.17
Google Pixel 7,Middle East - Levant,2022,986.73
Samsung Galaxy S23,Europe - Northern,2020,1682.55
Google Pixel 7,Europe - Northern,2022,2144.01
MacBook Air M2,Europe - Northern,2021,10056.7
Vitamix Blender,Latin America - Southern,2020,210.57
Apple Watch Series 8,North America - Central,2022,2262.69
AirPods Pro,Asia - Southeastern,2024,702.38
Breville Coffee Maker,North America - Central,2022,788.62
Pottery Barn Dining Table,Middle East - Levant,2021,993.29
Ninja Air Fryer,Europe - Northern,2021,612.87
IKEA Billy Bookcase,Latin America - Central,2023,411.59
GoPro Hero 11,Asia - Southern,2022,1156.24
Sony WH-1000XM5,Latin America - Central,2023,695.48
West Elm Sofa,Middle East - Gulf,2020,8444.18
Apple Watch Series 8,Latin America - Northern,2022,1592.23
Adidas Ultraboost,Africa - Western,2019,62.92
Nintendo Switch OLED,North America - West,2021,2964.84
Herman Miller Chair,Middle East - Levant,2020,2039.14
West Elm Sofa,Oceania - New Zealand,2020,3708.64
iPad Pro,Africa - Western,2019,1172.9
MacBook Air M2,Oceania - New Zealand,2023,9519.34
Apple Watch Series 8,Middle East - Levant,2019,417.78
PlayStation 5,Africa - Southern,2021,405.79
Canon EOS R6,Oceania - Australia,2020,11283.78
Roomba i7+,North America - Central,2021,4064.1
Samsung Galaxy S23,North America - East,2024,2470.58
Google Pixel 7,Africa - Eastern,2023,1072.58
AirPods Pro,Asia - Eastern,2019,222.96
iPhone 14 Pro,Africa - Southern,2020,6287.13
KitchenAid Mixer,Latin America - Southern,2022,1319.69
Xbox Series X,Latin America - Southern,2019,983.13
Ninja Air Fryer,Oceania - Australia,2023,641.99
Levi's 501 Jeans,Asia - Southern,2019,178.19
Dell XPS 13,North America - Central,2023,9128.08
Herman Miller Chair,Europe - Northern,2021,7129.02
Nintendo Switch OLED,Europe - Western,2023,1570.91
Google Pixel 7,Oceania - Australia,2022,1305.99
West Elm Sofa,North America - West,2023,10948.66
Roomba i7+,North America - East,2021,6300.96
Samsung QLED TV,Europe - Eastern,2020,3420.78
AirPods Pro,North America - East,2019,458.19
MacBook Air M2,Middle East - Levant,2023,8928.69
Dyson V11 Vacuum,Latin America - Central,2021,2076.22
iPad Pro,Latin America - Central,2019,3088.49
AirPods Pro,Latin America - Southern,2024,760.35
KitchenAid Mixer,Latin America - Southern,2022,1319.69
Breville Coffee Maker,Latin America - Southern,2022,1813.38
Breville Coffee Maker,Middle East - Gulf,2023,1409.08
Nintendo Switch OLED,North America - Central,2023,3380.28
Vitamix Blender,Oceania - New Zealand,2020,806.9
KitchenAid Mixer,North America - Central,2022,2121.47
Instant Pot Pro,Middle East - Levant,2021,717.65
AirPods Pro,Europe - Western,2023,2635.38
Levi's 501 Jeans,Europe - Eastern,2021,97.25
Dell XPS 13,Middle East - Levant,2020,3077.4
Tempur-Pedic Mattress,Middle East - Gulf,2024,17174.79
Lululemon Align Leggings,North America - West,2023,193.22
Sony WH-1000XM5,North America - Central,2019,2172.93
iPad Pro,Africa - Western,2024,3121.58
Dell XPS 13,Latin America - Northern,2023,3290.71
Nespresso Vertuo,Oceania - New Zealand,2023,573.93
Samsung Galaxy S23,Asia - Southeastern,2021,4243.62
Pottery Barn Dining Table,Europe - Northern,2019,3731.72
Breville Coffee Maker,Middle East - Gulf,2019,1827.3
GoPro Hero 11,Europe - Eastern,2022,2524.82
Breville Coffee Maker,North America - Central,2023,717.79
Lululemon Align Leggings,Europe - Eastern,2019,377.53
Xbox Series X,Europe - Eastern,2019,978.1
iPhone 14 Pro,Oceania - Australia,2019,5401.78
Levi's 501 Jeans,Latin America - Northern,2020,252.07
Sony WH-1000XM5,Middle East - Gulf,2020,840.77
KitchenAid Mixer,Oceania - New Zealand,2024,2485.84
West Elm Sofa,Africa - Eastern,2020,5328.52
iPad Pro,Latin America - Northern,2020,3301.54
Adidas Ultraboost,Asia - Eastern,2023,643.09
Dyson V11 Vacuum,Europe - Northern,2024,2826.88
Rolex Submariner,Asia - Southern,2024,4668.8
LG OLED TV,Europe - Northern,2019,5916.93
GoPro Hero 11,Africa - Eastern,2019,1031.27
Ninja Air Fryer,Africa - Eastern,2019,354.64
Rolex Submariner,Latin America - Northern,2022,4002.51
Apple Watch Series 8,Asia - Southeastern,2022,977.83
Apple Watch Series 8,Latin America - Northern,2020,1034.97
Ninja Air Fryer,Europe - Northern,2021,612.87
AirPods Pro,Africa - Eastern,2024,361.59
MacBook Air M2,Europe - Southern,2024,7837.65
Rolex Submariner,Africa - Eastern,2021,3073.5
MacBook Air M2,Oceania - New Zealand,2021,7515.26
Breville Coffee Maker,Europe - Western,2023,1817.89
IKEA Billy Bookcase,Asia - Southeastern,2021,269.51
iPad Pro,Asia - Eastern,2024,10663.44
Ray-Ban Aviators,Europe - Western,2019,545.99
Dell XPS 13,Europe - Eastern,2023,7262.1
Sony WH-1000XM5,Latin America - Southern,2020,293.01
Nike Air Force 1,Latin America - Southern,2020,108.36
Vitamix Blender,Africa - Western,2021,1137.94
Herman Miller Chair,North America - West,2020,12285.68
Samsung Galaxy S23,Africa - Western,2021,512.41
GoPro Hero 11,Africa - Southern,2023,1476.46
Samsung Galaxy S23,Africa - Western,2022,596.83
Instant Pot Pro,Oceania - Australia,2024,674.34
AirPods Pro,Asia - Southeastern,2022,670.65
Breville Coffee Maker,Africa - Eastern,2019,329.97
Microsoft Surface Pro,Asia - Southern,2022,2091.4
Samsung Galaxy S23,Europe - Southern,2019,692.01
Dyson V11 Vacuum,North America - Central,2020,3991.64
Xbox Series X,Middle East - Gulf,2020,1018.5
Dell XPS 13,Oceania - Australia,2019,4534.27
Ray-Ban Aviators,North America - Central,2021,580.32
Canon EOS R6,Europe - Southern,2021,16326.12
Adidas Ultraboost,Europe - Western,2020,618.81
Levi's 501 Jeans,Latin America - Central,2019,123.08
Ninja Air Fryer,Latin America - Central,2021,349.39
Dyson V11 Vacuum,North America - East,2021,617.08
iPad Pro,Africa - Western,2021,2524.69
Tempur-Pedic Mattress,Middle East - Levant,2019,910.49
LG OLED TV,Asia - Southern,2024,11137.57
West Elm Sofa,Middle East - Levant,2023,11550.33
LG OLED TV,Africa - Western,2022,6108.59
Ray-Ban Aviators,Europe - Northern,2020,721.42
Herman Miller Chair,North America - East,2024,5591.6
Ninja Air Fryer,Asia - Southeastern,2022,1010.43
Levi's 501 Jeans,Africa - Southern,2020,222.03
Nike Air Force 1,Asia - Southeastern,2022,398.57
Samsung QLED TV,Asia - Southern,2019,758.87
Dell XPS 13,North America - East,2019,8428.26
Lululemon Align Leggings,Asia - Southern,2022,57.08
KitchenAid Mixer,Middle East - Gulf,2019,2014.89
KitchenAid Mixer,Europe - Southern,2020,675.89
Rolex Submariner,North America - East,2021,11954.31
Apple Watch Series 8,Africa - Eastern,2023,1247.14
Tempur-Pedic Mattress,Latin America - Northern,2020,4331.93
Roomba i7+,Africa - Southern,2021,2724.86
Dyson V11 Vacuum,Africa - Western,2024,1400.34
Breville Coffee Maker,Europe - Northern,2019,959.44
MacBook Air M2,Africa - Southern,2024,3023.22
West Elm Sofa,North America - Central,2020,6170.78
Xbox Series X,Middle East - Gulf,2022,2958.71
Samsung QLED TV,Asia - Southern,2024,2464.37
Microsoft Surface Pro,Latin America - Northern,2020,6291.46
Rolex Submariner,Africa - Western,2021,21069.66
Nintendo Switch OLED,Asia - Eastern,2020,255.64
Samsung Galaxy S23,North America - East,2022,10690.96
Herman Miller Chair,Latin America - Southern,2024,1093.6
Dyson V11 Vacuum,Europe - Eastern,2020,412.85
iPhone 14 Pro,Africa - Western,2020,3904.7
Roomba i7+,North America - East,2020,4961.71
Roomba i7+,North America - Central,2020,569.65
iPhone 14 Pro,Latin America - Central,2021,1077.53
iPad Pro,Middle East - Gulf,2022,2947.02
Canon EOS R6,Europe - Eastern,2021,11524.23
Breville Coffee Maker,Latin America - Southern,2024,511.24
IKEA Billy Bookcase,Latin America - Northern,2024,280.6
Lululemon Align Leggings,Asia - Southeastern,2020,99.41
Herman Miller Chair,Latin America - Central,2020,622.84
Tempur-Pedic Mattress,Latin America - Central,2023,1534.13
PlayStation 5,Asia - Southern,2019,662.06
Canon EOS R6,Asia - Southeastern,2024,10587.68
GoPro Hero 11,Latin America - Southern,2020,252.71
Xbox Series X,Oceania - New Zealand,2019,465.28
Tempur-Pedic Mattress,North America - West,2024,14884.42
Ray-Ban Aviators,Latin America - Southern,2021,429.68
Dell XPS 13,North America - East,2023,12512.08
Nintendo Switch OLED,Asia - Southern,2022,246.99
Xbox Series X,Middle East - Gulf,2019,1425.8
Lululemon Align Leggings,Latin America - Central,2024,204.9
West Elm Sofa,Africa - Western,2019,6732.96
Dell XPS 13,Oceania - New Zealand,2020,3902.16
Dell XPS 13,Asia - Southeastern,2023,1066.94
KitchenAid Mixer,Oceania - Australia,2022,1814.04
Nike Air Force 1,North America - Central,2024,575.9
IKEA Billy Bookcase,Asia - Eastern,2022,159.8
Ninja Air Fryer,Latin America - Northern,2022,136.99
Ray-Ban Aviators,Oceania - New Zealand,2022,120.19
Lululemon Align Leggings,North America - West,2021,543.39
AirPods Pro,Africa - Western,2024,1520.91
Nintendo Switch OLED,Middle East - Levant,2019,227.21
MacBook Air M2,North America - West,2023,12883.11
Samsung Galaxy S23,Asia - Southeastern,2023,5341.82
Canon EOS R6,Oceania - New Zealand,2021,18031.13
Nespresso Vertuo,North America - West,2020,631.72
Nintendo Switch OLED,Asia - Southern,2024,633.17
West Elm Sofa,North America - West,2022,11477.38
Pottery Barn Dining Table,Europe - Southern,2020,7302.04
Herman Miller Chair,Asia - Southeastern,2022,4911.8
Canon EOS R6,Asia - Southeastern,2024,10587.68
Roomba i7+,Asia - Southern,2022,2400.5
IKEA Billy Bookcase,Latin America - Central,2019,185.43
AirPods Pro,North America - West,2023,712.2
Dell XPS 13,North America - West,2021,8186.31
Instant Pot Pro,Africa - Eastern,2022,61.9
GoPro Hero 11,Asia - Southeastern,2019,1307.13
Instant Pot Pro,Middle East - Gulf,2021,728.53
Samsung Galaxy S23,Latin America - Northern,2024,3240.63
Levi's 501 Jeans,Latin America - Southern,2023,49.62
PlayStation 5,Africa - Southern,2021,405.79
Apple Watch Series 8,Europe - Northern,2024,323.23
KitchenAid Mixer,Africa - Eastern,2022,633.3
GoPro Hero 11,Africa - Western,2022,727.56
LG OLED TV,Latin America - Northern,2023,8541.4
Canon EOS R6,North America - Central,2020,7202.61
Ray-Ban Aviators,Latin America - Southern,2022,578.15
Instant Pot Pro,Latin America - Northern,2023,65.42
Apple Watch Series 8,Europe - Eastern,2019,306.79
IKEA Billy Bookcase,Middle East - Levant,2020,39.59
Canon EOS R6,Latin America - Central,2020,7889.63
iPad Pro,Asia - Eastern,2022,8080.28
Lululemon Align Leggings,Africa - Western,2022,312.16
Herman Miller Chair,Asia - Eastern,2021,8382.39
Herman Miller Chair,Latin America - Northern,2023,4732.41
Xbox Series X,Middle East - Gulf,2022,2958.71
Roomba i7+,North America - East,2020,4961.71
Nespresso Vertuo,Asia - Southern,2020,418.14
GoPro Hero 11,Latin America - Southern,2023,2187.1
LG OLED TV,Asia - Eastern,2024,7806.62
Pottery Barn Dining Table,North America - East,2020,10138.45
Pottery Barn Dining Table,Asia - Southern,2020,1307.5
Nike Air Force 1,North America - Central,2024,575.9
AirPods Pro,Middle East - Levant,2021,416.39
Vitamix Blender,Asia - Southeastern,2022,2327.9
Pottery Barn Dining Table,Africa - Southern,2022,5757.64
Samsung Galaxy S23,Europe - Southern,2019,692.01
Dyson V11 Vacuum,Latin America - Northern,2020,1412.71
Microsoft Surface Pro,Asia - Southern,2020,7076.04
Nike Air Force 1,Africa - Eastern,2022,194.0
Adidas Ultraboost,Middle East - Gulf,2019,250.72
Samsung Galaxy S23,Europe - Eastern,2019,4244.8
Xbox Series X,Africa - Western,2020,1480.31
Google Pixel 7,Europe - Southern,2021,2139.95
Microsoft Surface Pro,Europe - Eastern,2023,1415.47
Dell XPS 13,North America - Central,2021,1176.31
IKEA Billy Bookcase,Middle East - Levant,2019,42.51
iPad Pro,North America - West,2019,8182.04
West Elm Sofa,Latin America - Southern,2023,2407.19
Xbox Series X,Oceania - Australia,2020,1598.59
iPhone 14 Pro,Europe - Western,2024,9070.75
Samsung QLED TV,North America - East,2021,7260.85
Nike Air Force 1,Europe - Western,2019,405.47
Lululemon Align Leggings,Europe - Northern,2022,191.16
Levi's 501 Jeans,Latin America - Southern,2022,389.83
iPad Pro,North America - Central,2020,4847.38
Vitamix Blender,Africa - Southern,2019,609.43
Canon EOS R6,Africa - Western,2020,4363.88
Roomba i7+,Asia - Eastern,2021,2490.0
Ray-Ban Aviators,Asia - Eastern,2023,697.54
Samsung Galaxy S23,Asia - Southeastern,2023,5341.82
Pottery Barn Dining Table,Europe - Eastern,2024,2497.45
Levi's 501 Jeans,Middle East - Gulf,2021,50.21
Google Pixel 7,Europe - Western,2020,2442.76
Lululemon Align Leggings,North America - East,2023,100.14
Microsoft Surface Pro,Europe - Northern,2020,6540.53
Xbox Series X,Europe - Southern,2019,3797.41
Ray-Ban Aviators,Asia - Southeastern,2020,192.18
Ray-Ban Aviators,Africa - Western,2021,64.72
PlayStation 5,Asia - Eastern,2021,3013.48
Sony WH-1000XM5,Latin America - Central,2022,976.24
Canon EOS R6,Africa - Eastern,2022,6095.19
Ninja Air Fryer,Africa - Southern,2019,124.99
Pottery Barn Dining Table,Europe - Eastern,2019,2478.03
Microsoft Surface Pro,Latin America - Northern,2023,8772.94
Ninja Air Fryer,Oceania - New Zealand,2024,1215.48
Nintendo Switch OLED,North America - East,2020,1368.65
Pottery Barn Dining Table,Middle East - Gulf,2019,3356.26
Instant Pot Pro,Europe - Northern,2020,850.64
Xbox Series X,Europe - Southern,2019,3797.41
Nespresso Vertuo,Africa - Western,2022,117.48
Samsung Galaxy S23,North America - East,2022,10690.96
Apple Watch Series 8,Latin America - Southern,2021,156.63
Tempur-Pedic Mattress,North America - East,2024,17427.37
Nintendo Switch OLED,North America - Central,2019,1530.26
Nespresso Vertuo,Oceania - Australia,2023,756.44
Samsung QLED TV,North America - East,2019,1584.02
Nike Air Force 1,Oceania - New Zealand,2019,410.5
GoPro Hero 11,Africa - Southern,2023,1476.46
IKEA Billy Bookcase,Asia - Eastern,2021,173.66
iPad Pro,Latin America - Northern,2023,1903.55
Pottery Barn Dining Table,Europe - Northern,2019,3731.72
Roomba i7+,Oceania - New Zealand,2022,1436.63
Nintendo Switch OLED,Asia - Southern,2019,530.56
Ninja Air Fryer,Europe - Eastern,2023,314.43
Pottery Barn Dining Table,Europe - Southern,2024,13199.38
Pottery Barn Dining Table,Oceania - New Zealand,2022,9999.74
Instant Pot Pro,Africa - Southern,2023,108.36
Breville Coffee Maker,Middle East - Gulf,2024,2172.17
Nespresso Vertuo,Asia - Eastern,2023,708.6
Samsung Galaxy S23,Asia - Southeastern,2023,5341.82
Tempur-Pedic Mattress,North America - West,2020,7127.6
Instant Pot Pro,Europe - Eastern,2023,433.31
Breville Coffee Maker,Asia - Southern,2021,820.34
Roomba i7+,Oceania - New Zealand,2019,3324.86
Roomba i7+,Europe - Southern,2021,1336.18
Samsung Galaxy S23,Latin America - Northern,2019,3931.29
Roomba i7+,Africa - Eastern,2019,2533.1
Apple Watch Series 8,Latin America - Central,2023,1124.64
Sony WH-1000XM5,Europe - Southern,2021,3295.04
Ray-Ban Aviators,Asia - Southern,2024,622.37
Tempur-Pedic Mattress,Europe - Western,2022,12664.59
Roomba i7+,Latin America - Northern,2022,1741.47
Sony WH-1000XM5,Asia - Southern,2021,2354.06
Google Pixel 7,Oceania - New Zealand,2023,6271.24
PlayStation 5,Latin America - Southern,2020,1949.93
Samsung Galaxy S23,Middle East - Gulf,2023,3466.08
Adidas Ultraboost,Latin America - Central,2024,486.88
Samsung QLED TV,Africa - Eastern,2019,3771.31
MacBook Air M2,Europe - Western,2021,6188.78
Nintendo Switch OLED,North America - West,2023,2686.93
GoPro Hero 11,Middle East - Levant,2020,2128.38
Breville Coffee Maker,North America - East,2019,290.71
Samsung Galaxy S23,Oceania - New Zealand,2022,8517.19
Nike Air Force 1,Europe - Western,2020,61.29
Dell XPS 13,Africa - Southern,2023,4119.72
MacBook Air M2,Europe - Northern,2021,10056.7
Ninja Air Fryer,Latin America - Southern,2019,148.45
Xbox Series X,Asia - Southern,2020,758.53
GoPro Hero 11,Middle East - Levant,2024,2846.89
Canon EOS R6,Latin America - Northern,2021,1844.45
LG OLED TV,Oceania - New Zealand,2023,2048.99
GoPro Hero 11,Latin America - Northern,2023,1622.3
Canon EOS R6,North America - East,2021,7453.52
Pottery Barn Dining Table,Asia - Southern,2021,3054.82
KitchenAid Mixer,Asia - Southeastern,2020,1545.63
Samsung QLED TV,Africa - Western,2021,1733.5
Canon EOS R6,Europe - Northern,2021,15372.65
Samsung QLED TV,Oceania - Australia,2024,13610.14
Apple Watch Series 8,North America - East,2020,968.64
Nike Air Force 1,Asia - Eastern,2019,49.03
Herman Miller Chair,Middle East - Levant,2021,1548.56
AirPods Pro,Asia - Eastern,2019,222.96
Xbox Series X,Middle East - Gulf,2020,1018.5
Rolex Submariner,Oceania - New Zealand,2019,32123.17
Roomba i7+,North America - Central,2019,4167.55
LG OLED TV,Middle East - Levant,2020,1152.93
Breville Coffee Maker,Latin America - Southern,2022,1813.38
Canon EOS R6,Oceania - New Zealand,2024,11627.74
Nespresso Vertuo,Africa - Western,2019,280.89
Apple Watch Series 8,Middle East - Gulf,2020,1021.25
Lululemon Align Leggings,North America - Central,2019,493.66
GoPro Hero 11,Asia - Eastern,2019,1441.69
LG OLED TV,Asia - Eastern,2020,6358.16
iPhone 14 Pro,Asia - Eastern,2022,4407.59
Lululemon Align Leggings,Europe - Northern,2020,144.49
Breville Coffee Maker,North America - West,2021,2148.44
KitchenAid Mixer,North America - Central,2024,3836.44
MacBook Air M2,Asia - Southern,2020,734.57
Nintendo Switch OLED,Asia - Southeastern,2023,2045.31
MacBook Air M2,Latin America - Central,2024,6326.9
Xbox Series X,Latin America - Central,2022,1752.96
Levi's 501 Jeans,Asia - Eastern,2022,57.94
Xbox Series X,Oceania - New Zealand,2024,2637.44
Nintendo Switch OLED,Europe - Southern,2023,2869.42
Adidas Ultraboost,Latin America - Central,2021,678.39
Roomba i7+,Africa - Eastern,2023,2409.55
Nintendo Switch OLED,North America - West,2023,2686.93
Nespresso Vertuo,Africa - Western,2024,1025.79
Instant Pot Pro,Africa - Western,2020,108.14
Adidas Ultraboost,Africa - Western,2019,62.92
Tempur-Pedic Mattress,Latin America - Northern,2021,6113.22
Samsung QLED TV,North America - West,2020,8758.16
PlayStation 5,Asia - Southern,2021,3067.63
Lululemon Align Leggings,Oceania - Australia,2022,146.71
Sony WH-1000XM5,Asia - Southern,2024,2228.65
Lululemon Align Leggings,North America - East,2020,291.75
Apple Watch Series 8,Latin America - Southern,2023,1368.81
Tempur-Pedic Mattress,Oceania - New Zealand,2020,16472.18
Sony WH-1000XM5,Asia - Southeastern,2022,565.18
iPhone 14 Pro,Asia - Eastern,2021,1064.4
Instant Pot Pro,Latin America - Southern,2023,186.74
GoPro Hero 11,North America - West,2019,2590.12
Lululemon Align Leggings,Asia - Southern,2020,130.45
KitchenAid Mixer,Europe - Northern,2020,2304.01
Roomba i7+,Asia - Southeastern,2020,1075.92
Dell XPS 13,Asia - Southern,2020,3011.69
Ray-Ban Aviators,Middle East - Gulf,2021,280.34
iPhone 14 Pro,Europe - Northern,2022,7545.63
Instant Pot Pro,Europe - Southern,2023,295.21
Apple Watch Series 8,Europe - Southern,2020,1837.49
Google Pixel 7,Africa - Western,2023,460.73
West Elm Sofa,Europe - Eastern,2019,4439.62
KitchenAid Mixer,Asia - Southeastern,2022,248.99
West Elm Sofa,Europe - Eastern,2021,4654.9
PlayStation 5,Asia - Eastern,2023,2101.81
Dell XPS 13,Africa - Western,2020,2627.84
Sony WH-1000XM5,North America - West,2022,3423.37
iPad Pro,Europe - Northern,2019,4386.98
Breville Coffee Maker,Europe - Eastern,2021,970.19
LG OLED TV,Latin America - Southern,2019,4958.33
Apple Watch Series 8,Oceania - Australia,2020,1218.62
Ninja Air Fryer,Europe - Western,2023,1253.41
Adidas Ultraboost,Latin America - Northern,2023,154.25
Nintendo Switch OLED,Latin America - Southern,2021,618.21
iPad Pro,Oceania - New Zealand,2022,2095.0
West Elm Sofa,North America - West,2023,10948.66
IKEA Billy Bookcase,Africa - Western,2019,24.08
Apple Watch Series 8,Latin America - Northern,2022,1592.23
Vitamix Blender,Latin America - Southern,2024,2588.95
Dyson V11 Vacuum,Europe - Northern,2021,4478.46
Pottery Barn Dining Table,Latin America - Northern,2023,1925.04
Xbox Series X,Middle East - Gulf,2024,4166.4
GoPro Hero 11,Europe - Northern,2019,2991.93
Instant Pot Pro,Oceania - New Zealand,2022,621.99
Samsung QLED TV,Asia - Southeastern,2020,6249.53
KitchenAid Mixer,Middle East - Gulf,2022,1760.95
Instant Pot Pro,Africa - Southern,2024,342.87
Rolex Submariner,North America - West,2020,32496.54
iPad Pro,Middle East - Gulf,2019,4836.43
GoPro Hero 11,Asia - Southern,2023,3852.28
Nike Air Force 1,Africa - Southern,2020,236.12
Samsung Galaxy S23,Asia - Southeastern,2023,5341.82
Ray-Ban Aviators,North America - East,2021,781.68
Pottery Barn Dining Table,Asia - Southeastern,2019,1503.06
Sony WH-1000XM5,Europe - Northern,2022,2761.08
Google Pixel 7,Europe - Western,2023,5456.36
Rolex Submariner,Africa - Southern,2022,30848.71
Levi's 501 Jeans,Latin America - Southern,2024,127.11
Pottery Barn Dining Table,Europe - Southern,2024,13199.38
Instant Pot Pro,Asia - Southern,2023,290.0
Instant Pot Pro,North America - East,2019,423.16
Pottery Barn Dining Table,North America - Central,2021,4729.55
Ninja Air Fryer,Latin America - Central,2022,577.07
Dell XPS 13,Europe - Eastern,2023,7262.1
Nintendo Switch OLED,Oceania - Australia,2024,1808.41
Samsung QLED TV,Middle East - Levant,2020,3700.66
PlayStation 5,Asia - Eastern,2023,2101.81
GoPro Hero 11,Europe - Northern,2023,2801.56
Ninja Air Fryer,Africa - Western,2021,56.96
Herman Miller Chair,North America - West,2020,12285.68
iPhone 14 Pro,Asia - Southern,2024,6747.83
Sony WH-1000XM5,Latin America - Central,2019,918.16
Canon EOS R6,Latin America - Central,2021,11464.97
Roomba i7+,Europe - Southern,2021,1336.18
iPad Pro,Europe - Eastern,2019,7632.24
Rolex Submariner,Middle East - Levant,2019,3063.23
Vitamix Blender,Asia - Eastern,2019,1831.53
Instant Pot Pro,North America - West,2022,981.51
Google Pixel 7,Asia - Southeastern,2021,3578.59
Nespresso Vertuo,Oceania - New Zealand,2023,573.93
Microsoft Surface Pro,Europe - Eastern,2021,4583.13
Nike Air Force 1,North America - Central,2023,403.89
Canon EOS R6,Africa - Eastern,2021,7321.36
Lululemon Align Leggings,Latin America - Southern,2021,218.48
Pottery Barn Dining Table,Latin America - Central,2019,1713.05
Rolex Submariner,Middle East - Levant,2024,24218.54
PlayStation 5,North America - Central,2021,4332.16
Lululemon Align Leggings,Europe - Western,2024,434.32
West Elm Sofa,Middle East - Levant,2019,8443.67
Canon EOS R6,Oceania - Australia,2020,11283.78
Levi's 501 Jeans,Asia - Southern,2022,328.17
KitchenAid Mixer,Oceania - New Zealand,2022,410.78
Herman Miller Chair,Europe - Southern,2020,6537.44
Samsung QLED TV,North America - Central,2019,4010.75
GoPro Hero 11,Latin America - Southern,2019,1007.22
Dyson V11 Vacuum,Africa - Southern,2019,753.0
Roomba i7+,Europe - Western,2022,4684.23
Tempur-Pedic Mattress,Asia - Southern,2020,8671.82
Nintendo Switch OLED,Africa - Western,2019,1366.07
Dyson V11 Vacuum,North America - Central,2024,1807.06
Levi's 501 Jeans,Oceania - New Zealand,2021,450.49
Roomba i7+,North America - Central,2024,2311.2
Herman Miller Chair,Europe - Eastern,2020,4379.82
Tempur-Pedic Mattress,Europe - Southern,2021,7686.6
Roomba i7+,Latin America - Northern,2023,657.55
Samsung Galaxy S23,Latin America - Southern,2019,1004.62
Dyson V11 Vacuum,Africa - Western,2020,1575.4
KitchenAid Mixer,North America - East,2019,2946.31
Vitamix Blender,Europe - Western,2020,2973.8
Pottery Barn Dining Table,Middle East - Levant,2022,8460.71
Lululemon Align Leggings,Africa - Southern,2024,89.27
Dyson V11 Vacuum,Asia - Southern,2024,2142.28
IKEA Billy Bookcase,Africa - Eastern,2020,77.62
KitchenAid Mixer,Middle East - Levant,2021,1581.77
Samsung Galaxy S23,Asia - Southeastern,2024,6927.42
Sony WH-1000XM5,Latin America - Central,2021,1260.34
KitchenAid Mixer,North America - East,2024,2639.2
Samsung QLED TV,Europe - Eastern,2022,9292.42
Apple Watch Series 8,Europe - Eastern,2022,271.9
GoPro Hero 11,Asia - Southeastern,2024,3153.54
IKEA Billy Bookcase,Europe - Western,2021,433.54
Xbox Series X,Europe - Northern,2023,1333.48
Levi's 501 Jeans,Latin America - Northern,2020,252.07
Instant Pot Pro,Africa - Eastern,2020,205.53
Rolex Submariner,Oceania - Australia,2023,69632.98
Adidas Ultraboost,Europe - Southern,2019,320.61
iPhone 14 Pro,Middle East - Levant,2023,5275.19
iPad Pro,Middle East - Gulf,2022,2947.02
Nike Air Force 1,Europe - Eastern,2021,419.54
Lululemon Align Leggings,Latin America - Southern,2023,276.15
LG OLED TV,North America - West,2021,14459.77
Nespresso Vertuo,Africa - Southern,2021,269.63
Apple Watch Series 8,Middle East - Gulf,2021,1041.07
AirPods Pro,Africa - Eastern,2024,361.59
Roomba i7+,Africa - Southern,2022,2676.38
Pottery Barn Dining Table,Latin America - Southern,2019,3771.62
Pottery Barn Dining Table,Asia - Southern,2022,3148.92
Nike Air Force 1,Middle East - Gulf,2020,453.12
GoPro Hero 11,Africa - Eastern,2024,2729.07
Sony WH-1000XM5,Middle East - Gulf,2021,3586.6
Instant Pot Pro,Asia - Southern,2022,174.34
Lululemon Align Leggings,Oceania - New Zealand,2024,500.55
Tempur-Pedic Mattress,Europe - Western,2024,6357.09
KitchenAid Mixer,Latin America - Northern,2022,772.9
Xbox Series X,Latin America - Southern,2024,3262.94
AirPods Pro,Latin America - Southern,2021,536.4
Ray-Ban Aviators,North America - Central,2023,1160.38
Canon EOS R6,Latin America - Southern,2023,19309.72
MacBook Air M2,North America - Central,2024,12445.82
Lululemon Align Leggings,Europe - Northern,2024,192.23
Microsoft Surface Pro,North America - Central,2023,14190.09
Google Pixel 7,North America - East,2024,4206.18
Apple Watch Series 8,Latin America - Central,2019,312.44
Ray-Ban Aviators,Europe - Western,2021,552.68
Lululemon Align Leggings,North America - West,2023,193.22
MacBook Air M2,Oceania - New Zealand,2023,9519.34
Adidas Ultraboost,Oceania - Australia,2022,633.01
Samsung Galaxy S23,Africa - Western,2021,512.41
GoPro Hero 11,Africa - Southern,2021,498.52
AirPods Pro,North America - West,2019,312.32
iPad Pro,Europe - Eastern,2020,4680.08
Ray-Ban Aviators,Asia - Southern,2024,622.37
Lululemon Align Leggings,Latin America - Central,2020,33.69
IKEA Billy Bookcase,Asia - Southern,2019,168.57
Roomba i7+,North America - West,2022,2799.5
Canon EOS R6,Oceania - Australia,2022,14675.29
Lululemon Align Leggings,Europe - Western,2019,492.67
Dell XPS 13,Middle East - Gulf,2021,1179.85
Ray-Ban Aviators,Asia - Southeastern,2023,77.89
Instant Pot Pro,Africa - Western,2021,368.56
LG OLED TV,Europe - Western,2022,5705.84
Adidas Ultraboost,Europe - Eastern,2019,825.12
Vitamix Blender,Asia - Southeastern,2022,2327.9
Samsung QLED TV,North America - East,2022,1792.74
MacBook Air M2,Africa - Eastern,2022,5290.41
Levi's 501 Jeans,North America - Central,2021,297.73
Sony WH-1000XM5,North America - Central,2020,720.01
Ninja Air Fryer,North America - West,2019,741.61
West Elm Sofa,Africa - Eastern,2021,4764.0
Dell XPS 13,Africa - Eastern,2019,2057.01
iPhone 14 Pro,Africa - Southern,2021,1416.06
Sony WH-1000XM5,Latin America - Southern,2020,293.01
KitchenAid Mixer,Europe - Eastern,2024,1738.82
Nintendo Switch OLED,Middle East - Levant,2023,1467.87
Xbox Series X,Europe - Western,2022,3928.47
Vitamix Blender,Latin America - Central,2022,1095.84
MacBook Air M2,Oceania - Australia,2023,9151.07
Levi's 501 Jeans,Middle East - Levant,2019,75.17
GoPro Hero 11,Asia - Southeastern,2024,3153.54
Rolex Submariner,Oceania - New Zealand,2019,32123.17
Nike Air Force 1,Asia - Southeastern,2021,414.46
Vitamix Blender,North America - East,2021,2510.55
Pottery Barn Dining Table,Middle East - Gulf,2023,4437.51
West Elm Sofa,Asia - Southern,2023,8055.18
Tempur-Pedic Mattress,North America - West,2019,15870.06
Sony WH-1000XM5,North America - East,2019,3560.34
Xbox Series X,Latin America - Northern,2024,531.92
Nike Air Force 1,Asia - Eastern,2019,49.03
Breville Coffee Maker,Oceania - Australia,2019,1361.11
Dyson V11 Vacuum,Asia - Southern,2022,2960.72
Samsung Galaxy S23,Asia - Eastern,2022,4708.1
Xbox Series X,Europe - Western,2024,1951.38
Adidas Ultraboost,Europe - Northern,2020,549.27
Ninja Air Fryer,Africa - Southern,2022,421.29
Herman Miller Chair,Europe - Northern,2021,7129.02
Rolex Submariner,Africa - Western,2023,34725.71
PlayStation 5,Oceania - Australia,2021,5100.06
Tempur-Pedic Mattress,Latin America - Central,2021,5786.44
Pottery Barn Dining Table,Africa - Western,2019,4057.05
Dell XPS 13,Latin America - Southern,2022,4908.53
Dell XPS 13,Middle East - Gulf,2024,4548.06
Adidas Ultraboost,Oceania - New Zealand,2020,925.52
Samsung QLED TV,Latin America - Southern,2020,838.48
Vitamix Blender,North America - Central,2021,985.64
West Elm Sofa,Oceania - Australia,2024,15617.41
Nintendo Switch OLED,Latin America - Southern,2023,650.24
West Elm Sofa,Latin America - Central,2019,3708.67
PlayStation 5,Asia - Southern,2023,4120.0
Vitamix Blender,Africa - Western,2019,1569.51
Breville Coffee Maker,North America - Central,2020,358.14
KitchenAid Mixer,Asia - Eastern,2023,1255.7
Tempur-Pedic Mattress,Africa - Western,2020,914.88
Google Pixel 7,Latin America - Central,2024,1369.73
Lululemon Align Leggings,North America - Central,2021,341.54
MacBook Air M2,Oceania - New Zealand,2024,7328.59
Ray-Ban Aviators,Middle East - Gulf,2021,280.34
Roomba i7+,North America - West,2023,2822.31
Apple Watch Series 8,Africa - Eastern,2023,1247.14
Breville Coffee Maker,Middle East - Gulf,2023,1409.08
KitchenAid Mixer,North America - Central,2023,3919.72
Microsoft Surface Pro,Europe - Western,2024,12837.07
Sony WH-1000XM5,Europe - Southern,2022,1958.92
Canon EOS R6,Asia - Southeastern,2019,13381.86
Adidas Ultraboost,North America - West,2020,1039.69
Roomba i7+,Africa - Southern,2022,2676.38
Google Pixel 7,Latin America - Central,2021,636.58
Dell XPS 13,Africa - Western,2022,2383.91
GoPro Hero 11,Europe - Western,2024,3017.34
AirPods Pro,Oceania - New Zealand,2019,1925.26
West Elm Sofa,Asia - Eastern,2022,11930.52
PlayStation 5,Oceania - New Zealand,2023,3116.1
Apple Watch Series 8,Europe - Western,2019,2351.12
Tempur-Pedic Mattress,North America - East,2022,21473.83
Apple Watch Series 8,Middle East - Levant,2020,545.05
GoPro Hero 11,Latin America - Southern,2020,252.71
Samsung QLED TV,Latin America - Northern,2020,2449.1
West Elm Sofa,Middle East - Gulf,2024,5576.92
Nintendo Switch OLED,Europe - Northern,2021,1363.07
Samsung Galaxy S23,North America - Central,2021,1567.35
Ninja Air Fryer,Oceania - New Zealand,2020,402.86
Xbox Series X,Latin America - Northern,2022,856.47
Roomba i7+,North America - East,2023,8663.02
Ninja Air Fryer,Europe - Southern,2022,882.98
Nike Air Force 1,Oceania - Australia,2019,143.67
Ninja Air Fryer,Africa - Eastern,2021,320.99
Canon EOS R6,Latin America - Central,2023,9620.66
Google Pixel 7,Europe - Eastern,2019,1913.99
Google Pixel 7,Europe - Western,2022,2950.09
Roomba i7+,Africa - Eastern,2024,2684.73
Pottery Barn Dining Table,Europe - Southern,2023,5812.1
West Elm Sofa,Oceania - New Zealand,2021,1908.56
Ray-Ban Aviators,Middle East - Levant,2020,181.78
West Elm Sofa,Oceania - New Zealand,2019,2330.68
iPhone 14 Pro,Asia - Southeastern,2024,2418.6
iPad Pro,Asia - Eastern,2019,1816.23
Google Pixel 7,Asia - Southeastern,2022,4187.5
Vitamix Blender,Latin America - Southern,2022,1098.39
Canon EOS R6,North America - West,2022,26688.83
Nintendo Switch OLED,Latin America - Southern,2019,1161.68
Dell XPS 13,Europe - Eastern,2024,5149.78
Breville Coffee Maker,Europe - Southern,2019,838.93
Levi's 501 Jeans,Europe - Northern,2019,360.81
Herman Miller Chair,Middle East - Gulf,2024,6983.19
Roomba i7+,Latin America - Southern,2019,2176.43
Vitamix Blender,Middle East - Levant,2021,2396.96
Lululemon Align Leggings,Europe - Northern,2022,191.16
Canon EOS R6,Middle East - Levant,2024,5314.8
Tempur-Pedic Mattress,Asia - Eastern,2019,2850.21
iPad Pro,Middle East - Gulf,2020,4764.03
West Elm Sofa,Asia - Southeastern,2024,7366.75
Lululemon Align Leggings,Africa - Eastern,2022,164.02
Herman Miller Chair,Europe - Southern,2023,8151.61
KitchenAid Mixer,Oceania - Australia,2022,1814.04
Nespresso Vertuo,North America - East,2019,383.87
Lululemon Align Leggings,North America - Central,2019,493.66
Lululemon Align Leggings,Africa - Eastern,2021,30.99
KitchenAid Mixer,Europe - Northern,2020,2304.01
Google Pixel 7,North America - West,2022,8444.85
Vitamix Blender,Oceania - New Zealand,2020,806.9
Samsung Galaxy S23,Europe - Northern,2020,1682.55
Vitamix Blender,Oceania - New Zealand,2019,2634.54
MacBook Air M2,Europe - Southern,2020,4256.92
MacBook Air M2,Europe - Southern,2023,2451.33
Xbox Series X,North America - West,2019,3361.4
IKEA Billy Bookcase,Oceania - Australia,2019,566.3
iPhone 14 Pro,Middle East - Gulf,2019,3187.74
Samsung QLED TV,Africa - Southern,2022,2142.47
Microsoft Surface Pro,Europe - Southern,2023,6341.31
Samsung Galaxy S23,Middle East - Levant,2022,759.43
Dell XPS 13,Europe - Southern,2024,4995.67
Pottery Barn Dining Table,Africa - Eastern,2021,2506.85
Apple Watch Series 8,Latin America - Northern,2024,1403.36
Xbox Series X,Africa - Western,2024,1680.59
Tempur-Pedic Mattress,Latin America - Northern,2024,8974.62
IKEA Billy Bookcase,Europe - Northern,2020,48.6
Tempur-Pedic Mattress,Latin America - Central,2022,4770.34
Sony WH-1000XM5,Asia - Southeastern,2021,2915.91
iPad Pro,Africa - Eastern,2022,5799.21
Apple Watch Series 8,North America - West,2024,3759.37
Nintendo Switch OLED,Africa - Southern,2021,536.77
LG OLED TV,Latin America - Central,2024,6102.34
KitchenAid Mixer,Europe - Southern,2020,675.89
Google Pixel 7,Oceania - Australia,2019,4229.16
Pottery Barn Dining Table,Oceania - Australia,2019,980.38
PlayStation 5,Africa - Eastern,2022,797.02
West Elm Sofa,Africa - Southern,2022,3722.56
Microsoft Surface Pro,Oceania - Australia,2023,2343.51
Breville Coffee Maker,Asia - Southern,2021,820.34
Herman Miller Chair,Africa - Southern,2024,3306.21
IKEA Billy Bookcase,Asia - Southern,2024,123.29
MacBook Air M2,Europe - Southern,2022,4566.93
LG OLED TV,North America - East,2022,14769.05
Roomba i7+,Asia - Southeastern,2020,1075.92
MacBook Air M2,Europe - Western,2020,10907.34
Google Pixel 7,Latin America - Northern,2021,381.41
Nintendo Switch OLED,North America - East,2022,544.75
Ray-Ban Aviators,Latin America - Southern,2021,429.68
Vitamix Blender,Europe - Southern,2020,297.49
Canon EOS R6,Middle East - Gulf,2024,25207.2
Canon EOS R6,Latin America - Northern,2021,1844.45
Rolex Submariner,Oceania - Australia,2020,10767.29
Dell XPS 13,Middle East - Gulf,2023,7176.55
PlayStation 5,Latin America - Northern,2024,3387.46
Apple Watch Series 8,Oceania - Australia,2020,1218.62
Samsung Galaxy S23,Africa - Southern,2024,3729.0
AirPods Pro,Oceania - New Zealand,2024,2026.21
Google Pixel 7,Europe - Western,2020,2442.76
Nespresso Vertuo,Asia - Southeastern,2022,425.5
iPad Pro,Asia - Eastern,2024,10663.44
Pottery Barn Dining Table,Africa - Eastern,2024,2397.72
West Elm Sofa,Africa - Western,2022,2546.44
Breville Coffee Maker,Oceania - Australia,2020,1842.8
iPhone 14 Pro,Middle East - Levant,2019,2787.88
Xbox Series X,Middle East - Levant,2022,2255.12
Ninja Air Fryer,Latin America - Southern,2020,274.76
Sony WH-1000XM5,Latin America - Southern,2021,2543.32
Lululemon Align Leggings,Oceania - New Zealand,2019,189.89
Vitamix Blender,Middle East - Gulf,2021,411.16
Adidas Ultraboost,Middle East - Gulf,2024,1419.81
Adidas Ultraboost,Asia - Eastern,2021,727.75
Pottery Barn Dining Table,Middle East - Levant,2021,993.29
Rolex Submariner,Europe - Western,2023,19124.18
Samsung QLED TV,Asia - Eastern,2022,9654.09
Sony WH-1000XM5,Oceania - New Zealand,2022,543.92
Apple Watch Series 8,Africa - Southern,2022,515.79
Levi's 501 Jeans,Africa - Eastern,2023,281.12
iPad Pro,Asia - Southeastern,2019,1730.62
Herman Miller Chair,Europe - Eastern,2020,4379.82
Breville Coffee Maker,Europe - Western,2020,781.33
KitchenAid Mixer,Asia - Southeastern,2021,2209.1
AirPods Pro,Europe - Eastern,2020,1240.26
Microsoft Surface Pro,Africa - Southern,2022,3815.52
Vitamix Blender,Oceania - Australia,2023,3039.91
Canon EOS R6,North America - Central,2019,14639.94
Levi's 501 Jeans,North America - Central,2021,297.73
Ray-Ban Aviators,Africa - Southern,2024,727.39
PlayStation 5,Oceania - Australia,2022,3469.34
Ninja Air Fryer,Asia - Southern,2020,437.92
AirPods Pro,North America - Central,2021,1802.56
Vitamix Blender,Africa - Eastern,2021,1077.73
Nintendo Switch OLED,Middle East - Levant,2019,227.21
Breville Coffee Maker,Africa - Southern,2019,1028.34
KitchenAid Mixer,Middle East - Gulf,2021,2042.79
Canon EOS R6,Asia - Eastern,2022,23315.84
PlayStation 5,Africa - Western,2019,1163.88
Instant Pot Pro,Middle East - Levant,2021,717.65
West Elm Sofa,Asia - Eastern,2022,11930.52
Canon EOS R6,North America - Central,2023,3306.32
Nike Air Force 1,Asia - Southern,2023,293.67
Herman Miller Chair,Oceania - New Zealand,2023,5078.57
Pottery Barn Dining Table,Asia - Southeastern,2022,851.91
Instant Pot Pro,North America - West,2019,716.29
Samsung QLED TV,Latin America - Central,2021,2758.55
IKEA Billy Bookcase,North America - East,2020,571.76
Google Pixel 7,Africa - Western,2023,460.73
iPhone 14 Pro,Europe - Southern,2023,6409.06
Samsung Galaxy S23,Middle East - Gulf,2022,6704.73
Vitamix Blender,Middle East - Gulf,2021,411.16
PlayStation 5,North America - Central,2022,4010.83
Breville Coffee Maker,Europe - Southern,2023,963.48
AirPods Pro,Europe - Northern,2022,1887.48
PlayStation 5,North America - East,2020,1931.93
Tempur-Pedic Mattress,Europe - Eastern,2020,8194.42
Adidas Ultraboost,North America - West,2021,428.14
Lululemon Align Leggings,Asia - Southeastern,2020,99.41
Nintendo Switch OLED,North America - West,2019,1328.27
Lululemon Align Leggings,Africa - Western,2020,34.31
Pottery Barn Dining Table,Europe - Eastern,2020,4464.0
iPhone 14 Pro,Asia - Eastern,2023,6461.21
Apple Watch Series 8,Middle East - Levant,2022,484.89
Pottery Barn Dining Table,North America - West,2023,3223.88
Roomba i7+,Asia - Southern,2020,491.89
Ray-Ban Aviators,Asia - Eastern,2020,263.82
MacBook Air M2,Africa - Eastern,2024,3227.47
Herman Miller Chair,Latin America - Southern,2020,672.49
Nespresso Vertuo,Africa - Eastern,2019,488.02
Apple Watch Series 8,Europe - Eastern,2021,1263.86
Nike Air Force 1,Middle East - Gulf,2019,434.81
LG OLED TV,Latin America - Central,2021,2149.56
Google Pixel 7,Middle East - Levant,2020,2393.74
Dyson V11 Vacuum,Asia - Eastern,2024,610.07
Lululemon Align Leggings,Latin America - Southern,2021,218.48
KitchenAid Mixer,Latin America - Central,2023,1546.26
Pottery Barn Dining Table,Europe - Western,2024,5688.34
Dyson V11 Vacuum,Africa - Eastern,2020,617.48
Nespresso Vertuo,North America - West,2022,698.53
Nike Air Force 1,Africa - Southern,2023,59.01
Canon EOS R6,Latin America - Northern,2023,7376.91
Adidas Ultraboost,Middle East - Levant,2023,286.67
Microsoft Surface Pro,Asia - Southeastern,2023,2612.38
Samsung QLED TV,Africa - Eastern,2020,1202.01
Apple Watch Series 8,Latin America - Southern,2024,2131.23
Xbox Series X,Africa - Southern,2021,746.07
Xbox Series X,Latin America - Central,2021,1841.45
iPad Pro,Latin America - Southern,2019,3176.42
Samsung Galaxy S23,Middle East - Gulf,2022,6704.73
Breville Coffee Maker,North America - East,2024,1740.53
Samsung Galaxy S23,North America - Central,2022,3461.86
AirPods Pro,Europe - Southern,2022,1731.93
Breville Coffee Maker,Oceania - Australia,2020,1842.8
Roomba i7+,Africa - Southern,2022,2676.38
Dyson V11 Vacuum,Oceania - New Zealand,2022,2589.03
Canon EOS R6,Latin America - Northern,2024,13045.56
PlayStation 5,Europe - Southern,2019,1490.29
GoPro Hero 11,Europe - Southern,2023,2436.69
Apple Watch Series 8,Asia - Southeastern,2024,1172.15
GoPro Hero 11,Europe - Eastern,2023,3351.45
GoPro Hero 11,Asia - Southern,2019,2213.84
Roomba i7+,Latin America - Central,2022,367.12
Vitamix Blender,Latin America - Northern,2024,1850.5
Canon EOS R6,Europe - Western,2021,13772.45
LG OLED TV,Africa - Southern,2021,7450.68
Google Pixel 7,Asia - Southeastern,2024,1014.17
Herman Miller Chair,Europe - Eastern,2020,4379.82
Nike Air Force 1,Africa - Western,2020,128.3
Nike Air Force 1,Africa - Southern,2023,59.01
Vitamix Blender,North America - Central,2021,985.64
AirPods Pro,Middle East - Gulf,2022,1910.63
iPad Pro,Latin America - Northern,2021,1575.1
Nike Air Force 1,North America - Central,2023,403.89
iPhone 14 Pro,Europe - Eastern,2022,7071.23
iPad Pro,Africa - Eastern,2024,792.06
Sony WH-1000XM5,North America - West,2023,2851.94
Breville Coffee Maker,Africa - Southern,2022,668.95
iPhone 14 Pro,Asia - Eastern,2022,4407.59
West Elm Sofa,Europe - Eastern,2019,4439.62
LG OLED TV,Latin America - Central,2021,2149.56
Lululemon Align Leggings,North America - East,2023,100.14
Dell XPS 13,Middle East - Gulf,2020,6688.91
Pottery Barn Dining Table,Europe - Eastern,2021,6707.58
Vitamix Blender,Asia - Eastern,2020,626.85
Rolex Submariner,Asia - Southern,2024,4668.8
Samsung Galaxy S23,Europe - Eastern,2023,1612.26
Levi's 501 Jeans,Middle East - Levant,2022,361.04
Google Pixel 7,Latin America - Southern,2022,3459.1
Apple Watch Series 8,Middle East - Levant,2023,1479.79
MacBook Air M2,Europe - Southern,2020,4256.92
Sony WH-1000XM5,Asia - Eastern,2024,4063.73
IKEA Billy Bookcase,Latin America - Central,2023,411.59
Breville Coffee Maker,Middle East - Gulf,2024,2172.17
Lululemon Align Leggings,North America - East,2024,427.66
Herman Miller Chair,Middle East - Levant,2023,8322.69
Vitamix Blender,Europe - Western,2024,2655.6
Nespresso Vertuo,Europe - Eastern,2022,279.42
Lululemon Align Leggings,Oceania - New Zealand,2023,340.59
Tempur-Pedic Mattress,Latin America - Southern,2023,11671.02
Google Pixel 7,North America - West,2020,2821.24
Vitamix Blender,Africa - Southern,2024,1882.35
Nintendo Switch OLED,Europe - Western,2023,1570.91
GoPro Hero 11,Latin America - Northern,2019,1303.73
Google Pixel 7,North America - Central,2022,716.99
West Elm Sofa,Africa - Southern,2019,7243.56
PlayStation 5,Asia - Southeastern,2022,3174.49
Pottery Barn Dining Table,North America - Central,2019,3356.98
Nespresso Vertuo,Africa - Southern,2022,1006.5
Herman Miller Chair,Latin America - Central,2020,622.84
Google Pixel 7,Africa - Western,2023,460.73
Ray-Ban Aviators,Europe - Northern,2020,721.42
Instant Pot Pro,Africa - Southern,2019,457.57
Dell XPS 13,Africa - Eastern,2021,3576.53
Herman Miller Chair,Asia - Southern,2019,3862.94
Nike Air Force 1,Asia - Eastern,2023,529.66
Nike Air Force 1,Europe - Western,2022,255.41
KitchenAid Mixer,Asia - Southern,2020,1354.84
PlayStation 5,Latin America - Southern,2022,2484.63
Adidas Ultraboost,Latin America - Southern,2021,373.34
Herman Miller Chair,Africa - Southern,2023,1372.28
Dyson V11 Vacuum,Latin America - Central,2022,1944.57
AirPods Pro,Africa - Eastern,2019,117.98
Samsung QLED TV,Africa - Southern,2019,3102.83
Pottery Barn Dining Table,Asia - Southeastern,2020,1595.73
Dyson V11 Vacuum,Europe - Northern,2024,2826.88
AirPods Pro,Latin America - Central,2022,1509.03
GoPro Hero 11,Europe - Southern,2023,2436.69
Roomba i7+,Europe - Western,2021,7910.45
Vitamix Blender,North America - Central,2019,1680.26
Vitamix Blender,Middle East - Gulf,2019,331.06
LG OLED TV,Middle East - Gulf,2019,2345.9
Breville Coffee Maker,Oceania - New Zealand,2020,788.78
Apple Watch Series 8,Europe - Eastern,2024,598.01
Apple Watch Series 8,Europe - Eastern,2021,1263.86
Pottery Barn Dining Table,Asia - Southern,2023,7174.93
Herman Miller Chair,Oceania - Australia,2023,1639.15
Nintendo Switch OLED,Africa - Southern,2023,469.11
GoPro Hero 11,Oceania - New Zealand,2021,1864.0
Canon EOS R6,Africa - Eastern,2022,6095.19
Xbox Series X,Europe - Southern,2020,2465.27
AirPods Pro,North America - West,2019,312.32
Breville Coffee Maker,Middle East - Levant,2023,240.32
Breville Coffee Maker,Europe - Western,2021,2665.87
Google Pixel 7,North America - East,2021,6432.24
Instant Pot Pro,Africa - Eastern,2023,146.89
Vitamix Blender,Latin America - Northern,2020,1554.66
iPhone 14 Pro,Latin America - Southern,2024,5375.71
LG OLED TV,Asia - Eastern,2019,7487.76
GoPro Hero 11,Europe - Southern,2024,2324.83
AirPods Pro,Asia - Southern,2021,891.6
Nike Air Force 1,Latin America - Central,2022,394.24
Nespresso Vertuo,North America - West,2019,592.27
Microsoft Surface Pro,Middle East - Gulf,2021,1205.46
Lululemon Align Leggings,Asia - Southeastern,2024,151.53
Sony WH-1000XM5,Africa - Western,2024,505.7
Instant Pot Pro,Oceania - New Zealand,2020,840.32
Dell XPS 13,Europe - Southern,2021,2002.5
PlayStation 5,Latin America - Northern,2022,784.2
iPhone 14 Pro,Europe - Western,2021,1106.04
Dell XPS 13,Asia - Southeastern,2022,1991.12
IKEA Billy Bookcase,North America - Central,2020,139.6
Herman Miller Chair,Middle East - Levant,2024,1237.87
Adidas Ultraboost,Middle East - Levant,2019,79.5
Levi's 501 Jeans,Asia - Southeastern,2020,37.09
Pottery Barn Dining Table,Latin America - Northern,2019,1199.36
PlayStation 5,North America - West,2024,758.82
Instant Pot Pro,Europe - Northern,2024,872.38
Xbox Series X,Africa - Eastern,2019,869.78
Levi's 501 Jeans,North America - West,2019,297.77
Samsung Galaxy S23,Oceania - New Zealand,2020,1773.09
Dell XPS 13,Europe - Western,2020,3452.02
Apple Watch Series 8,Asia - Southern,2022,242.44
Microsoft Surface Pro,Asia - Southern,2022,2091.4
KitchenAid Mixer,Europe - Western,2019,1291.33
Sony WH-1000XM5,Latin America - Southern,2023,1147.12
Samsung Galaxy S23,Africa - Western,2021,512.41
GoPro Hero 11,Oceania - New Zealand,2022,922.44
Microsoft Surface Pro,Middle East - Gulf,2024,13702.98
iPhone 14 Pro,Asia - Eastern,2020,1984.26
Tempur-Pedic Mattress,Oceania - New Zealand,2020,16472.18
Pottery Barn Dining Table,Africa - Eastern,2020,3398.4
Pottery Barn Dining Table,Europe - Western,2021,7422.72
Breville Coffee Maker,North America - East,2020,1982.83
Vitamix Blender,Europe - Western,2023,1458.04
AirPods Pro,North America - West,2019,312.32
Levi's 501 Jeans,Middle East - Levant,2020,334.3
Samsung Galaxy S23,Latin America - Central,2023,2697.64
GoPro Hero 11,Europe - Western,2022,516.26
Instant Pot Pro,North America - East,2020,816.02
Pottery Barn Dining Table,North America - Central,2020,3436.88
Microsoft Surface Pro,Latin America - Central,2023,1578.78
Dyson V11 Vacuum,Africa - Eastern,2024,2052.63
Herman Miller Chair,Asia - Southeastern,2019,1412.92
Microsoft Surface Pro,North America - Central,2023,14190.09
Nike Air Force 1,Middle East - Levant,2024,282.32
IKEA Billy Bookcase,Middle East - Gulf,2021,277.67
Lululemon Align Leggings,Oceania - New Zealand,2024,500.55
Sony WH-1000XM5,Asia - Eastern,2023,1220.78
Samsung QLED TV,Latin America - Southern,2022,8722.37
Adidas Ultraboost,Europe - Northern,2022,486.7
Google Pixel 7,Europe - Northern,2021,1272.4
Apple Watch Series 8,Asia - Southeastern,2019,421.81
Tempur-Pedic Mattress,Asia - Southeastern,2024,4456.29
Ninja Air Fryer,Europe - Northern,2020,590.09
Roomba i7+,Oceania - New Zealand,2021,774.51
Nespresso Vertuo,Oceania - Australia,2023,756.44
Breville Coffee Maker,North America - West,2019,1982.61
AirPods Pro,Middle East - Levant,2019,1585.5
Samsung Galaxy S23,Africa - Eastern,2022,3887.28
Instant Pot Pro,Europe - Northern,2021,782.34
KitchenAid Mixer,Europe - Northern,2022,2419.3
Dell XPS 13,Africa - Southern,2024,8597.05
Samsung Galaxy S23,Middle East - Gulf,2019,5141.72
Google Pixel 7,Africa - Western,2021,905.34
Microsoft Surface Pro,Middle East - Gulf,2021,1205.46
iPhone 14 Pro,North America - Central,2021,916.16
Ninja Air Fryer,North America - East,2023,1578.17
Adidas Ultraboost,North America - West,2020,1039.69
Instant Pot Pro,Asia - Eastern,2019,256.83
Sony WH-1000XM5,Middle East - Gulf,2019,2546.42
KitchenAid Mixer,Europe - Eastern,2019,398.0
Nespresso Vertuo,Europe - Northern,2019,1215.28
Ninja Air Fryer,Asia - Southeastern,2022,1010.43
iPhone 14 Pro,Europe - Northern,2023,7207.2
Pottery Barn Dining Table,Middle East - Gulf,2019,3356.26
GoPro Hero 11,Oceania - New Zealand,2022,922.44
Google Pixel 7,Latin America - Central,2020,1528.87
Lululemon Align Leggings,Asia - Southeastern,2020,99.41
Google Pixel 7,Africa - Western,2022,2427.74
Google Pixel 7,Latin America - Central,2019,1284.04
Canon EOS R6,Africa - Southern,2020,9597.69
Ninja Air Fryer,Asia - Southern,2024,1037.29
Levi's 501 Jeans,North America - East,2022,558.27
Apple Watch Series 8,Oceania - Australia,2021,1834.95
Vitamix Blender,Latin America - Southern,2019,393.62
Dyson V11 Vacuum,Middle East - Gulf,2024,713.34
Rolex Submariner,Asia - Eastern,2020,14819.78
iPad Pro,Oceania - Australia,2022,9058.61
Vitamix Blender,Asia - Southeastern,2021,338.69
Lululemon Align Leggings,Middle East - Levant,2020,208.05
Herman Miller Chair,Oceania - Australia,2020,2482.07
Microsoft Surface Pro,Latin America - Central,2020,5315.48
Dell XPS 13,Europe - Eastern,2024,5149.78
Nike Air Force 1,Africa - Southern,2019,62.68
Samsung Galaxy S23,Europe - Northern,2019,2754.44
Instant Pot Pro,Europe - Southern,2021,676.27
iPhone 14 Pro,Africa - Eastern,2024,2656.25
PlayStation 5,Asia - Eastern,2021,3013.48
Lululemon Align Leggings,Asia - Eastern,2019,141.41
PlayStation 5,Asia - Southern,2019,662.06
Dyson V11 Vacuum,Africa - Southern,2022,1558.51
Lululemon Align Leggings,North America - Central,2022,62.69
Lululemon Align Leggings,Asia - Eastern,2024,254.65
Roomba i7+,Africa - Southern,2024,5245.77
MacBook Air M2,North America - West,2021,7401.99
Herman Miller Chair,Africa - Southern,2023,1372.28
Dell XPS 13,Africa - Southern,2023,4119.72
Levi's 501 Jeans,Oceania - Australia,2019,268.12
PlayStation 5,Europe - Southern,2020,2287.03
West Elm Sofa,Europe - Eastern,2021,4654.9
MacBook Air M2,Africa - Southern,2023,1825.13
iPhone 14 Pro,Europe - Southern,2023,6409.06
iPhone 14 Pro,Latin America - Central,2023,4324.95
IKEA Billy Bookcase,Middle East - Gulf,2024,159.27
GoPro Hero 11,Europe - Northern,2019,2991.93
Dell XPS 13,Africa - Southern,2019,2377.87
Nespresso Vertuo,Africa - Southern,2019,540.0
Roomba i7+,Africa - Western,2019,1001.21
Samsung QLED TV,North America - Central,2023,12769.28
Ninja Air Fryer,North America - West,2023,1403.79
Google Pixel 7,Latin America - Central,2024,1369.73
LG OLED TV,North America - Central,2021,5135.5
Lululemon Align Leggings,Europe - Northern,2020,144.49
Nike Air Force 1,Africa - Western,2020,128.3
PlayStation 5,Middle East - Levant,2020,2379.88
Levi's 501 Jeans,Asia - Eastern,2021,174.21
Canon EOS R6,Asia - Southeastern,2020,11524.7
Samsung Galaxy S23,Latin America - Northern,2020,508.28
Samsung Galaxy S23,Latin America - Central,2021,3061.59
Nintendo Switch OLED,North America - West,2022,4307.05
Dell XPS 13,Latin America - Northern,2024,2097.64
LG OLED TV,Europe - Eastern,2019,4655.04
Herman Miller Chair,Latin America - Central,2019,1962.91
Dyson V11 Vacuum,Latin America - Northern,2024,2429.17
iPad Pro,North America - West,2024,13939.4
Nespresso Vertuo,Asia - Eastern,2023,708.6
Samsung Galaxy S23,Middle East - Gulf,2024,4224.82
Samsung Galaxy S23,Oceania - Australia,2023,2388.0
LG OLED TV,North America - East,2024,21246.02
Herman Miller Chair,North America - West,2021,9295.2
Apple Watch Series 8,Asia - Eastern,2021,896.48
Lululemon Align Leggings,Middle East - Gulf,2021,139.69
Canon EOS R6,Asia - Southeastern,2023,19767.8
Instant Pot Pro,Oceania - New Zealand,2024,609.41
GoPro Hero 11,Africa - Southern,2023,1476.46
Tempur-Pedic Mattress,Africa - Eastern,2020,4538.28
iPad Pro,Africa - Eastern,2024,792.06
West Elm Sofa,North America - East,2019,1437.06
iPad Pro,Asia - Southern,2020,2640.02
Instant Pot Pro,Asia - Eastern,2021,83.35
Canon EOS R6,Oceania - Australia,2022,14675.29
Lululemon Align Leggings,Europe - Eastern,2024,351.16
Tempur-Pedic Mattress,Latin America - Northern,2022,2279.57
iPhone 14 Pro,Asia - Southern,2019,2650.52
Adidas Ultraboost,Africa - Western,2020,184.03
MacBook Air M2,Latin America - Southern,2020,5338.95
MacBook Air M2,Latin America - Central,2022,6071.52
GoPro Hero 11,Europe - Eastern,2019,746.65
GoPro Hero 11,North America - East,2020,1196.14
Samsung Galaxy S23,Africa - Eastern,2022,3887.28
Samsung Galaxy S23,Latin America - Central,2022,4843.21
West Elm Sofa,North America - East,2022,9785.12
KitchenAid Mixer,Europe - Southern,2020,675.89
West Elm Sofa,North America - East,2020,12791.28
West Elm Sofa,North America - Central,2021,7309.35
Microsoft Surface Pro,Middle East - Levant,2022,955.41
PlayStation 5,Oceania - Australia,2022,3469.34
Herman Miller Chair,Africa - Southern,2024,3306.21
Nintendo Switch OLED,Asia - Southeastern,2024,2650.62
Canon EOS R6,Middle East - Levant,2021,12078.36
Dell XPS 13,Africa - Southern,2023,4119.72
IKEA Billy Bookcase,Latin America - Central,2024,174.45
Canon EOS R6,North America - East,2021,7453.52
Samsung Galaxy S23,Middle East - Gulf,2019,5141.72
Rolex Submariner,North America - West,2022,27772.11
Lululemon Align Leggings,Asia - Eastern,2023,518.51
iPhone 14 Pro,Europe - Northern,2020,1987.28
iPad Pro,Middle East - Levant,2019,3819.85
Xbox Series X,Europe - Eastern,2021,1279.59
Tempur-Pedic Mattress,North America - East,2019,15112.65
LG OLED TV,Europe - Western,2019,2744.95
Apple Watch Series 8,Latin America - Northern,2021,557.21
AirPods Pro,Africa - Southern,2022,477.6
Pottery Barn Dining Table,Oceania - Australia,2020,6192.19
Dyson V11 Vacuum,Latin America - Central,2019,1980.2
GoPro Hero 11,Latin America - Northern,2023,1622.3
Sony WH-1000XM5,Middle East - Gulf,2024,2589.37
Nintendo Switch OLED,Africa - Western,2019,1366.07
Dell XPS 13,North America - East,2021,5860.04
Samsung QLED TV,Latin America - Northern,2019,894.49
Xbox Series X,Africa - Eastern,2023,2254.98
Samsung QLED TV,Asia - Eastern,2019,10224.55
Nespresso Vertuo,Latin America - Southern,2021,644.04
Nike Air Force 1,Africa - Eastern,2024,148.41
Ray-Ban Aviators,North America - Central,2023,1160.38
Ninja Air Fryer,Asia - Southern,2021,597.36
West Elm Sofa,Africa - Western,2021,5031.84
IKEA Billy Bookcase,Oceania - Australia,2020,212.36
Samsung QLED TV,North America - Central,2021,7591.64
West Elm Sofa,Asia - Southeastern,2020,874.16
Dyson V11 Vacuum,Latin America - Northern,2019,1107.78
MacBook Air M2,North America - Central,2023,7579.59
Vitamix Blender,Africa - Southern,2019,609.43
Nespresso Vertuo,Asia - Southeastern,2021,646.53
Roomba i7+,Europe - Western,2021,7910.45
PlayStation 5,Africa - Eastern,2024,1595.26
Sony WH-1000XM5,Latin America - Southern,2021,2543.32
Dell XPS 13,Africa - Eastern,2019,2057.01
LG OLED TV,North America - Central,2020,5123.93
MacBook Air M2,Latin America - Central,2024,6326.9
Canon EOS R6,Latin America - Central,2020,7889.63
Xbox Series X,North America - West,2021,3339.49
PlayStation 5,Asia - Eastern,2019,1374.66
Levi's 501 Jeans,Europe - Southern,2019,202.4
Adidas Ultraboost,Middle East - Levant,2023,286.67
iPhone 14 Pro,North America - Central,2019,4125.89
MacBook Air M2,Middle East - Levant,2022,8881.41
IKEA Billy Bookcase,North America - East,2019,411.14
KitchenAid Mixer,Middle East - Gulf,2023,1863.03
Google Pixel 7,Asia - Eastern,2020,2571.45
IKEA Billy Bookcase,Middle East - Gulf,2022,278.06
Canon EOS R6,North America - East,2022,21911.7
LG OLED TV,Europe - Western,2020,4742.67
AirPods Pro,North America - East,2019,458.19
Breville Coffee Maker,Latin America - Southern,2022,1813.38
Vitamix Blender,Asia - Southern,2019,232.33
Canon EOS R6,Africa - Southern,2021,9706.88
Ninja Air Fryer,Latin America - Southern,2022,326.53
Nintendo Switch OLED,Asia - Southeastern,2022,323.93
LG OLED TV,Africa - Eastern,2024,3516.29
MacBook Air M2,Europe - Western,2023,6436.99
Ninja Air Fryer,Europe - Northern,2022,557.63
Canon EOS R6,Latin America - Northern,2021,1844.45
PlayStation 5,Europe - Southern,2024,750.62
Samsung Galaxy S23,Asia - Southern,2022,5118.21
Ninja Air Fryer,North America - West,2020,584.63
Rolex Submariner,Europe - Northern,2023,31110.73
KitchenAid Mixer,Middle East - Gulf,2022,1760.95
LG OLED TV,North America - East,2022,14769.05
Nike Air Force 1,North America - East,2023,415.9
AirPods Pro,Africa - Eastern,2019,117.98
Google Pixel 7,North America - Central,2020,4347.25
iPhone 14 Pro,Oceania - Australia,2022,9179.29
GoPro Hero 11,Africa - Western,2020,721.69
GoPro Hero 11,Africa - Western,2022,727.56
Herman Miller Chair,Oceania - New Zealand,2024,11137.96
Nike Air Force 1,Asia - Southern,2024,349.95
Levi's 501 Jeans,North America - East,2019,267.98
Adidas Ultraboost,Europe - Northern,2024,155.2
Pottery Barn Dining Table,Oceania - Australia,2020,6192.19
Lululemon Align Leggings,Latin America - Southern,2022,304.07
Instant Pot Pro,Latin America - Central,2022,392.49
Breville Coffee Maker,North America - Central,2019,761.35
Instant Pot Pro,Europe - Eastern,2023,433.31
Nespresso Vertuo,Middle East - Levant,2020,556.61
Microsoft Surface Pro,Middle East - Gulf,2021,1205.46
Nespresso Vertuo,Europe - Western,2019,1040.15
Pottery Barn Dining Table,Asia - Southern,2023,7174.93
Vitamix Blender,Africa - Western,2023,1040.26
Roomba i7+,Europe - Western,2022,4684.23
Lululemon Align Leggings,Middle East - Gulf,2020,45.87
Microsoft Surface Pro,Asia - Southern,2024,5849.76
LG OLED TV,North America - Central,2024,2245.5
Apple Watch Series 8,North America - Central,2021,1594.27
Sony WH-1000XM5,Latin America - Northern,2024,2071.79
Nespresso Vertuo,Asia - Southeastern,2019,803.84
Dell XPS 13,Africa - Southern,2024,8597.05
Lululemon Align Leggings,North America - West,2023,193.22
Levi's 501 Jeans,Europe - Western,2023,595.12
Google Pixel 7,Europe - Southern,2023,2516.52
Adidas Ultraboost,Europe - Western,2020,618.81
Ray-Ban Aviators,North America - East,2024,145.63
AirPods Pro,Asia - Southeastern,2023,1008.41
Google Pixel 7,Asia - Southeastern,2021,3578.59
LG OLED TV,Oceania - Australia,2021,13999.36
PlayStation 5,Africa - Western,2020,255.81
Apple Watch Series 8,Asia - Southeastern,2023,1045.68
MacBook Air M2,Asia - Southeastern,2022,7590.48
Microsoft Surface Pro,Middle East - Levant,2023,3364.49
Ray-Ban Aviators,Latin America - Southern,2024,725.56
Tempur-Pedic Mattress,Latin America - Southern,2024,12904.75
iPad Pro,Asia - Southern,2021,935.87
Adidas Ultraboost,Oceania - Australia,2019,194.1
Samsung Galaxy S23,Middle East - Levant,2021,519.53
Instant Pot Pro,Africa - Eastern,2022,61.9
Nintendo Switch OLED,Africa - Eastern,2020,866.26
Herman Miller Chair,Asia - Southern,2022,2393.3
Nike Air Force 1,Asia - Southeastern,2019,143.08
AirPods Pro,Oceania - Australia,2021,2261.38
Sony WH-1000XM5,Oceania - New Zealand,2024,2252.67
IKEA Billy Bookcase,Middle East - Levant,2023,61.54
Dyson V11 Vacuum,Europe - Eastern,2019,361.54
Pottery Barn Dining Table,Asia - Southern,2024,2040.05
Nintendo Switch OLED,Oceania - New Zealand,2024,3716.53
Rolex Submariner,Asia - Eastern,2021,9668.94
Dyson V11 Vacuum,Asia - Southeastern,2019,288.51
Canon EOS R6,Europe - Eastern,2019,4438.73
Levi's 501 Jeans,Middle East - Levant,2024,315.82
Lululemon Align Leggings,Oceania - Australia,2024,77.97
Sony WH-1000XM5,Middle East - Levant,2020,1397.01
Pottery Barn Dining Table,Middle East - Gulf,2024,8320.04
LG OLED TV,Latin America - Central,2022,4095.92
LG OLED TV,Oceania - Australia,2023,11665.85
Samsung QLED TV,North America - West,2024,2056.76
Samsung QLED TV,Africa - Western,2021,1733.5
GoPro Hero 11,Europe - Southern,2023,2436.69
Nintendo Switch OLED,Africa - Southern,2024,336.93
MacBook Air M2,Oceania - New Zealand,2022,9956.43
LG OLED TV,Middle East - Gulf,2024,14000.6
Ray-Ban Aviators,Oceania - New Zealand,2022,120.19
Herman Miller Chair,Africa - Eastern,2020,1611.12
Vitamix Blender,North America - East,2023,2242.32
Herman Miller Chair,Asia - Southern,2021,2022.09
IKEA Billy Bookcase,Oceania - New Zealand,2023,642.23
Rolex Submariner,Africa - Southern,2021,8862.34
Adidas Ultraboost,Asia - Southern,2021,547.92
Lululemon Align Leggings,Latin America - Southern,2019,164.41
Levi's 501 Jeans,Europe - Southern,2019,202.4
Nintendo Switch OLED,North America - East,2022,544.75
Roomba i7+,Asia - Eastern,2022,3898.36
West Elm Sofa,Latin America - Southern,2021,4544.93
Dyson V11 Vacuum,Latin America - Southern,2023,4129.45
Dyson V11 Vacuum,North America - West,2020,3624.68
Levi's 501 Jeans,Europe - Western,2023,595.12
Samsung Galaxy S23,Africa - Western,2020,998.48
Samsung QLED TV,Africa - Western,2022,760.53
Pottery Barn Dining Table,Europe - Northern,2023,6424.35
PlayStation 5,Europe - Southern,2020,2287.03
Ray-Ban Aviators,North America - East,2020,442.37
Herman Miller Chair,Latin America - Central,2020,622.84
Apple Watch Series 8,Latin America - Northern,2022,1592.23
Vitamix Blender,Europe - Eastern,2024,2554.15
GoPro Hero 11,North America - West,2019,2590.12
Samsung Galaxy S23,Europe - Eastern,2022,5908.19
Roomba i7+,Europe - Eastern,2020,4325.67
Ninja Air Fryer,Asia - Southern,2024,1037.29
KitchenAid Mixer,Africa - Eastern,2024,210.3
Vitamix Blender,Europe - Southern,2020,297.49
Herman Miller Chair,Latin America - Southern,2019,2389.59
Sony WH-1000XM5,Latin America - Northern,2023,1840.88
Roomba i7+,Europe - Northern,2022,2582.16
MacBook Air M2,Africa - Western,2023,3189.61
Breville Coffee Maker,Oceania - Australia,2021,2544.71
Pottery Barn Dining Table,Europe - Northern,2023,6424.35
Nintendo Switch OLED,Oceania - New Zealand,2021,1256.74
Adidas Ultraboost,Oceania - Australia,2021,297.44
MacBook Air M2,Europe - Southern,2019,8100.38
Levi's 501 Jeans,Middle East - Levant,2019,75.17
Breville Coffee Maker,Asia - Southern,2024,460.39
West Elm Sofa,Latin America - Central,2024,5322.59
Sony WH-1000XM5,Europe - Eastern,2021,1051.1
Samsung Galaxy S23,Oceania - Australia,2020,5331.59
Levi's 501 Jeans,Asia - Southeastern,2022,385.64
Pottery Barn Dining Table,Asia - Eastern,2023,4412.33
Dell XPS 13,North America - Central,2019,974.93
Tempur-Pedic Mattress,Oceania - New Zealand,2022,12267.99
Breville Coffee Maker,Europe - Southern,2021,710.32
Herman Miller Chair,Oceania - Australia,2019,2214.35
iPad Pro,Europe - Northern,2023,1356.39
Ninja Air Fryer,Africa - Western,2022,286.44
Nike Air Force 1,Oceania - Australia,2022,70.74
Apple Watch Series 8,Asia - Southern,2021,420.38
iPhone 14 Pro,Latin America - Central,2021,1077.53
Adidas Ultraboost,North America - East,2020,425.74
KitchenAid Mixer,North America - Central,2023,3919.72
Adidas Ultraboost,Middle East - Gulf,2022,612.22
Nintendo Switch OLED,Africa - Southern,2024,336.93
Xbox Series X,Latin America - Central,2023,487.21
Dell XPS 13,Middle East - Levant,2020,3077.4
PlayStation 5,North America - Central,2020,1174.33
Roomba i7+,Africa - Western,2021,1023.63
Pottery Barn Dining Table,North America - East,2021,7166.96
Samsung Galaxy S23,North America - West,2019,5658.38
Dell XPS 13,North America - West,2024,4171.34
iPhone 14 Pro,Africa - Western,2024,1971.25
Levi's 501 Jeans,Africa - Western,2020,32.56
Xbox Series X,North America - Central,2023,3967.78
Dell XPS 13,Latin America - Central,2021,581.39
Nike Air Force 1,Oceania - New Zealand,2024,230.68
iPad Pro,Asia - Southeastern,2024,2751.27
Xbox Series X,Europe - Western,2023,2615.45
Instant Pot Pro,Oceania - Australia,2020,114.17
Xbox Series X,North America - Central,2019,1036.83
iPhone 14 Pro,Latin America - Northern,2024,3973.46
AirPods Pro,Latin America - Central,2024,1559.61
Pottery Barn Dining Table,North America - Central,2023,8685.61
Apple Watch Series 8,Oceania - Australia,2019,2080.49
AirPods Pro,North America - Central,2022,1964.8
Nespresso Vertuo,Oceania - New Zealand,2020,658.5
Samsung QLED TV,North America - East,2019,1584.02
Canon EOS R6,Africa - Southern,2019,11017.78
Sony WH-1000XM5,Asia - Southeastern,2021,2915.91
Ninja Air Fryer,Europe - Southern,2020,893.02
Samsung QLED TV,Europe - Southern,2019,6462.93
Vitamix Blender,Europe - Southern,2024,1447.19
Tempur-Pedic Mattress,Africa - Western,2019,2828.26
MacBook Air M2,North America - Central,2019,7383.64
Ninja Air Fryer,Africa - Eastern,2020,45.09
Roomba i7+,Middle East - Levant,2024,4419.35
MacBook Air M2,Africa - Eastern,2020,2832.34
Canon EOS R6,Asia - Eastern,2023,8843.04
Instant Pot Pro,Asia - Southeastern,2020,762.57
KitchenAid Mixer,Oceania - Australia,2019,1342.43
Adidas Ultraboost,Africa - Western,2022,513.95
Xbox Series X,Latin America - Central,2020,1801.61
Levi's 501 Jeans,Africa - Eastern,2023,281.12
Rolex Submariner,North America - East,2022,43688.68
Ninja Air Fryer,Latin America - Northern,2021,84.27
Samsung Galaxy S23,Latin America - Northern,2021,1161.9
Ninja Air Fryer,North America - West,2023,1403.79
IKEA Billy Bookcase,Africa - Southern,2019,244.75
Roomba i7+,Europe - Eastern,2024,3743.7
Nintendo Switch OLED,Oceania - New Zealand,2021,1256.74
KitchenAid Mixer,Africa - Eastern,2023,896.68
Levi's 501 Jeans,Middle East - Gulf,2021,50.21
Rolex Submariner,Asia - Southeastern,2021,5367.77
Samsung QLED TV,Europe - Eastern,2022,9292.42
Herman Miller Chair,Africa - Eastern,2021,2236.94
LG OLED TV,Oceania - New Zealand,2023,2048.99
Microsoft Surface Pro,Asia - Southern,2022,2091.4
LG OLED TV,Latin America - Southern,2019,4958.33
Adidas Ultraboost,Africa - Western,2020,184.03
Google Pixel 7,Middle East - Levant,2019,3166.39
Levi's 501 Jeans,Europe - Western,2020,216.46
Nike Air Force 1,Africa - Eastern,2020,202.86
Rolex Submariner,North America - Central,2021,12563.16
Dell XPS 13,North America - East,2022,9591.02
Breville Coffee Maker,Europe - Northern,2020,545.2
MacBook Air M2,Latin America - Southern,2022,3311.75
Pottery Barn Dining Table,Middle East - Gulf,2024,8320.04
MacBook Air M2,North America - West,2023,12883.11
Nike Air Force 1,Asia - Southern,2020,282.84
Dell XPS 13,North America - West,2019,7715.74
Pottery Barn Dining Table,North America - East,2021,7166.96
Breville Coffee Maker,Europe - Western,2019,492.63
Dyson V11 Vacuum,North America - East,2023,5160.6
Nike Air Force 1,Asia - Eastern,2021,173.94
Nintendo Switch OLED,Europe - Southern,2022,2525.58
West Elm Sofa,Oceania - Australia,2021,7311.59
MacBook Air M2,Africa - Southern,2022,5518.32
Vitamix Blender,Middle East - Levant,2021,2396.96
Canon EOS R6,Latin America - Northern,2022,4600.72
Vitamix Blender,Latin America - Central,2020,1653.01
Levi's 501 Jeans,Latin America - Northern,2023,152.46
Google Pixel 7,Latin America - Northern,2021,381.41
Nespresso Vertuo,Europe - Eastern,2023,498.9
Nike Air Force 1,Middle East - Gulf,2023,640.54
Xbox Series X,Asia - Southeastern,2019,3569.34
Ray-Ban Aviators,Oceania - New Zealand,2020,546.14
Pottery Barn Dining Table,Oceania - Australia,2023,1423.15
Instant Pot Pro,Middle East - Levant,2021,717.65
Sony WH-1000XM5,North America - Central,2021,952.79
Canon EOS R6,Africa - Eastern,2024,3050.88
Google Pixel 7,Europe - Western,2020,2442.76
Samsung QLED TV,Oceania - New Zealand,2022,14220.7
Sony WH-1000XM5,Oceania - New Zealand,2020,1826.83
Vitamix Blender,Middle East - Levant,2024,1040.84
IKEA Billy Bookcase,Asia - Southeastern,2022,117.13
iPhone 14 Pro,Europe - Southern,2023,6409.06
Samsung QLED TV,Europe - Eastern,2023,9187.86
Nike Air Force 1,Europe - Western,2024,864.81
Nintendo Switch OLED,Latin America - Southern,2024,2083.81
Dell XPS 13,Middle East - Levant,2021,3953.65
Sony WH-1000XM5,Africa - Eastern,2023,1089.62
Samsung QLED TV,Europe - Northern,2020,9376.48
Xbox Series X,Europe - Southern,2024,1153.46
Apple Watch Series 8,Africa - Eastern,2023,1247.14
Google Pixel 7,Africa - Southern,2022,1513.5
Ninja Air Fryer,Middle East - Levant,2019,195.51
KitchenAid Mixer,North America - East,2021,3640.51
Dell XPS 13,Europe - Eastern,2024,5149.78
PlayStation 5,Africa - Western,2023,452.18
Nike Air Force 1,Latin America - Southern,2022,382.84
Canon EOS R6,Asia - Eastern,2021,2090.77
Lululemon Align Leggings,Europe - Eastern,2019,377.53
KitchenAid Mixer,Asia - Eastern,2022,515.31
KitchenAid Mixer,Europe - Eastern,2024,1738.82
Instant Pot Pro,Africa - Western,2024,259.49
Xbox Series X,Africa - Western,2019,470.29
MacBook Air M2,Oceania - New Zealand,2024,7328.59
Samsung Galaxy S23,Africa - Southern,2021,3639.36
Sony WH-1000XM5,Asia - Southern,2021,2354.06
KitchenAid Mixer,Africa - Eastern,2021,398.02
Levi's 501 Jeans,Middle East - Gulf,2019,378.47
Dell XPS 13,Europe - Eastern,2020,7304.93
Microsoft Surface Pro,Africa - Southern,2024,8168.2
Pottery Barn Dining Table,Oceania - New Zealand,2024,5006.81
Google Pixel 7,Asia - Southern,2023,3174.1
AirPods Pro,Africa - Eastern,2023,1231.12
Xbox Series X,Oceania - Australia,2020,1598.59
Nespresso Vertuo,Africa - Western,2020,537.09
IKEA Billy Bookcase,Oceania - Australia,2021,426.93
Google Pixel 7,Asia - Eastern,2021,4864.97
Canon EOS R6,Asia - Southeastern,2022,8390.23
Roomba i7+,Latin America - Central,2023,2613.82
Levi's 501 Jeans,Europe - Western,2020,216.46
PlayStation 5,Europe - Northern,2024,613.03
LG OLED TV,Europe - Eastern,2019,4655.04
Nespresso Vertuo,Africa - Southern,2022,1006.5
Tempur-Pedic Mattress,Africa - Western,2023,1389.55
Rolex Submariner,North America - Central,2022,31987.31
AirPods Pro,Asia - Southern,2024,969.21
Dell XPS 13,Asia - Southern,2020,3011.69
AirPods Pro,Latin America - Central,2019,977.11
Samsung Galaxy S23,Oceania - New Zealand,2021,3862.09
Nespresso Vertuo,Africa - Eastern,2021,372.71
Sony WH-1000XM5,Oceania - Australia,2022,2255.82
Dell XPS 13,Europe - Northern,2021,2368.4
MacBook Air M2,North America - Central,2024,12445.82
Nintendo Switch OLED,Oceania - Australia,2019,1644.71
Rolex Submariner,Oceania - New Zealand,2024,79414.17
Nintendo Switch OLED,Middle East - Gulf,2023,2979.71
Samsung Galaxy S23,North America - West,2020,4807.77
Sony WH-1000XM5,Africa - Eastern,2022,707.08
Rolex Submariner,Latin America - Central,2023,28246.35
Ninja Air Fryer,Oceania - Australia,2021,685.99
Xbox Series X,Middle East - Levant,2022,2255.12
iPad Pro,Europe - Eastern,2022,2193.87
Adidas Ultraboost,North America - East,2024,1745.75
West Elm Sofa,Middle East - Levant,2023,11550.33
Roomba i7+,Latin America - Central,2020,1260.53
Samsung Galaxy S23,Middle East - Gulf,2024,4224.82
AirPods Pro,North America - West,2020,364.44
Google Pixel 7,Asia - Southern,2023,3174.1
Xbox Series X,North America - East,2021,2800.4
KitchenAid Mixer,Africa - Southern,2024,1610.86
Ninja Air Fryer,Africa - Western,2021,56.96
Nike Air Force 1,Asia - Eastern,2024,169.16
MacBook Air M2,Africa - Eastern,2022,5290.41
Canon EOS R6,Africa - Southern,2019,11017.78
Dell XPS 13,North America - West,2022,4790.68
Levi's 501 Jeans,Africa - Western,2022,114.32
AirPods Pro,Asia - Eastern,2022,819.62
Sony WH-1000XM5,Middle East - Levant,2023,357.96
PlayStation 5,North America - West,2020,4722.01
Dyson V11 Vacuum,Middle East - Levant,2022,986.0
iPad Pro,Asia - Eastern,2020,853.35
AirPods Pro,Europe - Eastern,2023,1990.17
Instant Pot Pro,Asia - Southeastern,2023,696.54
Tempur-Pedic Mattress,Latin America - Southern,2023,11671.02
Adidas Ultraboost,Europe - Northern,2021,1006.56
GoPro Hero 11,Latin America - Northern,2022,234.6
Dell XPS 13,Latin America - Central,2023,5976.53
Sony WH-1000XM5,Oceania - New Zealand,2022,543.92
Canon EOS R6,Europe - Northern,2022,25718.1
Dyson V11 Vacuum,Oceania - Australia,2020,2670.72
Lululemon Align Leggings,Africa - Western,2024,330.76
AirPods Pro,North America - Central,2021,1802.56
Breville Coffee Maker,Middle East - Gulf,2021,227.35
Dyson V11 Vacuum,Asia - Eastern,2024,610.07
Samsung QLED TV,Latin America - Northern,2021,2090.28
Canon EOS R6,Africa - Western,2022,6609.66
Ninja Air Fryer,Europe - Eastern,2019,94.6
AirPods Pro,North America - West,2023,712.2
Rolex Submariner,Middle East - Gulf,2022,12891.42
Instant Pot Pro,Europe - Western,2023,841.94
Pottery Barn Dining Table,Oceania - Australia,2020,6192.19
MacBook Air M2,Europe - Southern,2022,4566.93
Apple Watch Series 8,Asia - Southern,2023,664.38
Xbox Series X,Oceania - New Zealand,2020,3440.43
Pottery Barn Dining Table,Asia - Eastern,2024,6091.21
Nespresso Vertuo,Latin America - Northern,2021,247.35
KitchenAid Mixer,Asia - Southern,2020,1354.84
Apple Watch Series 8,Latin America - Central,2023,1124.64
Roomba i7+,Europe - Southern,2020,4436.89
Herman Miller Chair,Latin America - Southern,2020,672.49
Nintendo Switch OLED,Middle East - Levant,2021,533.56
iPad Pro,North America - West,2024,13939.4
Samsung Galaxy S23,Africa - Eastern,2023,1883.54
Nike Air Force 1,Africa - Southern,2023,59.01
Nintendo Switch OLED,Asia - Eastern,2022,2392.07
Microsoft Surface Pro,Africa - Southern,2022,3815.52
iPhone 14 Pro,Asia - Southern,2022,4246.91
West Elm Sofa,Middle East - Levant,2021,2905.77
AirPods Pro,Middle East - Gulf,2019,504.97
Nespresso Vertuo,Europe - Eastern,2019,104.82
PlayStation 5,Latin America - Central,2022,821.6
Samsung Galaxy S23,Middle East - Levant,2022,759.43
Google Pixel 7,Europe - Western,2024,1670.54
Microsoft Surface Pro,Europe - Southern,2024,7850.86
Xbox Series X,Latin America - Central,2020,1801.61
Herman Miller Chair,Asia - Southern,2020,3277.11
Google Pixel 7,Latin America - Central,2019,1284.04
Adidas Ultraboost,North America - Central,2019,167.83
Dell XPS 13,North America - East,2020,4240.72
Xbox Series X,North America - Central,2021,2442.33
LG OLED TV,Africa - Southern,2024,1514.18
Instant Pot Pro,Middle East - Levant,2023,116.76
Tempur-Pedic Mattress,Africa - Western,2022,3666.8
GoPro Hero 11,Latin America - Central,2021,586.81
KitchenAid Mixer,North America - West,2024,4193.26
Google Pixel 7,North America - West,2019,3576.65
Vitamix Blender,Latin America - Southern,2024,2588.95
Herman Miller Chair,Asia - Eastern,2023,4435.94
Instant Pot Pro,Europe - Northern,2023,1267.25
Dell XPS 13,North America - West,2024,4171.34
Nespresso Vertuo,Latin America - Central,2024,566.68
Instant Pot Pro,Asia - Southern,2021,346.16
Canon EOS R6,Africa - Eastern,2021,7321.36
Apple Watch Series 8,Europe - Northern,2024,323.23
Nintendo Switch OLED,Latin America - Central,2019,740.63
Adidas Ultraboost,Oceania - New Zealand,2020,925.52
Breville Coffee Maker,Asia - Southeastern,2021,166.81
West Elm Sofa,Africa - Eastern,2022,5289.17
Levi's 501 Jeans,Europe - Northern,2023,238.82
Canon EOS R6,Oceania - New Zealand,2024,11627.74
Rolex Submariner,Europe - Eastern,2020,18520.02
Adidas Ultraboost,Africa - Western,2019,62.92
Nespresso Vertuo,Europe - Northern,2022,944.77
KitchenAid Mixer,Europe - Western,2019,1291.33
PlayStation 5,Latin America - Southern,2022,2484.63
Vitamix Blender,Asia - Eastern,2021,657.65
Microsoft Surface Pro,North America - West,2022,16052.89
Xbox Series X,North America - Central,2020,1078.52
Samsung Galaxy S23,Europe - Northern,2020,1682.55
Apple Watch Series 8,Asia - Southern,2024,1804.53
iPhone 14 Pro,Africa - Eastern,2023,3921.04
Instant Pot Pro,Africa - Southern,2021,582.55
Lululemon Align Leggings,Europe - Southern,2024,212.1
Roomba i7+,Oceania - Australia,2021,3860.82
Apple Watch Series 8,Latin America - Central,2022,208.62
Tempur-Pedic Mattress,Europe - Southern,2022,9987.08
West Elm Sofa,Latin America - Southern,2021,4544.93
iPhone 14 Pro,Latin America - Northern,2023,5317.64
GoPro Hero 11,Africa - Eastern,2021,929.66
Sony WH-1000XM5,Africa - Southern,2021,1079.93
Dyson V11 Vacuum,Middle East - Gulf,2023,2486.73
Lululemon Align Leggings,Latin America - Central,2019,236.35
Herman Miller Chair,Asia - Southern,2021,2022.09
AirPods Pro,Middle East - Levant,2021,416.39
Samsung Galaxy S23,Europe - Northern,2021,6560.98
Lululemon Align Leggings,Oceania - New Zealand,2024,500.55
Lululemon Align Leggings,Asia - Southern,2022,57.08
Google Pixel 7,Latin America - Central,2020,1528.87
Levi's 501 Jeans,Oceania - New Zealand,2021,450.49
Canon EOS R6,Middle East - Levant,2022,10747.3
Vitamix Blender,Middle East - Gulf,2023,2310.87
Nintendo Switch OLED,Europe - Eastern,2022,2282.48
GoPro Hero 11,Middle East - Levant,2023,1135.79
GoPro Hero 11,North America - East,2022,4445.16
Google Pixel 7,Europe - Southern,2019,1001.25
Ray-Ban Aviators,Latin America - Northern,2021,163.99
Dyson V11 Vacuum,Oceania - Australia,2024,3296.75
Nike Air Force 1,Asia - Southeastern,2021,414.46
Nespresso Vertuo,Oceania - Australia,2024,1175.26
LG OLED TV,Middle East - Levant,2019,1185.23
Pottery Barn Dining Table,Europe - Northern,2022,7582.31
Breville Coffee Maker,Latin America - Southern,2023,509.6
LG OLED TV,Europe - Northern,2024,7206.97
Pottery Barn Dining Table,North America - East,2019,2718.71
Dyson V11 Vacuum,Oceania - New Zealand,2024,4705.63
Dyson V11 Vacuum,Latin America - Central,2020,1767.49
Breville Coffee Maker,Europe - Western,2024,2959.5
Instant Pot Pro,Africa - Southern,2020,427.19
Sony WH-1000XM5,Middle East - Gulf,2023,1884.59
Nespresso Vertuo,Latin America - Central,2022,118.84
Lululemon Align Leggings,Asia - Eastern,2024,254.65
Nintendo Switch OLED,Europe - Northern,2021,1363.07
Ray-Ban Aviators,Oceania - New Zealand,2019,107.57
Instant Pot Pro,Europe - Southern,2023,295.21
Dell XPS 13,Africa - Southern,2021,3838.46
PlayStation 5,Africa - Eastern,2020,968.1
Samsung Galaxy S23,Europe - Southern,2020,1572.4
Levi's 501 Jeans,Europe - Southern,2024,251.24
Microsoft Surface Pro,Africa - Eastern,2023,6018.33
IKEA Billy Bookcase,Oceania - New Zealand,2023,642.23
KitchenAid Mixer,Asia - Southeastern,2021,2209.1
Dell XPS 13,Africa - Western,2024,2066.03
Nespresso Vertuo,Asia - Southern,2021,329.86
Rolex Submariner,Latin America - Southern,2023,25840.26
Nespresso Vertuo,Latin America - Southern,2019,448.07
Pottery Barn Dining Table,North America - West,2019,5940.54
Nike Air Force 1,Africa - Eastern,2019,199.18
Ray-Ban Aviators,North America - Central,2019,265.17
Ninja Air Fryer,Middle East - Gulf,2022,1026.48
West Elm Sofa,Europe - Northern,2024,7383.61
GoPro Hero 11,Africa - Southern,2022,307.46
Levi's 501 Jeans,Asia - Southern,2022,328.17
LG OLED TV,Latin America - Central,2022,4095.92
Breville Coffee Maker,North America - Central,2022,788.62
Lululemon Align Leggings,Africa - Eastern,2019,149.57
Nintendo Switch OLED,Europe - Eastern,2021,2233.96
Apple Watch Series 8,Asia - Eastern,2024,1580.27
AirPods Pro,Asia - Southeastern,2020,918.3
Pottery Barn Dining Table,Latin America - Central,2022,679.55
PlayStation 5,Europe - Southern,2020,2287.03
Adidas Ultraboost,Africa - Eastern,2024,134.59
Ninja Air Fryer,Latin America - Central,2024,281.24
Dell XPS 13,Africa - Eastern,2022,3642.22
KitchenAid Mixer,North America - East,2024,2639.2
Google Pixel 7,Europe - Northern,2020,2996.72
GoPro Hero 11,Europe - Western,2022,516.26
Microsoft Surface Pro,Africa - Southern,2024,8168.2
Levi's 501 Jeans,Latin America - Southern,2020,138.48
Instant Pot Pro,Latin America - Central,2023,546.54
Samsung Galaxy S23,North America - East,2024,2470.58
West Elm Sofa,Europe - Western,2020,3804.33
Vitamix Blender,Europe - Western,2023,1458.04
Tempur-Pedic Mattress,Europe - Eastern,2023,13557.44
Google Pixel 7,North America - Central,2020,4347.25
Samsung Galaxy S23,Oceania - New Zealand,2023,2060.72
Samsung Galaxy S23,North America - East,2022,10690.96
LG OLED TV,Asia - Eastern,2020,6358.16
IKEA Billy Bookcase,Asia - Southern,2022,66.74
Nintendo Switch OLED,Latin America - Central,2019,740.63
Nespresso Vertuo,Europe - Eastern,2019,104.82
Levi's 501 Jeans,Asia - Eastern,2019,145.96
IKEA Billy Bookcase,Asia - Eastern,2023,282.59
PlayStation 5,Europe - Southern,2023,2941.52
GoPro Hero 11,Africa - Southern,2021,498.52
West Elm Sofa,Asia - Southern,2019,5391.45
Herman Miller Chair,Europe - Southern,2021,6548.59
Xbox Series X,Oceania - New Zealand,2019,465.28
IKEA Billy Bookcase,Europe - Western,2020,495.21
MacBook Air M2,Latin America - Southern,2024,9175.14
Xbox Series X,North America - Central,2020,1078.52
Instant Pot Pro,Europe - Southern,2023,295.21
Dyson V11 Vacuum,Middle East - Gulf,2022,1233.88
Xbox Series X,Oceania - Australia,2019,1797.25
Rolex Submariner,Latin America - Central,2024,33302.22
Nike Air Force 1,Europe - Southern,2024,54.92
West Elm Sofa,North America - East,2022,9785.12
Microsoft Surface Pro,Asia - Eastern,2024,4225.53
PlayStation 5,Europe - Eastern,2024,1060.27
Apple Watch Series 8,Oceania - New Zealand,2020,748.15
West Elm Sofa,North America - East,2024,19730.06
Ninja Air Fryer,Europe - Northern,2020,590.09
Adidas Ultraboost,Europe - Western,2019,660.18
Breville Coffee Maker,Latin America - Central,2022,1338.97
Samsung QLED TV,Latin America - Southern,2022,8722.37
Nespresso Vertuo,Oceania - New Zealand,2023,573.93
Lululemon Align Leggings,Europe - Southern,2021,314.6
Rolex Submariner,Europe - Western,2024,65856.49
Ninja Air Fryer,Oceania - New Zealand,2023,1195.82
Adidas Ultraboost,Europe - Northern,2023,235.26
Canon EOS R6,Europe - Northern,2020,16988.74
Nintendo Switch OLED,Middle East - Gulf,2024,3191.93
iPhone 14 Pro,Africa - Southern,2021,1416.06
Canon EOS R6,Europe - Eastern,2019,4438.73
Apple Watch Series 8,Europe - Western,2023,2543.67
Vitamix Blender,Asia - Eastern,2020,626.85
KitchenAid Mixer,Europe - Western,2019,1291.33
Apple Watch Series 8,Oceania - Australia,2023,762.09
Herman Miller Chair,North America - Central,2020,2314.06
Xbox Series X,Middle East - Gulf,2023,555.28
Microsoft Surface Pro,North America - West,2022,16052.89
Vitamix Blender,Middle East - Gulf,2021,411.16
Samsung QLED TV,Latin America - Central,2022,5066.14
PlayStation 5,Latin America - Central,2021,1965.39
Samsung Galaxy S23,Europe - Western,2021,6766.26
Ray-Ban Aviators,Oceania - Australia,2022,326.74
LG OLED TV,Latin America - Central,2019,2902.26
Levi's 501 Jeans,Latin America - Southern,2023,49.62
Canon EOS R6,Oceania - New Zealand,2022,26698.6
Microsoft Surface Pro,Africa - Eastern,2024,6157.19
iPad Pro,North America - Central,2020,4847.38
Nintendo Switch OLED,Middle East - Levant,2020,1435.59
Vitamix Blender,Latin America - Central,2020,1653.01
Tempur-Pedic Mattress,Middle East - Gulf,2022,8005.11
Instant Pot Pro,Europe - Eastern,2022,503.63
Dyson V11 Vacuum,Middle East - Levant,2024,1697.57
IKEA Billy Bookcase,Latin America - Northern,2024,280.6
Nespresso Vertuo,Europe - Western,2021,589.04
Xbox Series X,Africa - Western,2019,470.29
Ninja Air Fryer,Middle East - Levant,2022,727.22
Nintendo Switch OLED,Europe - Northern,2019,1950.51
Pottery Barn Dining Table,Oceania - New Zealand,2020,6990.66
AirPods Pro,Asia - Southeastern,2019,181.7
Lululemon Align Leggings,Africa - Eastern,2022,164.02
Ray-Ban Aviators,Africa - Western,2022,70.08
Google Pixel 7,Asia - Southern,2022,490.29
Tempur-Pedic Mattress,Asia - Eastern,2024,10444.14
PlayStation 5,Africa - Eastern,2020,968.1
Google Pixel 7,Africa - Eastern,2021,1472.31
Breville Coffee Maker,North America - East,2020,1982.83
LG OLED TV,North America - East,2022,14769.05
West Elm Sofa,Asia - Southern,2024,5680.02
Dell XPS 13,Europe - Western,2020,3452.02
Breville Coffee Maker,Asia - Southern,2023,1901.05
Nintendo Switch OLED,Middle East - Gulf,2023,2979.71
GoPro Hero 11,North America - East,2024,2345.03
PlayStation 5,North America - Central,2024,644.12
Ninja Air Fryer,Europe - Eastern,2024,153.17
Adidas Ultraboost,North America - Central,2022,504.76
iPad Pro,Latin America - Central,2023,3691.94
Canon EOS R6,North America - Central,2024,4626.24
Rolex Submariner,Africa - Eastern,2023,6059.89
Nike Air Force 1,North America - West,2019,147.79
Roomba i7+,Europe - Western,2021,7910.45
West Elm Sofa,Middle East - Levant,2020,1112.47
Sony WH-1000XM5,Asia - Southeastern,2024,2270.96
Google Pixel 7,Asia - Eastern,2019,2046.8
MacBook Air M2,Latin America - Central,2019,1994.37
iPhone 14 Pro,Latin America - Central,2023,4324.95
Nintendo Switch OLED,Middle East - Levant,2019,227.21
Google Pixel 7,Middle East - Gulf,2024,3416.67
Roomba i7+,Asia - Southern,2021,3662.94
Adidas Ultraboost,Asia - Southeastern,2021,506.78
Ninja Air Fryer,Middle East - Levant,2021,558.98
West Elm Sofa,Europe - Western,2024,6653.45
Apple Watch Series 8,Middle East - Gulf,2022,1151.83
Samsung Galaxy S23,Europe - Western,2024,6294.9
Breville Coffee Maker,Asia - Southern,2023,1901.05
KitchenAid Mixer,Africa - Eastern,2021,398.02
Ray-Ban Aviators,Europe - Eastern,2024,555.52
KitchenAid Mixer,Latin America - Southern,2019,730.29
Nintendo Switch OLED,North America - West,2024,2566.71
Dell XPS 13,Asia - Southern,2023,6201.98
Nintendo Switch OLED,Africa - Southern,2023,469.11
West Elm Sofa,Asia - Southern,2021,2690.0
Nespresso Vertuo,Africa - Eastern,2024,88.63
Instant Pot Pro,Latin America - Northern,2023,65.42
MacBook Air M2,Latin America - Central,2023,6489.21
Sony WH-1000XM5,Africa - Southern,2019,1597.08
Xbox Series X,Oceania - Australia,2024,1535.89
Breville Coffee Maker,Africa - Southern,2024,1930.61
KitchenAid Mixer,Africa - Southern,2024,1610.86
AirPods Pro,North America - Central,2024,3215.77
Dell XPS 13,North America - Central,2022,2761.9
West Elm Sofa,Africa - Western,2023,8316.3
Samsung Galaxy S23,Latin America - Central,2019,3628.17
Nintendo Switch OLED,Europe - Northern,2021,1363.07
iPad Pro,Latin America - Southern,2023,4635.47
Tempur-Pedic Mattress,Africa - Western,2019,2828.26
Microsoft Surface Pro,Asia - Eastern,2020,8260.46
iPad Pro,Europe - Eastern,2022,2193.87
Ray-Ban Aviators,Oceania - New Zealand,2020,546.14
Lululemon Align Leggings,Oceania - New Zealand,2021,112.24
Pottery Barn Dining Table,Middle East - Gulf,2021,1090.37
Vitamix Blender,North America - East,2023,2242.32
Roomba i7+,Africa - Eastern,2024,2684.73
Xbox Series X,Asia - Southeastern,2023,1367.3
Roomba i7+,Asia - Southern,2024,1282.36
Levi's 501 Jeans,Africa - Southern,2019,206.35
Pottery Barn Dining Table,Middle East - Levant,2023,7458.49
Roomba i7+,Europe - Northern,2020,540.05
Dyson V11 Vacuum,Africa - Eastern,2024,2052.63
Levi's 501 Jeans,Latin America - Southern,2022,389.83
iPhone 14 Pro,Oceania - New Zealand,2022,5169.21
AirPods Pro,Africa - Southern,2021,342.0
iPhone 14 Pro,North America - East,2021,5214.72
IKEA Billy Bookcase,Africa - Southern,2021,370.89
LG OLED TV,North America - East,2019,2841.76
Breville Coffee Maker,Europe - Northern,2022,845.0
Nike Air Force 1,Europe - Southern,2021,355.32
Samsung Galaxy S23,Latin America - Northern,2024,3240.63
AirPods Pro,Oceania - New Zealand,2020,433.4
GoPro Hero 11,Oceania - Australia,2021,3511.82
Nespresso Vertuo,Asia - Eastern,2022,1069.43
iPad Pro,Africa - Western,2022,2346.86
Sony WH-1000XM5,North America - East,2022,4309.27
Adidas Ultraboost,North America - West,2021,428.14
IKEA Billy Bookcase,Middle East - Levant,2020,39.59
IKEA Billy Bookcase,Asia - Southern,2024,123.29
Samsung Galaxy S23,Africa - Eastern,2023,1883.54
Canon EOS R6,Asia - Southeastern,2021,16408.7
Samsung Galaxy S23,Africa - Southern,2020,1383.55
Instant Pot Pro,North America - West,2022,981.51
Lululemon Align Leggings,North America - West,2021,543.39
Rolex Submariner,North America - Central,2021,12563.16
Dell XPS 13,Africa - Eastern,2022,3642.22
West Elm Sofa,Africa - Eastern,2021,4764.0
PlayStation 5,North America - Central,2020,1174.33
Apple Watch Series 8,Europe - Western,2022,745.8
Instant Pot Pro,Europe - Eastern,2021,404.06
Adidas Ultraboost,Latin America - Southern,2020,387.76
Pottery Barn Dining Table,Africa - Eastern,2023,4986.28
Nintendo Switch OLED,Europe - Western,2022,1187.55
West Elm Sofa,Africa - Western,2022,2546.44
Samsung Galaxy S23,Asia - Eastern,2022,4708.1
Nintendo Switch OLED,Asia - Southeastern,2023,2045.31
Samsung Galaxy S23,North America - West,2023,6569.48
West Elm Sofa,Asia - Southern,2023,8055.18
Dell XPS 13,Latin America - Northern,2023,3290.71
Roomba i7+,Oceania - New Zealand,2021,774.51
PlayStation 5,Middle East - Gulf,2019,1645.14
Roomba i7+,Latin America - Southern,2019,2176.43
Instant Pot Pro,Asia - Eastern,2021,83.35
Tempur-Pedic Mattress,Asia - Southeastern,2024,4456.29
Lululemon Align Leggings,Africa - Southern,2022,297.16
Pottery Barn Dining Table,Asia - Southeastern,2021,7998.11
iPad Pro,Asia - Southern,2023,10098.03
AirPods Pro,Africa - Southern,2022,477.6
KitchenAid Mixer,North America - West,2020,645.32
Rolex Submariner,North America - Central,2023,17138.7
Dyson V11 Vacuum,Middle East - Levant,2020,2393.14
Adidas Ultraboost,Asia - Southeastern,2020,86.01
KitchenAid Mixer,Oceania - New Zealand,2023,3899.51
Apple Watch Series 8,Latin America - Northern,2023,645.59
Nespresso Vertuo,Europe - Eastern,2022,279.42
Nespresso Vertuo,Asia - Southeastern,2022,425.5
Ninja Air Fryer,Africa - Southern,2020,244.77
Microsoft Surface Pro,Africa - Western,2021,3398.48
West Elm Sofa,Latin America - Southern,2024,7554.91
Google Pixel 7,Europe - Western,2019,1339.81
PlayStation 5,North America - East,2021,6148.63
Ninja Air Fryer,Africa - Eastern,2023,370.49
iPad Pro,Europe - Eastern,2020,4680.08
Instant Pot Pro,Europe - Southern,2019,655.09
Ray-Ban Aviators,Europe - Eastern,2020,436.23
LG OLED TV,Europe - Southern,2022,1380.07
Sony WH-1000XM5,North America - West,2020,809.77
Tempur-Pedic Mattress,North America - Central,2021,1905.55
Ray-Ban Aviators,Oceania - Australia,2023,295.59
Nintendo Switch OLED,Africa - Western,2021,515.64
PlayStation 5,Africa - Eastern,2021,1204.23
Dell XPS 13,North America - West,2021,8186.31
iPhone 14 Pro,North America - East,2019,2540.44
Canon EOS R6,Europe - Southern,2019,12435.51
Apple Watch Series 8,Europe - Southern,2020,1837.49
Xbox Series X,Africa - Western,2024,1680.59
Ninja Air Fryer,Asia - Southeastern,2023,1047.85
iPad Pro,Middle East - Levant,2023,2484.44
Samsung QLED TV,Europe - Western,2022,11137.76
Adidas Ultraboost,Europe - Eastern,2020,310.55
Canon EOS R6,North America - East,2021,7453.52
Instant Pot Pro,North America - Central,2021,504.59
Nike Air Force 1,Latin America - Central,2023,141.56
Samsung Galaxy S23,Middle East - Gulf,2024,4224.82
